2026-03-08 18:34:32,874:WARNING:
'cuml' is a soft dependency and not included in the pycaret installation. Please run: `pip install cuml` to install.
2026-03-08 18:34:32,874:WARNING:
'cuml' is a soft dependency and not included in the pycaret installation. Please run: `pip install cuml` to install.
2026-03-08 18:34:32,874:WARNING:
'cuml' is a soft dependency and not included in the pycaret installation. Please run: `pip install cuml` to install.
2026-03-08 18:34:32,874:WARNING:
'cuml' is a soft dependency and not included in the pycaret installation. Please run: `pip install cuml` to install.
2026-03-08 18:34:33,132:INFO:PyCaret RegressionExperiment
2026-03-08 18:34:33,132:INFO:Logging name: reg-default-name
2026-03-08 18:34:33,132:INFO:ML Usecase: MLUsecase.REGRESSION
2026-03-08 18:34:33,132:INFO:version 3.3.2
2026-03-08 18:34:33,132:INFO:Initializing setup()
2026-03-08 18:34:33,132:INFO:self.USI: 22b9
2026-03-08 18:34:33,132:INFO:self._variable_keys: {'exp_name_log', 'gpu_param', 'gpu_n_jobs_param', 'html_param', 'fold_generator', '_available_plots', 'memory', 'USI', 'n_jobs_param', 'data', 'log_plots_param', 'seed', 'logging_param', 'fold_groups_param', '_ml_usecase', 'fold_shuffle_param', 'y', 'y_train', 'idx', 'X_train', 'target_param', 'pipeline', 'transform_target_param', 'y_test', 'X_test', 'X', 'exp_id'}
2026-03-08 18:34:33,132:INFO:Checking environment
2026-03-08 18:34:33,132:INFO:python_version: 3.10.6
2026-03-08 18:34:33,132:INFO:python_build: ('v3.10.6:9c7b4bd164', 'Aug  1 2022 17:13:48')
2026-03-08 18:34:33,132:INFO:machine: arm64
2026-03-08 18:34:33,152:INFO:platform: macOS-14.3-arm64-arm-64bit
2026-03-08 18:34:33,152:INFO:Memory: svmem(total=19327352832, available=4933337088, percent=74.5, used=7248363520, free=49020928, active=4899880960, inactive=4865654784, wired=2348482560)
2026-03-08 18:34:33,152:INFO:Physical Core: 11
2026-03-08 18:34:33,153:INFO:Logical Core: 11
2026-03-08 18:34:33,153:INFO:Checking libraries
2026-03-08 18:34:33,153:INFO:System:
2026-03-08 18:34:33,153:INFO:    python: 3.10.6 (v3.10.6:9c7b4bd164, Aug  1 2022, 17:13:48) [Clang 13.0.0 (clang-1300.0.29.30)]
2026-03-08 18:34:33,153:INFO:executable: /Users/lisanguyen/Documents/MLOps-project/.venv/bin/python
2026-03-08 18:34:33,153:INFO:   machine: macOS-14.3-arm64-arm-64bit
2026-03-08 18:34:33,153:INFO:PyCaret required dependencies:
2026-03-08 18:36:13,194:WARNING:
'cuml' is a soft dependency and not included in the pycaret installation. Please run: `pip install cuml` to install.
2026-03-08 18:36:13,194:WARNING:
'cuml' is a soft dependency and not included in the pycaret installation. Please run: `pip install cuml` to install.
2026-03-08 18:36:13,194:WARNING:
'cuml' is a soft dependency and not included in the pycaret installation. Please run: `pip install cuml` to install.
2026-03-08 18:36:13,195:WARNING:
'cuml' is a soft dependency and not included in the pycaret installation. Please run: `pip install cuml` to install.
2026-03-08 18:36:13,290:INFO:PyCaret RegressionExperiment
2026-03-08 18:36:13,290:INFO:Logging name: reg-default-name
2026-03-08 18:36:13,290:INFO:ML Usecase: MLUsecase.REGRESSION
2026-03-08 18:36:13,290:INFO:version 3.3.2
2026-03-08 18:36:13,290:INFO:Initializing setup()
2026-03-08 18:36:13,290:INFO:self.USI: 70e7
2026-03-08 18:36:13,290:INFO:self._variable_keys: {'transform_target_param', 'X', 'logging_param', '_ml_usecase', 'n_jobs_param', 'html_param', 'memory', 'exp_name_log', 'y_train', 'X_test', 'fold_generator', 'gpu_param', 'target_param', 'y_test', 'seed', 'gpu_n_jobs_param', 'exp_id', 'y', 'data', 'X_train', '_available_plots', 'USI', 'pipeline', 'fold_groups_param', 'fold_shuffle_param', 'idx', 'log_plots_param'}
2026-03-08 18:36:13,290:INFO:Checking environment
2026-03-08 18:36:13,290:INFO:python_version: 3.10.6
2026-03-08 18:36:13,290:INFO:python_build: ('v3.10.6:9c7b4bd164', 'Aug  1 2022 17:13:48')
2026-03-08 18:36:13,290:INFO:machine: arm64
2026-03-08 18:36:13,300:INFO:platform: macOS-14.3-arm64-arm-64bit
2026-03-08 18:36:13,300:INFO:Memory: svmem(total=19327352832, available=4909875200, percent=74.6, used=7257194496, free=66011136, active=4852940800, inactive=4753981440, wired=2404253696)
2026-03-08 18:36:13,300:INFO:Physical Core: 11
2026-03-08 18:36:13,300:INFO:Logical Core: 11
2026-03-08 18:36:13,300:INFO:Checking libraries
2026-03-08 18:36:13,300:INFO:System:
2026-03-08 18:36:13,300:INFO:    python: 3.10.6 (v3.10.6:9c7b4bd164, Aug  1 2022, 17:13:48) [Clang 13.0.0 (clang-1300.0.29.30)]
2026-03-08 18:36:13,300:INFO:executable: /Users/lisanguyen/Documents/MLOps-project/.venv/bin/python
2026-03-08 18:36:13,300:INFO:   machine: macOS-14.3-arm64-arm-64bit
2026-03-08 18:36:13,300:INFO:PyCaret required dependencies:
2026-03-08 18:36:13,645:INFO:                 pip: 22.2.1
2026-03-08 18:36:13,645:INFO:          setuptools: 63.2.0
2026-03-08 18:36:13,645:INFO:             pycaret: 3.3.2
2026-03-08 18:36:13,645:INFO:             IPython: 8.38.0
2026-03-08 18:36:13,645:INFO:          ipywidgets: 8.1.8
2026-03-08 18:36:13,645:INFO:                tqdm: 4.67.3
2026-03-08 18:36:13,645:INFO:               numpy: 1.26.4
2026-03-08 18:36:13,645:INFO:              pandas: 2.1.4
2026-03-08 18:36:13,645:INFO:              jinja2: 3.1.6
2026-03-08 18:36:13,645:INFO:               scipy: 1.11.4
2026-03-08 18:36:13,645:INFO:              joblib: 1.3.2
2026-03-08 18:36:13,645:INFO:             sklearn: 1.4.2
2026-03-08 18:36:13,645:INFO:                pyod: 2.0.7
2026-03-08 18:36:13,645:INFO:            imblearn: 0.14.1
2026-03-08 18:36:13,645:INFO:   category_encoders: 2.7.0
2026-03-08 18:36:13,645:INFO:            lightgbm: 4.6.0
2026-03-08 18:36:13,645:INFO:               numba: 0.64.0
2026-03-08 18:36:13,645:INFO:            requests: 2.32.5
2026-03-08 18:36:13,645:INFO:          matplotlib: 3.7.5
2026-03-08 18:36:13,645:INFO:          scikitplot: 0.3.7
2026-03-08 18:36:13,645:INFO:         yellowbrick: 1.5
2026-03-08 18:36:13,645:INFO:              plotly: 6.6.0
2026-03-08 18:36:13,645:INFO:    plotly-resampler: Not installed
2026-03-08 18:36:13,645:INFO:             kaleido: 1.2.0
2026-03-08 18:36:13,645:INFO:           schemdraw: 0.15
2026-03-08 18:36:13,645:INFO:         statsmodels: 0.14.6
2026-03-08 18:36:13,645:INFO:              sktime: 0.26.0
2026-03-08 18:36:13,645:INFO:               tbats: 1.1.3
2026-03-08 18:36:13,645:INFO:            pmdarima: 2.0.4
2026-03-08 18:36:13,645:INFO:              psutil: 7.2.2
2026-03-08 18:36:13,645:INFO:          markupsafe: 3.0.3
2026-03-08 18:36:13,645:INFO:             pickle5: Not installed
2026-03-08 18:36:13,645:INFO:         cloudpickle: 3.1.2
2026-03-08 18:36:13,645:INFO:         deprecation: 2.1.0
2026-03-08 18:36:13,645:INFO:              xxhash: 3.6.0
2026-03-08 18:36:13,645:INFO:           wurlitzer: 3.1.1
2026-03-08 18:36:13,646:INFO:PyCaret optional dependencies:
2026-03-08 18:36:14,148:INFO:                shap: Not installed
2026-03-08 18:36:14,148:INFO:           interpret: Not installed
2026-03-08 18:36:14,148:INFO:                umap: Not installed
2026-03-08 18:36:14,148:INFO:     ydata_profiling: Not installed
2026-03-08 18:36:14,148:INFO:  explainerdashboard: Not installed
2026-03-08 18:36:14,148:INFO:             autoviz: Not installed
2026-03-08 18:36:14,149:INFO:           fairlearn: Not installed
2026-03-08 18:36:14,149:INFO:          deepchecks: Not installed
2026-03-08 18:36:14,149:INFO:             xgboost: Not installed
2026-03-08 18:36:14,149:INFO:            catboost: Not installed
2026-03-08 18:36:14,149:INFO:              kmodes: Not installed
2026-03-08 18:36:14,149:INFO:             mlxtend: Not installed
2026-03-08 18:36:14,149:INFO:       statsforecast: Not installed
2026-03-08 18:36:14,149:INFO:        tune_sklearn: Not installed
2026-03-08 18:36:14,149:INFO:                 ray: Not installed
2026-03-08 18:36:14,149:INFO:            hyperopt: Not installed
2026-03-08 18:36:14,149:INFO:              optuna: Not installed
2026-03-08 18:36:14,149:INFO:               skopt: Not installed
2026-03-08 18:36:14,149:INFO:              mlflow: Not installed
2026-03-08 18:36:14,149:INFO:              gradio: Not installed
2026-03-08 18:36:14,149:INFO:             fastapi: 0.135.1
2026-03-08 18:36:14,149:INFO:             uvicorn: Not installed
2026-03-08 18:36:14,149:INFO:              m2cgen: Not installed
2026-03-08 18:36:14,149:INFO:           evidently: Not installed
2026-03-08 18:36:14,149:INFO:               fugue: Not installed
2026-03-08 18:36:14,149:INFO:           streamlit: Not installed
2026-03-08 18:36:14,149:INFO:             prophet: Not installed
2026-03-08 18:36:14,149:INFO:None
2026-03-08 18:36:14,149:INFO:Set up data.
2026-03-08 18:36:14,166:INFO:Set up folding strategy.
2026-03-08 18:36:14,166:INFO:Set up train/test split.
2026-03-08 18:36:14,292:INFO:Set up index.
2026-03-08 18:36:14,292:INFO:Assigning column types.
2026-03-08 18:36:14,297:INFO:Engine successfully changes for model 'lr' to 'sklearn'.
2026-03-08 18:36:14,297:INFO:Engine for model 'lasso' has not been set explicitly, hence returning None.
2026-03-08 18:36:14,299:INFO:Engine for model 'ridge' has not been set explicitly, hence returning None.
2026-03-08 18:36:14,301:INFO:Engine for model 'en' has not been set explicitly, hence returning None.
2026-03-08 18:36:14,331:INFO:Engine for model 'svm' has not been set explicitly, hence returning None.
2026-03-08 18:36:14,349:INFO:Engine for model 'knn' has not been set explicitly, hence returning None.
2026-03-08 18:36:14,349:WARNING:
'xgboost' is a soft dependency and not included in the pycaret installation. Please run: `pip install xgboost` to install.
Alternately, you can install this by running `pip install pycaret[models]`
2026-03-08 18:36:14,350:WARNING:
'catboost' is a soft dependency and not included in the pycaret installation. Please run: `pip install catboost` to install.
Alternately, you can install this by running `pip install pycaret[models]`
2026-03-08 18:36:14,350:INFO:Engine for model 'lasso' has not been set explicitly, hence returning None.
2026-03-08 18:36:14,351:INFO:Engine for model 'ridge' has not been set explicitly, hence returning None.
2026-03-08 18:36:14,353:INFO:Engine for model 'en' has not been set explicitly, hence returning None.
2026-03-08 18:36:14,375:INFO:Engine for model 'svm' has not been set explicitly, hence returning None.
2026-03-08 18:36:14,390:INFO:Engine for model 'knn' has not been set explicitly, hence returning None.
2026-03-08 18:36:14,390:WARNING:
'xgboost' is a soft dependency and not included in the pycaret installation. Please run: `pip install xgboost` to install.
Alternately, you can install this by running `pip install pycaret[models]`
2026-03-08 18:36:14,390:WARNING:
'catboost' is a soft dependency and not included in the pycaret installation. Please run: `pip install catboost` to install.
Alternately, you can install this by running `pip install pycaret[models]`
2026-03-08 18:36:14,390:INFO:Engine successfully changes for model 'lasso' to 'sklearn'.
2026-03-08 18:36:14,391:INFO:Engine for model 'ridge' has not been set explicitly, hence returning None.
2026-03-08 18:36:14,393:INFO:Engine for model 'en' has not been set explicitly, hence returning None.
2026-03-08 18:36:14,414:INFO:Engine for model 'svm' has not been set explicitly, hence returning None.
2026-03-08 18:36:14,428:INFO:Engine for model 'knn' has not been set explicitly, hence returning None.
2026-03-08 18:36:14,429:WARNING:
'xgboost' is a soft dependency and not included in the pycaret installation. Please run: `pip install xgboost` to install.
Alternately, you can install this by running `pip install pycaret[models]`
2026-03-08 18:36:14,429:WARNING:
'catboost' is a soft dependency and not included in the pycaret installation. Please run: `pip install catboost` to install.
Alternately, you can install this by running `pip install pycaret[models]`
2026-03-08 18:36:14,430:INFO:Engine for model 'ridge' has not been set explicitly, hence returning None.
2026-03-08 18:36:14,432:INFO:Engine for model 'en' has not been set explicitly, hence returning None.
2026-03-08 18:36:14,453:INFO:Engine for model 'svm' has not been set explicitly, hence returning None.
2026-03-08 18:36:14,467:INFO:Engine for model 'knn' has not been set explicitly, hence returning None.
2026-03-08 18:36:14,467:WARNING:
'xgboost' is a soft dependency and not included in the pycaret installation. Please run: `pip install xgboost` to install.
Alternately, you can install this by running `pip install pycaret[models]`
2026-03-08 18:36:14,468:WARNING:
'catboost' is a soft dependency and not included in the pycaret installation. Please run: `pip install catboost` to install.
Alternately, you can install this by running `pip install pycaret[models]`
2026-03-08 18:36:14,468:INFO:Engine successfully changes for model 'ridge' to 'sklearn'.
2026-03-08 18:36:14,471:INFO:Engine for model 'en' has not been set explicitly, hence returning None.
2026-03-08 18:36:14,492:INFO:Engine for model 'svm' has not been set explicitly, hence returning None.
2026-03-08 18:36:14,506:INFO:Engine for model 'knn' has not been set explicitly, hence returning None.
2026-03-08 18:36:14,506:WARNING:
'xgboost' is a soft dependency and not included in the pycaret installation. Please run: `pip install xgboost` to install.
Alternately, you can install this by running `pip install pycaret[models]`
2026-03-08 18:36:14,506:WARNING:
'catboost' is a soft dependency and not included in the pycaret installation. Please run: `pip install catboost` to install.
Alternately, you can install this by running `pip install pycaret[models]`
2026-03-08 18:36:14,510:INFO:Engine for model 'en' has not been set explicitly, hence returning None.
2026-03-08 18:36:14,531:INFO:Engine for model 'svm' has not been set explicitly, hence returning None.
2026-03-08 18:36:14,546:INFO:Engine for model 'knn' has not been set explicitly, hence returning None.
2026-03-08 18:36:14,546:WARNING:
'xgboost' is a soft dependency and not included in the pycaret installation. Please run: `pip install xgboost` to install.
Alternately, you can install this by running `pip install pycaret[models]`
2026-03-08 18:36:14,546:WARNING:
'catboost' is a soft dependency and not included in the pycaret installation. Please run: `pip install catboost` to install.
Alternately, you can install this by running `pip install pycaret[models]`
2026-03-08 18:36:14,546:INFO:Engine successfully changes for model 'en' to 'sklearn'.
2026-03-08 18:36:14,570:INFO:Engine for model 'svm' has not been set explicitly, hence returning None.
2026-03-08 18:36:14,585:INFO:Engine for model 'knn' has not been set explicitly, hence returning None.
2026-03-08 18:36:14,585:WARNING:
'xgboost' is a soft dependency and not included in the pycaret installation. Please run: `pip install xgboost` to install.
Alternately, you can install this by running `pip install pycaret[models]`
2026-03-08 18:36:14,585:WARNING:
'catboost' is a soft dependency and not included in the pycaret installation. Please run: `pip install catboost` to install.
Alternately, you can install this by running `pip install pycaret[models]`
2026-03-08 18:36:14,609:INFO:Engine for model 'svm' has not been set explicitly, hence returning None.
2026-03-08 18:36:14,623:INFO:Engine for model 'knn' has not been set explicitly, hence returning None.
2026-03-08 18:36:14,623:WARNING:
'xgboost' is a soft dependency and not included in the pycaret installation. Please run: `pip install xgboost` to install.
Alternately, you can install this by running `pip install pycaret[models]`
2026-03-08 18:36:14,623:WARNING:
'catboost' is a soft dependency and not included in the pycaret installation. Please run: `pip install catboost` to install.
Alternately, you can install this by running `pip install pycaret[models]`
2026-03-08 18:36:14,623:INFO:Engine successfully changes for model 'knn' to 'sklearn'.
2026-03-08 18:36:14,647:INFO:Engine for model 'svm' has not been set explicitly, hence returning None.
2026-03-08 18:36:14,661:WARNING:
'xgboost' is a soft dependency and not included in the pycaret installation. Please run: `pip install xgboost` to install.
Alternately, you can install this by running `pip install pycaret[models]`
2026-03-08 18:36:14,661:WARNING:
'catboost' is a soft dependency and not included in the pycaret installation. Please run: `pip install catboost` to install.
Alternately, you can install this by running `pip install pycaret[models]`
2026-03-08 18:36:14,685:INFO:Engine for model 'svm' has not been set explicitly, hence returning None.
2026-03-08 18:36:14,699:WARNING:
'xgboost' is a soft dependency and not included in the pycaret installation. Please run: `pip install xgboost` to install.
Alternately, you can install this by running `pip install pycaret[models]`
2026-03-08 18:36:14,699:WARNING:
'catboost' is a soft dependency and not included in the pycaret installation. Please run: `pip install catboost` to install.
Alternately, you can install this by running `pip install pycaret[models]`
2026-03-08 18:36:14,699:INFO:Engine successfully changes for model 'svm' to 'sklearn'.
2026-03-08 18:36:14,737:WARNING:
'xgboost' is a soft dependency and not included in the pycaret installation. Please run: `pip install xgboost` to install.
Alternately, you can install this by running `pip install pycaret[models]`
2026-03-08 18:36:14,737:WARNING:
'catboost' is a soft dependency and not included in the pycaret installation. Please run: `pip install catboost` to install.
Alternately, you can install this by running `pip install pycaret[models]`
2026-03-08 18:36:14,775:WARNING:
'xgboost' is a soft dependency and not included in the pycaret installation. Please run: `pip install xgboost` to install.
Alternately, you can install this by running `pip install pycaret[models]`
2026-03-08 18:36:14,775:WARNING:
'catboost' is a soft dependency and not included in the pycaret installation. Please run: `pip install catboost` to install.
Alternately, you can install this by running `pip install pycaret[models]`
2026-03-08 18:36:14,777:INFO:Preparing preprocessing pipeline...
2026-03-08 18:36:14,777:INFO:Set up simple imputation.
2026-03-08 18:36:14,781:INFO:Set up encoding of ordinal features.
2026-03-08 18:36:14,784:INFO:Set up encoding of categorical features.
2026-03-08 18:36:14,931:INFO:Finished creating preprocessing pipeline.
2026-03-08 18:36:14,947:INFO:Pipeline: Pipeline(memory=FastMemory(location=/var/folders/k6/8ngcf3nx77l7c565qr86j25m0000gn/T/joblib),
         steps=[('numerical_imputer',
                 TransformerWrapper(include=['Id', 'MSSubClass', 'LotFrontage',
                                             'LotArea', 'OverallQual',
                                             'OverallCond', 'YearBuilt',
                                             'YearRemodAdd', 'MasVnrArea',
                                             'BsmtFinSF1', 'BsmtFinSF2',
                                             'BsmtUnfSF', 'TotalBsmtSF',
                                             '1stFlrSF', '2ndFlrSF',
                                             'LowQualFinSF', 'G...
                                                                    'Condition2',
                                                                    'BldgType',
                                                                    'HouseStyle',
                                                                    'RoofStyle',
                                                                    'RoofMatl',
                                                                    'Exterior1st',
                                                                    'Exterior2nd',
                                                                    'MasVnrType',
                                                                    'ExterQual',
                                                                    'ExterCond',
                                                                    'Foundation',
                                                                    'BsmtQual',
                                                                    'BsmtCond',
                                                                    'BsmtExposure',
                                                                    'BsmtFinType1',
                                                                    'BsmtFinType2',
                                                                    'Heating',
                                                                    'HeatingQC',
                                                                    'Electrical',
                                                                    'KitchenQual',
                                                                    'Functional',
                                                                    'FireplaceQu',
                                                                    'GarageType', ...],
                                                              handle_missing='return_nan',
                                                              use_cat_names=True)))])
2026-03-08 18:36:14,947:INFO:Creating final display dataframe.
2026-03-08 18:36:15,494:INFO:Setup _display_container:                     Description             Value
0                    Session id              4957
1                        Target         SalePrice
2                   Target type        Regression
3           Original data shape        (1460, 81)
4        Transformed data shape       (1460, 277)
5   Transformed train set shape       (1021, 277)
6    Transformed test set shape        (439, 277)
7              Numeric features                37
8          Categorical features                43
9      Rows with missing values            100.0%
10                   Preprocess              True
11              Imputation type            simple
12           Numeric imputation              mean
13       Categorical imputation              mode
14     Maximum one-hot encoding                25
15              Encoding method              None
16               Fold Generator             KFold
17                  Fold Number                10
18                     CPU Jobs                -1
19                      Use GPU             False
20               Log Experiment             False
21              Experiment Name  reg-default-name
22                          USI              70e7
2026-03-08 18:36:15,547:WARNING:
'xgboost' is a soft dependency and not included in the pycaret installation. Please run: `pip install xgboost` to install.
Alternately, you can install this by running `pip install pycaret[models]`
2026-03-08 18:36:15,547:WARNING:
'catboost' is a soft dependency and not included in the pycaret installation. Please run: `pip install catboost` to install.
Alternately, you can install this by running `pip install pycaret[models]`
2026-03-08 18:36:15,585:WARNING:
'xgboost' is a soft dependency and not included in the pycaret installation. Please run: `pip install xgboost` to install.
Alternately, you can install this by running `pip install pycaret[models]`
2026-03-08 18:36:15,585:WARNING:
'catboost' is a soft dependency and not included in the pycaret installation. Please run: `pip install catboost` to install.
Alternately, you can install this by running `pip install pycaret[models]`
2026-03-08 18:36:15,585:INFO:setup() successfully completed in 2.3s...............
2026-03-08 18:36:15,585:INFO:Initializing compare_models()
2026-03-08 18:36:15,585:INFO:compare_models(self=<pycaret.regression.oop.RegressionExperiment object at 0x11f2eb0d0>, include=None, fold=None, round=4, cross_validation=True, sort=R2, n_select=1, budget_time=None, turbo=True, errors=ignore, fit_kwargs=None, groups=None, experiment_custom_tags=None, probability_threshold=None, verbose=True, parallel=None, caller_params={'self': <pycaret.regression.oop.RegressionExperiment object at 0x11f2eb0d0>, 'include': None, 'exclude': None, 'fold': None, 'round': 4, 'cross_validation': True, 'sort': 'R2', 'n_select': 1, 'budget_time': None, 'turbo': True, 'errors': 'ignore', 'fit_kwargs': None, 'groups': None, 'experiment_custom_tags': None, 'engine': None, 'verbose': True, 'parallel': None, '__class__': <class 'pycaret.regression.oop.RegressionExperiment'>}, exclude=None)
2026-03-08 18:36:15,585:INFO:Checking exceptions
2026-03-08 18:36:15,587:INFO:Preparing display monitor
2026-03-08 18:36:15,620:INFO:Initializing Linear Regression
2026-03-08 18:36:15,620:INFO:Total runtime is 2.1139780680338543e-06 minutes
2026-03-08 18:36:15,620:INFO:SubProcess create_model() called ==================================
2026-03-08 18:36:15,620:INFO:Initializing create_model()
2026-03-08 18:36:15,620:INFO:create_model(self=<pycaret.regression.oop.RegressionExperiment object at 0x11f2eb0d0>, estimator=lr, fold=KFold(n_splits=10, random_state=None, shuffle=False), round=4, cross_validation=True, predict=True, fit_kwargs={}, groups=None, refit=False, probability_threshold=None, experiment_custom_tags=None, verbose=False, system=False, add_to_model_list=True, metrics=None, display=<pycaret.internal.display.display.CommonDisplay object at 0x286316920>, model_only=True, return_train_score=False, error_score=0.0, kwargs={})
2026-03-08 18:36:15,621:INFO:Checking exceptions
2026-03-08 18:36:15,621:INFO:Importing libraries
2026-03-08 18:36:15,621:INFO:Copying training dataset
2026-03-08 18:36:15,626:INFO:Defining folds
2026-03-08 18:36:15,626:INFO:Declaring metric variables
2026-03-08 18:36:15,626:INFO:Importing untrained model
2026-03-08 18:36:15,626:INFO:Linear Regression Imported successfully
2026-03-08 18:36:15,626:INFO:Starting cross validation
2026-03-08 18:36:15,631:INFO:Cross validating with KFold(n_splits=10, random_state=None, shuffle=False), n_jobs=-1
2026-03-08 18:36:18,616:INFO:Calculating mean and std
2026-03-08 18:36:18,618:INFO:Creating metrics dataframe
2026-03-08 18:36:18,620:INFO:Uploading results into container
2026-03-08 18:36:18,620:INFO:Uploading model into container now
2026-03-08 18:36:18,620:INFO:_master_model_container: 1
2026-03-08 18:36:18,620:INFO:_display_container: 2
2026-03-08 18:36:18,620:INFO:LinearRegression(n_jobs=-1)
2026-03-08 18:36:18,621:INFO:create_model() successfully completed......................................
2026-03-08 18:36:18,679:INFO:SubProcess create_model() end ==================================
2026-03-08 18:36:18,679:INFO:Creating metrics dataframe
2026-03-08 18:36:18,681:INFO:Initializing Lasso Regression
2026-03-08 18:36:18,681:INFO:Total runtime is 0.051010815302530925 minutes
2026-03-08 18:36:18,681:INFO:SubProcess create_model() called ==================================
2026-03-08 18:36:18,681:INFO:Initializing create_model()
2026-03-08 18:36:18,681:INFO:create_model(self=<pycaret.regression.oop.RegressionExperiment object at 0x11f2eb0d0>, estimator=lasso, fold=KFold(n_splits=10, random_state=None, shuffle=False), round=4, cross_validation=True, predict=True, fit_kwargs={}, groups=None, refit=False, probability_threshold=None, experiment_custom_tags=None, verbose=False, system=False, add_to_model_list=True, metrics=None, display=<pycaret.internal.display.display.CommonDisplay object at 0x286316920>, model_only=True, return_train_score=False, error_score=0.0, kwargs={})
2026-03-08 18:36:18,681:INFO:Checking exceptions
2026-03-08 18:36:18,681:INFO:Importing libraries
2026-03-08 18:36:18,681:INFO:Copying training dataset
2026-03-08 18:36:18,685:INFO:Defining folds
2026-03-08 18:36:18,685:INFO:Declaring metric variables
2026-03-08 18:36:18,685:INFO:Importing untrained model
2026-03-08 18:36:18,685:INFO:Lasso Regression Imported successfully
2026-03-08 18:36:18,685:INFO:Starting cross validation
2026-03-08 18:36:18,688:INFO:Cross validating with KFold(n_splits=10, random_state=None, shuffle=False), n_jobs=-1
2026-03-08 18:36:19,235:WARNING:/Users/lisanguyen/Documents/MLOps-project/.venv/lib/python3.10/site-packages/sklearn/linear_model/_coordinate_descent.py:678: ConvergenceWarning: Objective did not converge. You might want to increase the number of iterations, check the scale of the features or consider increasing regularisation. Duality gap: 5.302e+09, tolerance: 5.499e+08
  model = cd_fast.enet_coordinate_descent(

2026-03-08 18:36:19,267:WARNING:/Users/lisanguyen/Documents/MLOps-project/.venv/lib/python3.10/site-packages/sklearn/linear_model/_coordinate_descent.py:678: ConvergenceWarning: Objective did not converge. You might want to increase the number of iterations, check the scale of the features or consider increasing regularisation. Duality gap: 1.044e+11, tolerance: 5.451e+08
  model = cd_fast.enet_coordinate_descent(

2026-03-08 18:36:19,289:WARNING:/Users/lisanguyen/Documents/MLOps-project/.venv/lib/python3.10/site-packages/sklearn/linear_model/_coordinate_descent.py:678: ConvergenceWarning: Objective did not converge. You might want to increase the number of iterations, check the scale of the features or consider increasing regularisation. Duality gap: 4.902e+10, tolerance: 5.656e+08
  model = cd_fast.enet_coordinate_descent(

2026-03-08 18:36:19,294:WARNING:/Users/lisanguyen/Documents/MLOps-project/.venv/lib/python3.10/site-packages/sklearn/linear_model/_coordinate_descent.py:678: ConvergenceWarning: Objective did not converge. You might want to increase the number of iterations, check the scale of the features or consider increasing regularisation. Duality gap: 1.415e+11, tolerance: 5.862e+08
  model = cd_fast.enet_coordinate_descent(

2026-03-08 18:36:19,300:WARNING:/Users/lisanguyen/Documents/MLOps-project/.venv/lib/python3.10/site-packages/sklearn/linear_model/_coordinate_descent.py:678: ConvergenceWarning: Objective did not converge. You might want to increase the number of iterations, check the scale of the features or consider increasing regularisation. Duality gap: 1.296e+11, tolerance: 5.558e+08
  model = cd_fast.enet_coordinate_descent(

2026-03-08 18:36:19,315:WARNING:/Users/lisanguyen/Documents/MLOps-project/.venv/lib/python3.10/site-packages/sklearn/linear_model/_coordinate_descent.py:678: ConvergenceWarning: Objective did not converge. You might want to increase the number of iterations, check the scale of the features or consider increasing regularisation. Duality gap: 1.192e+11, tolerance: 5.324e+08
  model = cd_fast.enet_coordinate_descent(

2026-03-08 18:36:19,328:WARNING:/Users/lisanguyen/Documents/MLOps-project/.venv/lib/python3.10/site-packages/sklearn/linear_model/_coordinate_descent.py:678: ConvergenceWarning: Objective did not converge. You might want to increase the number of iterations, check the scale of the features or consider increasing regularisation. Duality gap: 4.279e+10, tolerance: 5.734e+08
  model = cd_fast.enet_coordinate_descent(

2026-03-08 18:36:19,347:WARNING:/Users/lisanguyen/Documents/MLOps-project/.venv/lib/python3.10/site-packages/sklearn/linear_model/_coordinate_descent.py:678: ConvergenceWarning: Objective did not converge. You might want to increase the number of iterations, check the scale of the features or consider increasing regularisation. Duality gap: 4.373e+09, tolerance: 5.569e+08
  model = cd_fast.enet_coordinate_descent(

2026-03-08 18:36:19,364:WARNING:/Users/lisanguyen/Documents/MLOps-project/.venv/lib/python3.10/site-packages/sklearn/linear_model/_coordinate_descent.py:678: ConvergenceWarning: Objective did not converge. You might want to increase the number of iterations, check the scale of the features or consider increasing regularisation. Duality gap: 3.226e+09, tolerance: 5.171e+08
  model = cd_fast.enet_coordinate_descent(

2026-03-08 18:36:19,976:WARNING:/Users/lisanguyen/Documents/MLOps-project/.venv/lib/python3.10/site-packages/sklearn/linear_model/_coordinate_descent.py:678: ConvergenceWarning: Objective did not converge. You might want to increase the number of iterations, check the scale of the features or consider increasing regularisation. Duality gap: 8.385e+10, tolerance: 5.778e+08
  model = cd_fast.enet_coordinate_descent(

2026-03-08 18:36:20,024:INFO:Calculating mean and std
2026-03-08 18:36:20,024:INFO:Creating metrics dataframe
2026-03-08 18:36:20,025:INFO:Uploading results into container
2026-03-08 18:36:20,025:INFO:Uploading model into container now
2026-03-08 18:36:20,025:INFO:_master_model_container: 2
2026-03-08 18:36:20,025:INFO:_display_container: 2
2026-03-08 18:36:20,026:INFO:Lasso(random_state=4957)
2026-03-08 18:36:20,026:INFO:create_model() successfully completed......................................
2026-03-08 18:36:20,065:INFO:SubProcess create_model() end ==================================
2026-03-08 18:36:20,065:INFO:Creating metrics dataframe
2026-03-08 18:36:20,066:INFO:Initializing Ridge Regression
2026-03-08 18:36:20,066:INFO:Total runtime is 0.07409836451212565 minutes
2026-03-08 18:36:20,066:INFO:SubProcess create_model() called ==================================
2026-03-08 18:36:20,066:INFO:Initializing create_model()
2026-03-08 18:36:20,066:INFO:create_model(self=<pycaret.regression.oop.RegressionExperiment object at 0x11f2eb0d0>, estimator=ridge, fold=KFold(n_splits=10, random_state=None, shuffle=False), round=4, cross_validation=True, predict=True, fit_kwargs={}, groups=None, refit=False, probability_threshold=None, experiment_custom_tags=None, verbose=False, system=False, add_to_model_list=True, metrics=None, display=<pycaret.internal.display.display.CommonDisplay object at 0x286316920>, model_only=True, return_train_score=False, error_score=0.0, kwargs={})
2026-03-08 18:36:20,066:INFO:Checking exceptions
2026-03-08 18:36:20,066:INFO:Importing libraries
2026-03-08 18:36:20,066:INFO:Copying training dataset
2026-03-08 18:36:20,070:INFO:Defining folds
2026-03-08 18:36:20,070:INFO:Declaring metric variables
2026-03-08 18:36:20,070:INFO:Importing untrained model
2026-03-08 18:36:20,070:INFO:Ridge Regression Imported successfully
2026-03-08 18:36:20,070:INFO:Starting cross validation
2026-03-08 18:36:20,073:INFO:Cross validating with KFold(n_splits=10, random_state=None, shuffle=False), n_jobs=-1
2026-03-08 18:36:20,534:INFO:Calculating mean and std
2026-03-08 18:36:20,534:INFO:Creating metrics dataframe
2026-03-08 18:36:20,535:INFO:Uploading results into container
2026-03-08 18:36:20,535:INFO:Uploading model into container now
2026-03-08 18:36:20,535:INFO:_master_model_container: 3
2026-03-08 18:36:20,535:INFO:_display_container: 2
2026-03-08 18:36:20,535:INFO:Ridge(random_state=4957)
2026-03-08 18:36:20,535:INFO:create_model() successfully completed......................................
2026-03-08 18:36:20,571:INFO:SubProcess create_model() end ==================================
2026-03-08 18:36:20,572:INFO:Creating metrics dataframe
2026-03-08 18:36:20,573:INFO:Initializing Elastic Net
2026-03-08 18:36:20,573:INFO:Total runtime is 0.08254183133443196 minutes
2026-03-08 18:36:20,573:INFO:SubProcess create_model() called ==================================
2026-03-08 18:36:20,573:INFO:Initializing create_model()
2026-03-08 18:36:20,573:INFO:create_model(self=<pycaret.regression.oop.RegressionExperiment object at 0x11f2eb0d0>, estimator=en, fold=KFold(n_splits=10, random_state=None, shuffle=False), round=4, cross_validation=True, predict=True, fit_kwargs={}, groups=None, refit=False, probability_threshold=None, experiment_custom_tags=None, verbose=False, system=False, add_to_model_list=True, metrics=None, display=<pycaret.internal.display.display.CommonDisplay object at 0x286316920>, model_only=True, return_train_score=False, error_score=0.0, kwargs={})
2026-03-08 18:36:20,573:INFO:Checking exceptions
2026-03-08 18:36:20,573:INFO:Importing libraries
2026-03-08 18:36:20,573:INFO:Copying training dataset
2026-03-08 18:36:20,577:INFO:Defining folds
2026-03-08 18:36:20,577:INFO:Declaring metric variables
2026-03-08 18:36:20,577:INFO:Importing untrained model
2026-03-08 18:36:20,577:INFO:Elastic Net Imported successfully
2026-03-08 18:36:20,577:INFO:Starting cross validation
2026-03-08 18:36:20,579:INFO:Cross validating with KFold(n_splits=10, random_state=None, shuffle=False), n_jobs=-1
2026-03-08 18:36:21,126:WARNING:/Users/lisanguyen/Documents/MLOps-project/.venv/lib/python3.10/site-packages/sklearn/linear_model/_coordinate_descent.py:678: ConvergenceWarning: Objective did not converge. You might want to increase the number of iterations, check the scale of the features or consider increasing regularisation. Duality gap: 5.760e+11, tolerance: 5.499e+08
  model = cd_fast.enet_coordinate_descent(

2026-03-08 18:36:21,168:WARNING:/Users/lisanguyen/Documents/MLOps-project/.venv/lib/python3.10/site-packages/sklearn/linear_model/_coordinate_descent.py:678: ConvergenceWarning: Objective did not converge. You might want to increase the number of iterations, check the scale of the features or consider increasing regularisation. Duality gap: 5.812e+11, tolerance: 5.656e+08
  model = cd_fast.enet_coordinate_descent(

2026-03-08 18:36:21,170:WARNING:/Users/lisanguyen/Documents/MLOps-project/.venv/lib/python3.10/site-packages/sklearn/linear_model/_coordinate_descent.py:678: ConvergenceWarning: Objective did not converge. You might want to increase the number of iterations, check the scale of the features or consider increasing regularisation. Duality gap: 5.827e+11, tolerance: 5.778e+08
  model = cd_fast.enet_coordinate_descent(

2026-03-08 18:36:21,174:WARNING:/Users/lisanguyen/Documents/MLOps-project/.venv/lib/python3.10/site-packages/sklearn/linear_model/_coordinate_descent.py:678: ConvergenceWarning: Objective did not converge. You might want to increase the number of iterations, check the scale of the features or consider increasing regularisation. Duality gap: 5.354e+11, tolerance: 5.324e+08
  model = cd_fast.enet_coordinate_descent(

2026-03-08 18:36:21,199:WARNING:/Users/lisanguyen/Documents/MLOps-project/.venv/lib/python3.10/site-packages/sklearn/linear_model/_coordinate_descent.py:678: ConvergenceWarning: Objective did not converge. You might want to increase the number of iterations, check the scale of the features or consider increasing regularisation. Duality gap: 4.253e+11, tolerance: 5.451e+08
  model = cd_fast.enet_coordinate_descent(

2026-03-08 18:36:21,207:WARNING:/Users/lisanguyen/Documents/MLOps-project/.venv/lib/python3.10/site-packages/sklearn/linear_model/_coordinate_descent.py:678: ConvergenceWarning: Objective did not converge. You might want to increase the number of iterations, check the scale of the features or consider increasing regularisation. Duality gap: 5.870e+11, tolerance: 5.734e+08
  model = cd_fast.enet_coordinate_descent(

2026-03-08 18:36:21,229:WARNING:/Users/lisanguyen/Documents/MLOps-project/.venv/lib/python3.10/site-packages/sklearn/linear_model/_coordinate_descent.py:678: ConvergenceWarning: Objective did not converge. You might want to increase the number of iterations, check the scale of the features or consider increasing regularisation. Duality gap: 5.151e+11, tolerance: 5.171e+08
  model = cd_fast.enet_coordinate_descent(

2026-03-08 18:36:21,230:WARNING:/Users/lisanguyen/Documents/MLOps-project/.venv/lib/python3.10/site-packages/sklearn/linear_model/_coordinate_descent.py:678: ConvergenceWarning: Objective did not converge. You might want to increase the number of iterations, check the scale of the features or consider increasing regularisation. Duality gap: 5.812e+11, tolerance: 5.558e+08
  model = cd_fast.enet_coordinate_descent(

2026-03-08 18:36:21,230:WARNING:/Users/lisanguyen/Documents/MLOps-project/.venv/lib/python3.10/site-packages/sklearn/linear_model/_coordinate_descent.py:678: ConvergenceWarning: Objective did not converge. You might want to increase the number of iterations, check the scale of the features or consider increasing regularisation. Duality gap: 5.932e+11, tolerance: 5.862e+08
  model = cd_fast.enet_coordinate_descent(

2026-03-08 18:36:21,237:WARNING:/Users/lisanguyen/Documents/MLOps-project/.venv/lib/python3.10/site-packages/sklearn/linear_model/_coordinate_descent.py:678: ConvergenceWarning: Objective did not converge. You might want to increase the number of iterations, check the scale of the features or consider increasing regularisation. Duality gap: 4.892e+11, tolerance: 5.569e+08
  model = cd_fast.enet_coordinate_descent(

2026-03-08 18:36:21,301:INFO:Calculating mean and std
2026-03-08 18:36:21,301:INFO:Creating metrics dataframe
2026-03-08 18:36:21,302:INFO:Uploading results into container
2026-03-08 18:36:21,302:INFO:Uploading model into container now
2026-03-08 18:36:21,302:INFO:_master_model_container: 4
2026-03-08 18:36:21,302:INFO:_display_container: 2
2026-03-08 18:36:21,302:INFO:ElasticNet(random_state=4957)
2026-03-08 18:36:21,302:INFO:create_model() successfully completed......................................
2026-03-08 18:36:21,338:INFO:SubProcess create_model() end ==================================
2026-03-08 18:36:21,338:INFO:Creating metrics dataframe
2026-03-08 18:36:21,339:INFO:Initializing Least Angle Regression
2026-03-08 18:36:21,339:INFO:Total runtime is 0.09531136751174926 minutes
2026-03-08 18:36:21,339:INFO:SubProcess create_model() called ==================================
2026-03-08 18:36:21,339:INFO:Initializing create_model()
2026-03-08 18:36:21,339:INFO:create_model(self=<pycaret.regression.oop.RegressionExperiment object at 0x11f2eb0d0>, estimator=lar, fold=KFold(n_splits=10, random_state=None, shuffle=False), round=4, cross_validation=True, predict=True, fit_kwargs={}, groups=None, refit=False, probability_threshold=None, experiment_custom_tags=None, verbose=False, system=False, add_to_model_list=True, metrics=None, display=<pycaret.internal.display.display.CommonDisplay object at 0x286316920>, model_only=True, return_train_score=False, error_score=0.0, kwargs={})
2026-03-08 18:36:21,339:INFO:Checking exceptions
2026-03-08 18:36:21,339:INFO:Importing libraries
2026-03-08 18:36:21,339:INFO:Copying training dataset
2026-03-08 18:36:21,343:INFO:Defining folds
2026-03-08 18:36:21,343:INFO:Declaring metric variables
2026-03-08 18:36:21,343:INFO:Importing untrained model
2026-03-08 18:36:21,343:INFO:Least Angle Regression Imported successfully
2026-03-08 18:36:21,343:INFO:Starting cross validation
2026-03-08 18:36:21,345:INFO:Cross validating with KFold(n_splits=10, random_state=None, shuffle=False), n_jobs=-1
2026-03-08 18:36:21,690:WARNING:/Users/lisanguyen/Documents/MLOps-project/.venv/lib/python3.10/site-packages/sklearn/linear_model/_least_angle.py:688: ConvergenceWarning: Regressors in active set degenerate. Dropping a regressor, after 176 iterations, i.e. alpha=1.661e+05, with an active set of 143 regressors, and the smallest cholesky pivot element being 1.054e-08. Reduce max_iter or increase eps parameters.
  warnings.warn(

2026-03-08 18:36:21,702:WARNING:/Users/lisanguyen/Documents/MLOps-project/.venv/lib/python3.10/site-packages/sklearn/linear_model/_least_angle.py:688: ConvergenceWarning: Regressors in active set degenerate. Dropping a regressor, after 246 iterations, i.e. alpha=5.010e+07, with an active set of 185 regressors, and the smallest cholesky pivot element being 5.960e-08. Reduce max_iter or increase eps parameters.
  warnings.warn(

2026-03-08 18:36:21,705:WARNING:/Users/lisanguyen/Documents/MLOps-project/.venv/lib/python3.10/site-packages/sklearn/linear_model/_least_angle.py:688: ConvergenceWarning: Regressors in active set degenerate. Dropping a regressor, after 188 iterations, i.e. alpha=4.048e+02, with an active set of 159 regressors, and the smallest cholesky pivot element being 2.980e-08. Reduce max_iter or increase eps parameters.
  warnings.warn(

2026-03-08 18:36:21,709:WARNING:/Users/lisanguyen/Documents/MLOps-project/.venv/lib/python3.10/site-packages/sklearn/linear_model/_least_angle.py:688: ConvergenceWarning: Regressors in active set degenerate. Dropping a regressor, after 378 iterations, i.e. alpha=2.678e+05, with an active set of 271 regressors, and the smallest cholesky pivot element being 4.215e-08. Reduce max_iter or increase eps parameters.
  warnings.warn(

2026-03-08 18:36:21,711:WARNING:/Users/lisanguyen/Documents/MLOps-project/.venv/lib/python3.10/site-packages/sklearn/linear_model/_least_angle.py:688: ConvergenceWarning: Regressors in active set degenerate. Dropping a regressor, after 380 iterations, i.e. alpha=2.778e+16, with an active set of 272 regressors, and the smallest cholesky pivot element being 4.215e-08. Reduce max_iter or increase eps parameters.
  warnings.warn(

2026-03-08 18:36:21,712:WARNING:/Users/lisanguyen/Documents/MLOps-project/.venv/lib/python3.10/site-packages/sklearn/linear_model/_least_angle.py:688: ConvergenceWarning: Regressors in active set degenerate. Dropping a regressor, after 364 iterations, i.e. alpha=2.550e+09, with an active set of 273 regressors, and the smallest cholesky pivot element being 1.490e-08. Reduce max_iter or increase eps parameters.
  warnings.warn(

2026-03-08 18:36:21,713:WARNING:/Users/lisanguyen/Documents/MLOps-project/.venv/lib/python3.10/site-packages/sklearn/linear_model/_least_angle.py:688: ConvergenceWarning: Regressors in active set degenerate. Dropping a regressor, after 364 iterations, i.e. alpha=5.915e+08, with an active set of 273 regressors, and the smallest cholesky pivot element being 1.490e-08. Reduce max_iter or increase eps parameters.
  warnings.warn(

2026-03-08 18:36:21,714:WARNING:/Users/lisanguyen/Documents/MLOps-project/.venv/lib/python3.10/site-packages/sklearn/linear_model/_least_angle.py:688: ConvergenceWarning: Regressors in active set degenerate. Dropping a regressor, after 306 iterations, i.e. alpha=2.826e+03, with an active set of 229 regressors, and the smallest cholesky pivot element being 4.215e-08. Reduce max_iter or increase eps parameters.
  warnings.warn(

2026-03-08 18:36:21,728:WARNING:/Users/lisanguyen/Documents/MLOps-project/.venv/lib/python3.10/site-packages/sklearn/linear_model/_least_angle.py:688: ConvergenceWarning: Regressors in active set degenerate. Dropping a regressor, after 216 iterations, i.e. alpha=5.922e+04, with an active set of 158 regressors, and the smallest cholesky pivot element being 1.490e-08. Reduce max_iter or increase eps parameters.
  warnings.warn(

2026-03-08 18:36:21,736:WARNING:/Users/lisanguyen/Documents/MLOps-project/.venv/lib/python3.10/site-packages/sklearn/linear_model/_least_angle.py:688: ConvergenceWarning: Regressors in active set degenerate. Dropping a regressor, after 375 iterations, i.e. alpha=1.494e+05, with an active set of 275 regressors, and the smallest cholesky pivot element being 5.162e-08. Reduce max_iter or increase eps parameters.
  warnings.warn(

2026-03-08 18:36:21,742:WARNING:/Users/lisanguyen/Documents/MLOps-project/.venv/lib/python3.10/site-packages/sklearn/linear_model/_least_angle.py:688: ConvergenceWarning: Regressors in active set degenerate. Dropping a regressor, after 241 iterations, i.e. alpha=9.604e+04, with an active set of 183 regressors, and the smallest cholesky pivot element being 2.220e-16. Reduce max_iter or increase eps parameters.
  warnings.warn(

2026-03-08 18:36:21,749:WARNING:/Users/lisanguyen/Documents/MLOps-project/.venv/lib/python3.10/site-packages/sklearn/linear_model/_least_angle.py:688: ConvergenceWarning: Regressors in active set degenerate. Dropping a regressor, after 282 iterations, i.e. alpha=8.739e+04, with an active set of 210 regressors, and the smallest cholesky pivot element being 8.429e-08. Reduce max_iter or increase eps parameters.
  warnings.warn(

2026-03-08 18:36:21,759:WARNING:/Users/lisanguyen/Documents/MLOps-project/.venv/lib/python3.10/site-packages/sklearn/linear_model/_least_angle.py:688: ConvergenceWarning: Regressors in active set degenerate. Dropping a regressor, after 355 iterations, i.e. alpha=8.688e+05, with an active set of 270 regressors, and the smallest cholesky pivot element being 4.215e-08. Reduce max_iter or increase eps parameters.
  warnings.warn(

2026-03-08 18:36:21,760:WARNING:/Users/lisanguyen/Documents/MLOps-project/.venv/lib/python3.10/site-packages/sklearn/linear_model/_least_angle.py:688: ConvergenceWarning: Regressors in active set degenerate. Dropping a regressor, after 88 iterations, i.e. alpha=2.477e+02, with an active set of 82 regressors, and the smallest cholesky pivot element being 8.429e-08. Reduce max_iter or increase eps parameters.
  warnings.warn(

2026-03-08 18:36:21,762:WARNING:/Users/lisanguyen/Documents/MLOps-project/.venv/lib/python3.10/site-packages/sklearn/linear_model/_least_angle.py:688: ConvergenceWarning: Regressors in active set degenerate. Dropping a regressor, after 96 iterations, i.e. alpha=2.302e+02, with an active set of 87 regressors, and the smallest cholesky pivot element being 8.429e-08. Reduce max_iter or increase eps parameters.
  warnings.warn(

2026-03-08 18:36:21,765:WARNING:/Users/lisanguyen/Documents/MLOps-project/.venv/lib/python3.10/site-packages/sklearn/linear_model/_least_angle.py:688: ConvergenceWarning: Regressors in active set degenerate. Dropping a regressor, after 370 iterations, i.e. alpha=2.421e+09, with an active set of 273 regressors, and the smallest cholesky pivot element being 8.429e-08. Reduce max_iter or increase eps parameters.
  warnings.warn(

2026-03-08 18:36:21,767:WARNING:/Users/lisanguyen/Documents/MLOps-project/.venv/lib/python3.10/site-packages/sklearn/linear_model/_least_angle.py:688: ConvergenceWarning: Regressors in active set degenerate. Dropping a regressor, after 371 iterations, i.e. alpha=3.769e+07, with an active set of 274 regressors, and the smallest cholesky pivot element being 8.429e-08. Reduce max_iter or increase eps parameters.
  warnings.warn(

2026-03-08 18:36:21,767:WARNING:/Users/lisanguyen/Documents/MLOps-project/.venv/lib/python3.10/site-packages/sklearn/linear_model/_least_angle.py:688: ConvergenceWarning: Regressors in active set degenerate. Dropping a regressor, after 121 iterations, i.e. alpha=1.509e+02, with an active set of 107 regressors, and the smallest cholesky pivot element being 8.429e-08. Reduce max_iter or increase eps parameters.
  warnings.warn(

2026-03-08 18:36:21,770:WARNING:/Users/lisanguyen/Documents/MLOps-project/.venv/lib/python3.10/site-packages/sklearn/linear_model/_least_angle.py:688: ConvergenceWarning: Regressors in active set degenerate. Dropping a regressor, after 140 iterations, i.e. alpha=1.189e+02, with an active set of 123 regressors, and the smallest cholesky pivot element being 8.429e-08. Reduce max_iter or increase eps parameters.
  warnings.warn(

2026-03-08 18:36:21,773:WARNING:/Users/lisanguyen/Documents/MLOps-project/.venv/lib/python3.10/site-packages/sklearn/linear_model/_least_angle.py:688: ConvergenceWarning: Regressors in active set degenerate. Dropping a regressor, after 171 iterations, i.e. alpha=1.185e+02, with an active set of 144 regressors, and the smallest cholesky pivot element being 5.162e-08. Reduce max_iter or increase eps parameters.
  warnings.warn(

2026-03-08 18:36:21,783:WARNING:/Users/lisanguyen/Documents/MLOps-project/.venv/lib/python3.10/site-packages/sklearn/linear_model/_least_angle.py:688: ConvergenceWarning: Regressors in active set degenerate. Dropping a regressor, after 222 iterations, i.e. alpha=1.898e+02, with an active set of 178 regressors, and the smallest cholesky pivot element being 1.054e-08. Reduce max_iter or increase eps parameters.
  warnings.warn(

2026-03-08 18:36:21,823:WARNING:/Users/lisanguyen/Documents/MLOps-project/.venv/lib/python3.10/site-packages/sklearn/linear_model/_least_angle.py:688: ConvergenceWarning: Regressors in active set degenerate. Dropping a regressor, after 300 iterations, i.e. alpha=4.038e+03, with an active set of 222 regressors, and the smallest cholesky pivot element being 5.162e-08. Reduce max_iter or increase eps parameters.
  warnings.warn(

2026-03-08 18:36:21,833:WARNING:/Users/lisanguyen/Documents/MLOps-project/.venv/lib/python3.10/site-packages/sklearn/linear_model/_least_angle.py:688: ConvergenceWarning: Regressors in active set degenerate. Dropping a regressor, after 369 iterations, i.e. alpha=3.914e+05, with an active set of 268 regressors, and the smallest cholesky pivot element being 5.162e-08. Reduce max_iter or increase eps parameters.
  warnings.warn(

2026-03-08 18:36:21,833:WARNING:/Users/lisanguyen/Documents/MLOps-project/.venv/lib/python3.10/site-packages/sklearn/linear_model/_least_angle.py:688: ConvergenceWarning: Regressors in active set degenerate. Dropping a regressor, after 369 iterations, i.e. alpha=3.410e+05, with an active set of 268 regressors, and the smallest cholesky pivot element being 2.581e-08. Reduce max_iter or increase eps parameters.
  warnings.warn(

2026-03-08 18:36:21,833:WARNING:/Users/lisanguyen/Documents/MLOps-project/.venv/lib/python3.10/site-packages/sklearn/linear_model/_least_angle.py:688: ConvergenceWarning: Regressors in active set degenerate. Dropping a regressor, after 372 iterations, i.e. alpha=2.311e+06, with an active set of 269 regressors, and the smallest cholesky pivot element being 5.162e-08. Reduce max_iter or increase eps parameters.
  warnings.warn(

2026-03-08 18:36:21,834:WARNING:/Users/lisanguyen/Documents/MLOps-project/.venv/lib/python3.10/site-packages/sklearn/linear_model/_least_angle.py:688: ConvergenceWarning: Regressors in active set degenerate. Dropping a regressor, after 374 iterations, i.e. alpha=9.330e+05, with an active set of 271 regressors, and the smallest cholesky pivot element being 2.581e-08. Reduce max_iter or increase eps parameters.
  warnings.warn(

2026-03-08 18:36:21,834:WARNING:/Users/lisanguyen/Documents/MLOps-project/.venv/lib/python3.10/site-packages/sklearn/linear_model/_least_angle.py:688: ConvergenceWarning: Regressors in active set degenerate. Dropping a regressor, after 374 iterations, i.e. alpha=2.047e+04, with an active set of 271 regressors, and the smallest cholesky pivot element being 5.162e-08. Reduce max_iter or increase eps parameters.
  warnings.warn(

2026-03-08 18:36:21,897:INFO:Calculating mean and std
2026-03-08 18:36:21,897:INFO:Creating metrics dataframe
2026-03-08 18:36:21,898:INFO:Uploading results into container
2026-03-08 18:36:21,898:INFO:Uploading model into container now
2026-03-08 18:36:21,898:INFO:_master_model_container: 5
2026-03-08 18:36:21,898:INFO:_display_container: 2
2026-03-08 18:36:21,899:INFO:Lars(random_state=4957)
2026-03-08 18:36:21,899:INFO:create_model() successfully completed......................................
2026-03-08 18:36:21,937:INFO:SubProcess create_model() end ==================================
2026-03-08 18:36:21,938:INFO:Creating metrics dataframe
2026-03-08 18:36:21,938:INFO:Initializing Lasso Least Angle Regression
2026-03-08 18:36:21,939:INFO:Total runtime is 0.10530800024668376 minutes
2026-03-08 18:36:21,939:INFO:SubProcess create_model() called ==================================
2026-03-08 18:36:21,939:INFO:Initializing create_model()
2026-03-08 18:36:21,939:INFO:create_model(self=<pycaret.regression.oop.RegressionExperiment object at 0x11f2eb0d0>, estimator=llar, fold=KFold(n_splits=10, random_state=None, shuffle=False), round=4, cross_validation=True, predict=True, fit_kwargs={}, groups=None, refit=False, probability_threshold=None, experiment_custom_tags=None, verbose=False, system=False, add_to_model_list=True, metrics=None, display=<pycaret.internal.display.display.CommonDisplay object at 0x286316920>, model_only=True, return_train_score=False, error_score=0.0, kwargs={})
2026-03-08 18:36:21,939:INFO:Checking exceptions
2026-03-08 18:36:21,939:INFO:Importing libraries
2026-03-08 18:36:21,939:INFO:Copying training dataset
2026-03-08 18:36:21,943:INFO:Defining folds
2026-03-08 18:36:21,943:INFO:Declaring metric variables
2026-03-08 18:36:21,943:INFO:Importing untrained model
2026-03-08 18:36:21,943:INFO:Lasso Least Angle Regression Imported successfully
2026-03-08 18:36:21,943:INFO:Starting cross validation
2026-03-08 18:36:21,946:INFO:Cross validating with KFold(n_splits=10, random_state=None, shuffle=False), n_jobs=-1
2026-03-08 18:36:22,285:WARNING:/Users/lisanguyen/Documents/MLOps-project/.venv/lib/python3.10/site-packages/sklearn/linear_model/_least_angle.py:718: ConvergenceWarning: Early stopping the lars path, as the residues are small and the current value of alpha is no longer well controlled. 62 iterations, alpha=1.659e+03, previous alpha=5.550e+02, with an active set of 53 regressors.
  warnings.warn(

2026-03-08 18:36:22,298:WARNING:/Users/lisanguyen/Documents/MLOps-project/.venv/lib/python3.10/site-packages/sklearn/linear_model/_least_angle.py:718: ConvergenceWarning: Early stopping the lars path, as the residues are small and the current value of alpha is no longer well controlled. 170 iterations, alpha=6.839e+01, previous alpha=6.839e+01, with an active set of 129 regressors.
  warnings.warn(

2026-03-08 18:36:22,301:WARNING:/Users/lisanguyen/Documents/MLOps-project/.venv/lib/python3.10/site-packages/sklearn/linear_model/_least_angle.py:688: ConvergenceWarning: Regressors in active set degenerate. Dropping a regressor, after 246 iterations, i.e. alpha=1.067e+01, with an active set of 202 regressors, and the smallest cholesky pivot element being 1.490e-08. Reduce max_iter or increase eps parameters.
  warnings.warn(

2026-03-08 18:36:22,301:WARNING:/Users/lisanguyen/Documents/MLOps-project/.venv/lib/python3.10/site-packages/sklearn/linear_model/_least_angle.py:688: ConvergenceWarning: Regressors in active set degenerate. Dropping a regressor, after 246 iterations, i.e. alpha=1.067e+01, with an active set of 202 regressors, and the smallest cholesky pivot element being 1.825e-08. Reduce max_iter or increase eps parameters.
  warnings.warn(

2026-03-08 18:36:22,304:WARNING:/Users/lisanguyen/Documents/MLOps-project/.venv/lib/python3.10/site-packages/sklearn/linear_model/_least_angle.py:688: ConvergenceWarning: Regressors in active set degenerate. Dropping a regressor, after 261 iterations, i.e. alpha=6.603e+00, with an active set of 211 regressors, and the smallest cholesky pivot element being 2.220e-16. Reduce max_iter or increase eps parameters.
  warnings.warn(

2026-03-08 18:36:22,304:WARNING:/Users/lisanguyen/Documents/MLOps-project/.venv/lib/python3.10/site-packages/sklearn/linear_model/_least_angle.py:688: ConvergenceWarning: Regressors in active set degenerate. Dropping a regressor, after 189 iterations, i.e. alpha=6.853e+01, with an active set of 123 regressors, and the smallest cholesky pivot element being 5.162e-08. Reduce max_iter or increase eps parameters.
  warnings.warn(

2026-03-08 18:36:22,306:WARNING:/Users/lisanguyen/Documents/MLOps-project/.venv/lib/python3.10/site-packages/sklearn/linear_model/_least_angle.py:688: ConvergenceWarning: Regressors in active set degenerate. Dropping a regressor, after 268 iterations, i.e. alpha=5.333e+00, with an active set of 214 regressors, and the smallest cholesky pivot element being 2.220e-16. Reduce max_iter or increase eps parameters.
  warnings.warn(

2026-03-08 18:36:22,306:WARNING:/Users/lisanguyen/Documents/MLOps-project/.venv/lib/python3.10/site-packages/sklearn/linear_model/_least_angle.py:688: ConvergenceWarning: Regressors in active set degenerate. Dropping a regressor, after 268 iterations, i.e. alpha=5.333e+00, with an active set of 214 regressors, and the smallest cholesky pivot element being 1.490e-08. Reduce max_iter or increase eps parameters.
  warnings.warn(

2026-03-08 18:36:22,307:WARNING:/Users/lisanguyen/Documents/MLOps-project/.venv/lib/python3.10/site-packages/sklearn/linear_model/_least_angle.py:718: ConvergenceWarning: Early stopping the lars path, as the residues are small and the current value of alpha is no longer well controlled. 270 iterations, alpha=5.333e+00, previous alpha=5.333e+00, with an active set of 215 regressors.
  warnings.warn(

2026-03-08 18:36:22,311:WARNING:/Users/lisanguyen/Documents/MLOps-project/.venv/lib/python3.10/site-packages/sklearn/linear_model/_least_angle.py:718: ConvergenceWarning: Early stopping the lars path, as the residues are small and the current value of alpha is no longer well controlled. 206 iterations, alpha=4.429e+01, previous alpha=4.366e+01, with an active set of 147 regressors.
  warnings.warn(

2026-03-08 18:36:22,314:WARNING:/Users/lisanguyen/Documents/MLOps-project/.venv/lib/python3.10/site-packages/sklearn/linear_model/_least_angle.py:718: ConvergenceWarning: Early stopping the lars path, as the residues are small and the current value of alpha is no longer well controlled. 99 iterations, alpha=8.217e+02, previous alpha=2.741e+02, with an active set of 76 regressors.
  warnings.warn(

2026-03-08 18:36:22,314:WARNING:/Users/lisanguyen/Documents/MLOps-project/.venv/lib/python3.10/site-packages/sklearn/linear_model/_least_angle.py:688: ConvergenceWarning: Regressors in active set degenerate. Dropping a regressor, after 246 iterations, i.e. alpha=3.426e+01, with an active set of 168 regressors, and the smallest cholesky pivot element being 4.215e-08. Reduce max_iter or increase eps parameters.
  warnings.warn(

2026-03-08 18:36:22,319:WARNING:/Users/lisanguyen/Documents/MLOps-project/.venv/lib/python3.10/site-packages/sklearn/linear_model/_least_angle.py:688: ConvergenceWarning: Regressors in active set degenerate. Dropping a regressor, after 282 iterations, i.e. alpha=1.907e+01, with an active set of 190 regressors, and the smallest cholesky pivot element being 6.664e-08. Reduce max_iter or increase eps parameters.
  warnings.warn(

2026-03-08 18:36:22,321:WARNING:/Users/lisanguyen/Documents/MLOps-project/.venv/lib/python3.10/site-packages/sklearn/linear_model/_least_angle.py:688: ConvergenceWarning: Regressors in active set degenerate. Dropping a regressor, after 296 iterations, i.e. alpha=1.553e+01, with an active set of 198 regressors, and the smallest cholesky pivot element being 1.490e-08. Reduce max_iter or increase eps parameters.
  warnings.warn(

2026-03-08 18:36:22,323:WARNING:/Users/lisanguyen/Documents/MLOps-project/.venv/lib/python3.10/site-packages/sklearn/linear_model/_least_angle.py:718: ConvergenceWarning: Early stopping the lars path, as the residues are small and the current value of alpha is no longer well controlled. 64 iterations, alpha=2.222e+03, previous alpha=7.513e+02, with an active set of 49 regressors.
  warnings.warn(

2026-03-08 18:36:22,324:WARNING:/Users/lisanguyen/Documents/MLOps-project/.venv/lib/python3.10/site-packages/sklearn/linear_model/_least_angle.py:688: ConvergenceWarning: Regressors in active set degenerate. Dropping a regressor, after 309 iterations, i.e. alpha=1.213e+01, with an active set of 205 regressors, and the smallest cholesky pivot element being 1.054e-08. Reduce max_iter or increase eps parameters.
  warnings.warn(

2026-03-08 18:36:22,324:WARNING:/Users/lisanguyen/Documents/MLOps-project/.venv/lib/python3.10/site-packages/sklearn/linear_model/_least_angle.py:688: ConvergenceWarning: Regressors in active set degenerate. Dropping a regressor, after 310 iterations, i.e. alpha=1.213e+01, with an active set of 206 regressors, and the smallest cholesky pivot element being 1.054e-08. Reduce max_iter or increase eps parameters.
  warnings.warn(

2026-03-08 18:36:22,324:WARNING:/Users/lisanguyen/Documents/MLOps-project/.venv/lib/python3.10/site-packages/sklearn/linear_model/_least_angle.py:688: ConvergenceWarning: Regressors in active set degenerate. Dropping a regressor, after 311 iterations, i.e. alpha=1.211e+01, with an active set of 207 regressors, and the smallest cholesky pivot element being 1.054e-08. Reduce max_iter or increase eps parameters.
  warnings.warn(

2026-03-08 18:36:22,327:WARNING:/Users/lisanguyen/Documents/MLOps-project/.venv/lib/python3.10/site-packages/sklearn/linear_model/_least_angle.py:688: ConvergenceWarning: Regressors in active set degenerate. Dropping a regressor, after 318 iterations, i.e. alpha=1.067e+01, with an active set of 208 regressors, and the smallest cholesky pivot element being 1.054e-08. Reduce max_iter or increase eps parameters.
  warnings.warn(

2026-03-08 18:36:22,328:WARNING:/Users/lisanguyen/Documents/MLOps-project/.venv/lib/python3.10/site-packages/sklearn/linear_model/_least_angle.py:688: ConvergenceWarning: Regressors in active set degenerate. Dropping a regressor, after 319 iterations, i.e. alpha=1.067e+01, with an active set of 209 regressors, and the smallest cholesky pivot element being 1.054e-08. Reduce max_iter or increase eps parameters.
  warnings.warn(

2026-03-08 18:36:22,329:WARNING:/Users/lisanguyen/Documents/MLOps-project/.venv/lib/python3.10/site-packages/sklearn/linear_model/_least_angle.py:718: ConvergenceWarning: Early stopping the lars path, as the residues are small and the current value of alpha is no longer well controlled. 220 iterations, alpha=3.334e+01, previous alpha=3.333e+01, with an active set of 163 regressors.
  warnings.warn(

2026-03-08 18:36:22,332:WARNING:/Users/lisanguyen/Documents/MLOps-project/.venv/lib/python3.10/site-packages/sklearn/linear_model/_least_angle.py:688: ConvergenceWarning: Regressors in active set degenerate. Dropping a regressor, after 324 iterations, i.e. alpha=9.489e+00, with an active set of 212 regressors, and the smallest cholesky pivot element being 1.054e-08. Reduce max_iter or increase eps parameters.
  warnings.warn(

2026-03-08 18:36:22,332:WARNING:/Users/lisanguyen/Documents/MLOps-project/.venv/lib/python3.10/site-packages/sklearn/linear_model/_least_angle.py:688: ConvergenceWarning: Regressors in active set degenerate. Dropping a regressor, after 324 iterations, i.e. alpha=9.489e+00, with an active set of 212 regressors, and the smallest cholesky pivot element being 5.960e-08. Reduce max_iter or increase eps parameters.
  warnings.warn(

2026-03-08 18:36:22,339:WARNING:/Users/lisanguyen/Documents/MLOps-project/.venv/lib/python3.10/site-packages/sklearn/linear_model/_least_angle.py:688: ConvergenceWarning: Regressors in active set degenerate. Dropping a regressor, after 338 iterations, i.e. alpha=6.268e+00, with an active set of 218 regressors, and the smallest cholesky pivot element being 5.162e-08. Reduce max_iter or increase eps parameters.
  warnings.warn(

2026-03-08 18:36:22,340:WARNING:/Users/lisanguyen/Documents/MLOps-project/.venv/lib/python3.10/site-packages/sklearn/linear_model/_least_angle.py:688: ConvergenceWarning: Regressors in active set degenerate. Dropping a regressor, after 340 iterations, i.e. alpha=6.051e+00, with an active set of 218 regressors, and the smallest cholesky pivot element being 5.960e-08. Reduce max_iter or increase eps parameters.
  warnings.warn(

2026-03-08 18:36:22,343:WARNING:/Users/lisanguyen/Documents/MLOps-project/.venv/lib/python3.10/site-packages/sklearn/linear_model/_least_angle.py:718: ConvergenceWarning: Early stopping the lars path, as the residues are small and the current value of alpha is no longer well controlled. 350 iterations, alpha=5.401e+00, previous alpha=5.401e+00, with an active set of 221 regressors.
  warnings.warn(

2026-03-08 18:36:22,355:WARNING:/Users/lisanguyen/Documents/MLOps-project/.venv/lib/python3.10/site-packages/sklearn/linear_model/_least_angle.py:688: ConvergenceWarning: Regressors in active set degenerate. Dropping a regressor, after 199 iterations, i.e. alpha=3.582e+01, with an active set of 161 regressors, and the smallest cholesky pivot element being 5.162e-08. Reduce max_iter or increase eps parameters.
  warnings.warn(

2026-03-08 18:36:22,363:WARNING:/Users/lisanguyen/Documents/MLOps-project/.venv/lib/python3.10/site-packages/sklearn/linear_model/_least_angle.py:688: ConvergenceWarning: Regressors in active set degenerate. Dropping a regressor, after 238 iterations, i.e. alpha=1.967e+01, with an active set of 188 regressors, and the smallest cholesky pivot element being 2.980e-08. Reduce max_iter or increase eps parameters.
  warnings.warn(

2026-03-08 18:36:22,364:WARNING:/Users/lisanguyen/Documents/MLOps-project/.venv/lib/python3.10/site-packages/sklearn/linear_model/_least_angle.py:688: ConvergenceWarning: Regressors in active set degenerate. Dropping a regressor, after 240 iterations, i.e. alpha=1.832e+01, with an active set of 190 regressors, and the smallest cholesky pivot element being 2.220e-16. Reduce max_iter or increase eps parameters.
  warnings.warn(

2026-03-08 18:36:22,366:WARNING:/Users/lisanguyen/Documents/MLOps-project/.venv/lib/python3.10/site-packages/sklearn/linear_model/_least_angle.py:688: ConvergenceWarning: Regressors in active set degenerate. Dropping a regressor, after 252 iterations, i.e. alpha=1.457e+01, with an active set of 196 regressors, and the smallest cholesky pivot element being 1.490e-08. Reduce max_iter or increase eps parameters.
  warnings.warn(

2026-03-08 18:36:22,369:WARNING:/Users/lisanguyen/Documents/MLOps-project/.venv/lib/python3.10/site-packages/sklearn/linear_model/_least_angle.py:688: ConvergenceWarning: Regressors in active set degenerate. Dropping a regressor, after 95 iterations, i.e. alpha=2.362e+02, with an active set of 79 regressors, and the smallest cholesky pivot element being 2.220e-16. Reduce max_iter or increase eps parameters.
  warnings.warn(

2026-03-08 18:36:22,369:WARNING:/Users/lisanguyen/Documents/MLOps-project/.venv/lib/python3.10/site-packages/sklearn/linear_model/_least_angle.py:688: ConvergenceWarning: Regressors in active set degenerate. Dropping a regressor, after 257 iterations, i.e. alpha=1.213e+01, with an active set of 199 regressors, and the smallest cholesky pivot element being 1.490e-08. Reduce max_iter or increase eps parameters.
  warnings.warn(

2026-03-08 18:36:22,372:WARNING:/Users/lisanguyen/Documents/MLOps-project/.venv/lib/python3.10/site-packages/sklearn/linear_model/_least_angle.py:688: ConvergenceWarning: Regressors in active set degenerate. Dropping a regressor, after 260 iterations, i.e. alpha=1.164e+01, with an active set of 202 regressors, and the smallest cholesky pivot element being 1.490e-08. Reduce max_iter or increase eps parameters.
  warnings.warn(

2026-03-08 18:36:22,372:WARNING:/Users/lisanguyen/Documents/MLOps-project/.venv/lib/python3.10/site-packages/sklearn/linear_model/_least_angle.py:688: ConvergenceWarning: Regressors in active set degenerate. Dropping a regressor, after 260 iterations, i.e. alpha=1.164e+01, with an active set of 202 regressors, and the smallest cholesky pivot element being 2.220e-16. Reduce max_iter or increase eps parameters.
  warnings.warn(

2026-03-08 18:36:22,373:WARNING:/Users/lisanguyen/Documents/MLOps-project/.venv/lib/python3.10/site-packages/sklearn/linear_model/_least_angle.py:718: ConvergenceWarning: Early stopping the lars path, as the residues are small and the current value of alpha is no longer well controlled. 262 iterations, alpha=1.164e+01, previous alpha=1.143e+01, with an active set of 203 regressors.
  warnings.warn(

2026-03-08 18:36:22,376:WARNING:/Users/lisanguyen/Documents/MLOps-project/.venv/lib/python3.10/site-packages/sklearn/linear_model/_least_angle.py:718: ConvergenceWarning: Early stopping the lars path, as the residues are small and the current value of alpha is no longer well controlled. 122 iterations, alpha=1.527e+02, previous alpha=1.497e+02, with an active set of 97 regressors.
  warnings.warn(

2026-03-08 18:36:22,440:INFO:Calculating mean and std
2026-03-08 18:36:22,441:INFO:Creating metrics dataframe
2026-03-08 18:36:22,441:INFO:Uploading results into container
2026-03-08 18:36:22,441:INFO:Uploading model into container now
2026-03-08 18:36:22,442:INFO:_master_model_container: 6
2026-03-08 18:36:22,442:INFO:_display_container: 2
2026-03-08 18:36:22,442:INFO:LassoLars(random_state=4957)
2026-03-08 18:36:22,442:INFO:create_model() successfully completed......................................
2026-03-08 18:36:22,485:INFO:SubProcess create_model() end ==================================
2026-03-08 18:36:22,486:INFO:Creating metrics dataframe
2026-03-08 18:36:22,486:INFO:Initializing Orthogonal Matching Pursuit
2026-03-08 18:36:22,486:INFO:Total runtime is 0.11444071531295777 minutes
2026-03-08 18:36:22,487:INFO:SubProcess create_model() called ==================================
2026-03-08 18:36:22,487:INFO:Initializing create_model()
2026-03-08 18:36:22,487:INFO:create_model(self=<pycaret.regression.oop.RegressionExperiment object at 0x11f2eb0d0>, estimator=omp, fold=KFold(n_splits=10, random_state=None, shuffle=False), round=4, cross_validation=True, predict=True, fit_kwargs={}, groups=None, refit=False, probability_threshold=None, experiment_custom_tags=None, verbose=False, system=False, add_to_model_list=True, metrics=None, display=<pycaret.internal.display.display.CommonDisplay object at 0x286316920>, model_only=True, return_train_score=False, error_score=0.0, kwargs={})
2026-03-08 18:36:22,487:INFO:Checking exceptions
2026-03-08 18:36:22,487:INFO:Importing libraries
2026-03-08 18:36:22,487:INFO:Copying training dataset
2026-03-08 18:36:22,491:INFO:Defining folds
2026-03-08 18:36:22,491:INFO:Declaring metric variables
2026-03-08 18:36:22,491:INFO:Importing untrained model
2026-03-08 18:36:22,491:INFO:Orthogonal Matching Pursuit Imported successfully
2026-03-08 18:36:22,491:INFO:Starting cross validation
2026-03-08 18:36:22,493:INFO:Cross validating with KFold(n_splits=10, random_state=None, shuffle=False), n_jobs=-1
2026-03-08 18:36:22,957:INFO:Calculating mean and std
2026-03-08 18:36:22,957:INFO:Creating metrics dataframe
2026-03-08 18:36:22,958:INFO:Uploading results into container
2026-03-08 18:36:22,958:INFO:Uploading model into container now
2026-03-08 18:36:22,958:INFO:_master_model_container: 7
2026-03-08 18:36:22,958:INFO:_display_container: 2
2026-03-08 18:36:22,958:INFO:OrthogonalMatchingPursuit()
2026-03-08 18:36:22,958:INFO:create_model() successfully completed......................................
2026-03-08 18:36:22,996:INFO:SubProcess create_model() end ==================================
2026-03-08 18:36:22,996:INFO:Creating metrics dataframe
2026-03-08 18:36:22,997:INFO:Initializing Bayesian Ridge
2026-03-08 18:36:22,997:INFO:Total runtime is 0.12294333378473918 minutes
2026-03-08 18:36:22,997:INFO:SubProcess create_model() called ==================================
2026-03-08 18:36:22,997:INFO:Initializing create_model()
2026-03-08 18:36:22,997:INFO:create_model(self=<pycaret.regression.oop.RegressionExperiment object at 0x11f2eb0d0>, estimator=br, fold=KFold(n_splits=10, random_state=None, shuffle=False), round=4, cross_validation=True, predict=True, fit_kwargs={}, groups=None, refit=False, probability_threshold=None, experiment_custom_tags=None, verbose=False, system=False, add_to_model_list=True, metrics=None, display=<pycaret.internal.display.display.CommonDisplay object at 0x286316920>, model_only=True, return_train_score=False, error_score=0.0, kwargs={})
2026-03-08 18:36:22,997:INFO:Checking exceptions
2026-03-08 18:36:22,997:INFO:Importing libraries
2026-03-08 18:36:22,997:INFO:Copying training dataset
2026-03-08 18:36:23,001:INFO:Defining folds
2026-03-08 18:36:23,001:INFO:Declaring metric variables
2026-03-08 18:36:23,001:INFO:Importing untrained model
2026-03-08 18:36:23,001:INFO:Bayesian Ridge Imported successfully
2026-03-08 18:36:23,001:INFO:Starting cross validation
2026-03-08 18:36:23,004:INFO:Cross validating with KFold(n_splits=10, random_state=None, shuffle=False), n_jobs=-1
2026-03-08 18:36:23,492:INFO:Calculating mean and std
2026-03-08 18:36:23,493:INFO:Creating metrics dataframe
2026-03-08 18:36:23,494:INFO:Uploading results into container
2026-03-08 18:36:23,494:INFO:Uploading model into container now
2026-03-08 18:36:23,494:INFO:_master_model_container: 8
2026-03-08 18:36:23,494:INFO:_display_container: 2
2026-03-08 18:36:23,494:INFO:BayesianRidge()
2026-03-08 18:36:23,494:INFO:create_model() successfully completed......................................
2026-03-08 18:36:23,532:INFO:SubProcess create_model() end ==================================
2026-03-08 18:36:23,532:INFO:Creating metrics dataframe
2026-03-08 18:36:23,533:INFO:Initializing Passive Aggressive Regressor
2026-03-08 18:36:23,533:INFO:Total runtime is 0.13188783327738443 minutes
2026-03-08 18:36:23,533:INFO:SubProcess create_model() called ==================================
2026-03-08 18:36:23,533:INFO:Initializing create_model()
2026-03-08 18:36:23,533:INFO:create_model(self=<pycaret.regression.oop.RegressionExperiment object at 0x11f2eb0d0>, estimator=par, fold=KFold(n_splits=10, random_state=None, shuffle=False), round=4, cross_validation=True, predict=True, fit_kwargs={}, groups=None, refit=False, probability_threshold=None, experiment_custom_tags=None, verbose=False, system=False, add_to_model_list=True, metrics=None, display=<pycaret.internal.display.display.CommonDisplay object at 0x286316920>, model_only=True, return_train_score=False, error_score=0.0, kwargs={})
2026-03-08 18:36:23,533:INFO:Checking exceptions
2026-03-08 18:36:23,533:INFO:Importing libraries
2026-03-08 18:36:23,534:INFO:Copying training dataset
2026-03-08 18:36:23,537:INFO:Defining folds
2026-03-08 18:36:23,537:INFO:Declaring metric variables
2026-03-08 18:36:23,538:INFO:Importing untrained model
2026-03-08 18:36:23,538:INFO:Passive Aggressive Regressor Imported successfully
2026-03-08 18:36:23,538:INFO:Starting cross validation
2026-03-08 18:36:23,540:INFO:Cross validating with KFold(n_splits=10, random_state=None, shuffle=False), n_jobs=-1
2026-03-08 18:36:24,000:INFO:Calculating mean and std
2026-03-08 18:36:24,001:INFO:Creating metrics dataframe
2026-03-08 18:36:24,002:INFO:Uploading results into container
2026-03-08 18:36:24,002:INFO:Uploading model into container now
2026-03-08 18:36:24,002:INFO:_master_model_container: 9
2026-03-08 18:36:24,002:INFO:_display_container: 2
2026-03-08 18:36:24,002:INFO:PassiveAggressiveRegressor(random_state=4957)
2026-03-08 18:36:24,002:INFO:create_model() successfully completed......................................
2026-03-08 18:36:24,042:INFO:SubProcess create_model() end ==================================
2026-03-08 18:36:24,042:INFO:Creating metrics dataframe
2026-03-08 18:36:24,042:INFO:Initializing Huber Regressor
2026-03-08 18:36:24,042:INFO:Total runtime is 0.14037404855092367 minutes
2026-03-08 18:36:24,043:INFO:SubProcess create_model() called ==================================
2026-03-08 18:36:24,043:INFO:Initializing create_model()
2026-03-08 18:36:24,043:INFO:create_model(self=<pycaret.regression.oop.RegressionExperiment object at 0x11f2eb0d0>, estimator=huber, fold=KFold(n_splits=10, random_state=None, shuffle=False), round=4, cross_validation=True, predict=True, fit_kwargs={}, groups=None, refit=False, probability_threshold=None, experiment_custom_tags=None, verbose=False, system=False, add_to_model_list=True, metrics=None, display=<pycaret.internal.display.display.CommonDisplay object at 0x286316920>, model_only=True, return_train_score=False, error_score=0.0, kwargs={})
2026-03-08 18:36:24,043:INFO:Checking exceptions
2026-03-08 18:36:24,043:INFO:Importing libraries
2026-03-08 18:36:24,043:INFO:Copying training dataset
2026-03-08 18:36:24,047:INFO:Defining folds
2026-03-08 18:36:24,047:INFO:Declaring metric variables
2026-03-08 18:36:24,047:INFO:Importing untrained model
2026-03-08 18:36:24,047:INFO:Huber Regressor Imported successfully
2026-03-08 18:36:24,047:INFO:Starting cross validation
2026-03-08 18:36:24,050:INFO:Cross validating with KFold(n_splits=10, random_state=None, shuffle=False), n_jobs=-1
2026-03-08 18:36:24,465:WARNING:/Users/lisanguyen/Documents/MLOps-project/.venv/lib/python3.10/site-packages/sklearn/linear_model/_huber.py:342: ConvergenceWarning: lbfgs failed to converge (status=1):
STOP: TOTAL NO. of ITERATIONS REACHED LIMIT.

Increase the number of iterations (max_iter) or scale the data as shown in:
    https://scikit-learn.org/stable/modules/preprocessing.html
  self.n_iter_ = _check_optimize_result("lbfgs", opt_res, self.max_iter)

2026-03-08 18:36:24,510:WARNING:/Users/lisanguyen/Documents/MLOps-project/.venv/lib/python3.10/site-packages/sklearn/linear_model/_huber.py:342: ConvergenceWarning: lbfgs failed to converge (status=1):
STOP: TOTAL NO. of ITERATIONS REACHED LIMIT.

Increase the number of iterations (max_iter) or scale the data as shown in:
    https://scikit-learn.org/stable/modules/preprocessing.html
  self.n_iter_ = _check_optimize_result("lbfgs", opt_res, self.max_iter)

2026-03-08 18:36:24,513:WARNING:/Users/lisanguyen/Documents/MLOps-project/.venv/lib/python3.10/site-packages/sklearn/linear_model/_huber.py:342: ConvergenceWarning: lbfgs failed to converge (status=1):
STOP: TOTAL NO. of ITERATIONS REACHED LIMIT.

Increase the number of iterations (max_iter) or scale the data as shown in:
    https://scikit-learn.org/stable/modules/preprocessing.html
  self.n_iter_ = _check_optimize_result("lbfgs", opt_res, self.max_iter)

2026-03-08 18:36:24,529:WARNING:/Users/lisanguyen/Documents/MLOps-project/.venv/lib/python3.10/site-packages/sklearn/linear_model/_huber.py:342: ConvergenceWarning: lbfgs failed to converge (status=1):
STOP: TOTAL NO. of ITERATIONS REACHED LIMIT.

Increase the number of iterations (max_iter) or scale the data as shown in:
    https://scikit-learn.org/stable/modules/preprocessing.html
  self.n_iter_ = _check_optimize_result("lbfgs", opt_res, self.max_iter)

2026-03-08 18:36:24,530:WARNING:/Users/lisanguyen/Documents/MLOps-project/.venv/lib/python3.10/site-packages/sklearn/linear_model/_huber.py:342: ConvergenceWarning: lbfgs failed to converge (status=1):
STOP: TOTAL NO. of ITERATIONS REACHED LIMIT.

Increase the number of iterations (max_iter) or scale the data as shown in:
    https://scikit-learn.org/stable/modules/preprocessing.html
  self.n_iter_ = _check_optimize_result("lbfgs", opt_res, self.max_iter)

2026-03-08 18:36:24,536:WARNING:/Users/lisanguyen/Documents/MLOps-project/.venv/lib/python3.10/site-packages/sklearn/linear_model/_huber.py:342: ConvergenceWarning: lbfgs failed to converge (status=1):
STOP: TOTAL NO. of ITERATIONS REACHED LIMIT.

Increase the number of iterations (max_iter) or scale the data as shown in:
    https://scikit-learn.org/stable/modules/preprocessing.html
  self.n_iter_ = _check_optimize_result("lbfgs", opt_res, self.max_iter)

2026-03-08 18:36:24,542:WARNING:/Users/lisanguyen/Documents/MLOps-project/.venv/lib/python3.10/site-packages/sklearn/linear_model/_huber.py:342: ConvergenceWarning: lbfgs failed to converge (status=1):
STOP: TOTAL NO. of ITERATIONS REACHED LIMIT.

Increase the number of iterations (max_iter) or scale the data as shown in:
    https://scikit-learn.org/stable/modules/preprocessing.html
  self.n_iter_ = _check_optimize_result("lbfgs", opt_res, self.max_iter)

2026-03-08 18:36:24,547:WARNING:/Users/lisanguyen/Documents/MLOps-project/.venv/lib/python3.10/site-packages/sklearn/linear_model/_huber.py:342: ConvergenceWarning: lbfgs failed to converge (status=1):
STOP: TOTAL NO. of ITERATIONS REACHED LIMIT.

Increase the number of iterations (max_iter) or scale the data as shown in:
    https://scikit-learn.org/stable/modules/preprocessing.html
  self.n_iter_ = _check_optimize_result("lbfgs", opt_res, self.max_iter)

2026-03-08 18:36:24,560:WARNING:/Users/lisanguyen/Documents/MLOps-project/.venv/lib/python3.10/site-packages/sklearn/linear_model/_huber.py:342: ConvergenceWarning: lbfgs failed to converge (status=1):
STOP: TOTAL NO. of ITERATIONS REACHED LIMIT.

Increase the number of iterations (max_iter) or scale the data as shown in:
    https://scikit-learn.org/stable/modules/preprocessing.html
  self.n_iter_ = _check_optimize_result("lbfgs", opt_res, self.max_iter)

2026-03-08 18:36:24,623:WARNING:/Users/lisanguyen/Documents/MLOps-project/.venv/lib/python3.10/site-packages/sklearn/linear_model/_huber.py:342: ConvergenceWarning: lbfgs failed to converge (status=1):
STOP: TOTAL NO. of ITERATIONS REACHED LIMIT.

Increase the number of iterations (max_iter) or scale the data as shown in:
    https://scikit-learn.org/stable/modules/preprocessing.html
  self.n_iter_ = _check_optimize_result("lbfgs", opt_res, self.max_iter)

2026-03-08 18:36:24,710:INFO:Calculating mean and std
2026-03-08 18:36:24,710:INFO:Creating metrics dataframe
2026-03-08 18:36:24,711:INFO:Uploading results into container
2026-03-08 18:36:24,711:INFO:Uploading model into container now
2026-03-08 18:36:24,712:INFO:_master_model_container: 10
2026-03-08 18:36:24,712:INFO:_display_container: 2
2026-03-08 18:36:24,712:INFO:HuberRegressor()
2026-03-08 18:36:24,712:INFO:create_model() successfully completed......................................
2026-03-08 18:36:24,748:INFO:SubProcess create_model() end ==================================
2026-03-08 18:36:24,749:INFO:Creating metrics dataframe
2026-03-08 18:36:24,749:INFO:Initializing K Neighbors Regressor
2026-03-08 18:36:24,749:INFO:Total runtime is 0.15215771595637004 minutes
2026-03-08 18:36:24,750:INFO:SubProcess create_model() called ==================================
2026-03-08 18:36:24,750:INFO:Initializing create_model()
2026-03-08 18:36:24,750:INFO:create_model(self=<pycaret.regression.oop.RegressionExperiment object at 0x11f2eb0d0>, estimator=knn, fold=KFold(n_splits=10, random_state=None, shuffle=False), round=4, cross_validation=True, predict=True, fit_kwargs={}, groups=None, refit=False, probability_threshold=None, experiment_custom_tags=None, verbose=False, system=False, add_to_model_list=True, metrics=None, display=<pycaret.internal.display.display.CommonDisplay object at 0x286316920>, model_only=True, return_train_score=False, error_score=0.0, kwargs={})
2026-03-08 18:36:24,750:INFO:Checking exceptions
2026-03-08 18:36:24,750:INFO:Importing libraries
2026-03-08 18:36:24,750:INFO:Copying training dataset
2026-03-08 18:36:24,754:INFO:Defining folds
2026-03-08 18:36:24,754:INFO:Declaring metric variables
2026-03-08 18:36:24,754:INFO:Importing untrained model
2026-03-08 18:36:24,754:INFO:K Neighbors Regressor Imported successfully
2026-03-08 18:36:24,754:INFO:Starting cross validation
2026-03-08 18:36:24,756:INFO:Cross validating with KFold(n_splits=10, random_state=None, shuffle=False), n_jobs=-1
2026-03-08 18:36:25,194:INFO:Calculating mean and std
2026-03-08 18:36:25,194:INFO:Creating metrics dataframe
2026-03-08 18:36:25,195:INFO:Uploading results into container
2026-03-08 18:36:25,195:INFO:Uploading model into container now
2026-03-08 18:36:25,195:INFO:_master_model_container: 11
2026-03-08 18:36:25,195:INFO:_display_container: 2
2026-03-08 18:36:25,195:INFO:KNeighborsRegressor(n_jobs=-1)
2026-03-08 18:36:25,195:INFO:create_model() successfully completed......................................
2026-03-08 18:36:25,231:INFO:SubProcess create_model() end ==================================
2026-03-08 18:36:25,231:INFO:Creating metrics dataframe
2026-03-08 18:36:25,231:INFO:Initializing Decision Tree Regressor
2026-03-08 18:36:25,232:INFO:Total runtime is 0.16019126574198406 minutes
2026-03-08 18:36:25,232:INFO:SubProcess create_model() called ==================================
2026-03-08 18:36:25,232:INFO:Initializing create_model()
2026-03-08 18:36:25,232:INFO:create_model(self=<pycaret.regression.oop.RegressionExperiment object at 0x11f2eb0d0>, estimator=dt, fold=KFold(n_splits=10, random_state=None, shuffle=False), round=4, cross_validation=True, predict=True, fit_kwargs={}, groups=None, refit=False, probability_threshold=None, experiment_custom_tags=None, verbose=False, system=False, add_to_model_list=True, metrics=None, display=<pycaret.internal.display.display.CommonDisplay object at 0x286316920>, model_only=True, return_train_score=False, error_score=0.0, kwargs={})
2026-03-08 18:36:25,232:INFO:Checking exceptions
2026-03-08 18:36:25,232:INFO:Importing libraries
2026-03-08 18:36:25,232:INFO:Copying training dataset
2026-03-08 18:36:25,236:INFO:Defining folds
2026-03-08 18:36:25,236:INFO:Declaring metric variables
2026-03-08 18:36:25,236:INFO:Importing untrained model
2026-03-08 18:36:25,236:INFO:Decision Tree Regressor Imported successfully
2026-03-08 18:36:25,236:INFO:Starting cross validation
2026-03-08 18:36:25,238:INFO:Cross validating with KFold(n_splits=10, random_state=None, shuffle=False), n_jobs=-1
2026-03-08 18:36:25,690:INFO:Calculating mean and std
2026-03-08 18:36:25,690:INFO:Creating metrics dataframe
2026-03-08 18:36:25,691:INFO:Uploading results into container
2026-03-08 18:36:25,691:INFO:Uploading model into container now
2026-03-08 18:36:25,691:INFO:_master_model_container: 12
2026-03-08 18:36:25,691:INFO:_display_container: 2
2026-03-08 18:36:25,692:INFO:DecisionTreeRegressor(random_state=4957)
2026-03-08 18:36:25,692:INFO:create_model() successfully completed......................................
2026-03-08 18:36:25,729:INFO:SubProcess create_model() end ==================================
2026-03-08 18:36:25,729:INFO:Creating metrics dataframe
2026-03-08 18:36:25,730:INFO:Initializing Random Forest Regressor
2026-03-08 18:36:25,730:INFO:Total runtime is 0.16849300066630046 minutes
2026-03-08 18:36:25,730:INFO:SubProcess create_model() called ==================================
2026-03-08 18:36:25,730:INFO:Initializing create_model()
2026-03-08 18:36:25,730:INFO:create_model(self=<pycaret.regression.oop.RegressionExperiment object at 0x11f2eb0d0>, estimator=rf, fold=KFold(n_splits=10, random_state=None, shuffle=False), round=4, cross_validation=True, predict=True, fit_kwargs={}, groups=None, refit=False, probability_threshold=None, experiment_custom_tags=None, verbose=False, system=False, add_to_model_list=True, metrics=None, display=<pycaret.internal.display.display.CommonDisplay object at 0x286316920>, model_only=True, return_train_score=False, error_score=0.0, kwargs={})
2026-03-08 18:36:25,730:INFO:Checking exceptions
2026-03-08 18:36:25,730:INFO:Importing libraries
2026-03-08 18:36:25,730:INFO:Copying training dataset
2026-03-08 18:36:25,734:INFO:Defining folds
2026-03-08 18:36:25,734:INFO:Declaring metric variables
2026-03-08 18:36:25,734:INFO:Importing untrained model
2026-03-08 18:36:25,734:INFO:Random Forest Regressor Imported successfully
2026-03-08 18:36:25,734:INFO:Starting cross validation
2026-03-08 18:36:25,737:INFO:Cross validating with KFold(n_splits=10, random_state=None, shuffle=False), n_jobs=-1
2026-03-08 18:36:27,443:INFO:Calculating mean and std
2026-03-08 18:36:27,443:INFO:Creating metrics dataframe
2026-03-08 18:36:27,444:INFO:Uploading results into container
2026-03-08 18:36:27,444:INFO:Uploading model into container now
2026-03-08 18:36:27,444:INFO:_master_model_container: 13
2026-03-08 18:36:27,444:INFO:_display_container: 2
2026-03-08 18:36:27,444:INFO:RandomForestRegressor(n_jobs=-1, random_state=4957)
2026-03-08 18:36:27,444:INFO:create_model() successfully completed......................................
2026-03-08 18:36:27,481:INFO:SubProcess create_model() end ==================================
2026-03-08 18:36:27,481:INFO:Creating metrics dataframe
2026-03-08 18:36:27,482:INFO:Initializing Extra Trees Regressor
2026-03-08 18:36:27,482:INFO:Total runtime is 0.19769304990768433 minutes
2026-03-08 18:36:27,482:INFO:SubProcess create_model() called ==================================
2026-03-08 18:36:27,482:INFO:Initializing create_model()
2026-03-08 18:36:27,482:INFO:create_model(self=<pycaret.regression.oop.RegressionExperiment object at 0x11f2eb0d0>, estimator=et, fold=KFold(n_splits=10, random_state=None, shuffle=False), round=4, cross_validation=True, predict=True, fit_kwargs={}, groups=None, refit=False, probability_threshold=None, experiment_custom_tags=None, verbose=False, system=False, add_to_model_list=True, metrics=None, display=<pycaret.internal.display.display.CommonDisplay object at 0x286316920>, model_only=True, return_train_score=False, error_score=0.0, kwargs={})
2026-03-08 18:36:27,482:INFO:Checking exceptions
2026-03-08 18:36:27,482:INFO:Importing libraries
2026-03-08 18:36:27,482:INFO:Copying training dataset
2026-03-08 18:36:27,486:INFO:Defining folds
2026-03-08 18:36:27,486:INFO:Declaring metric variables
2026-03-08 18:36:27,486:INFO:Importing untrained model
2026-03-08 18:36:27,486:INFO:Extra Trees Regressor Imported successfully
2026-03-08 18:36:27,486:INFO:Starting cross validation
2026-03-08 18:36:27,489:INFO:Cross validating with KFold(n_splits=10, random_state=None, shuffle=False), n_jobs=-1
2026-03-08 18:36:29,193:INFO:Calculating mean and std
2026-03-08 18:36:29,194:INFO:Creating metrics dataframe
2026-03-08 18:36:29,194:INFO:Uploading results into container
2026-03-08 18:36:29,195:INFO:Uploading model into container now
2026-03-08 18:36:29,195:INFO:_master_model_container: 14
2026-03-08 18:36:29,195:INFO:_display_container: 2
2026-03-08 18:36:29,195:INFO:ExtraTreesRegressor(n_jobs=-1, random_state=4957)
2026-03-08 18:36:29,195:INFO:create_model() successfully completed......................................
2026-03-08 18:36:29,230:INFO:SubProcess create_model() end ==================================
2026-03-08 18:36:29,230:INFO:Creating metrics dataframe
2026-03-08 18:36:29,231:INFO:Initializing AdaBoost Regressor
2026-03-08 18:36:29,231:INFO:Total runtime is 0.22684988578160603 minutes
2026-03-08 18:36:29,231:INFO:SubProcess create_model() called ==================================
2026-03-08 18:36:29,231:INFO:Initializing create_model()
2026-03-08 18:36:29,231:INFO:create_model(self=<pycaret.regression.oop.RegressionExperiment object at 0x11f2eb0d0>, estimator=ada, fold=KFold(n_splits=10, random_state=None, shuffle=False), round=4, cross_validation=True, predict=True, fit_kwargs={}, groups=None, refit=False, probability_threshold=None, experiment_custom_tags=None, verbose=False, system=False, add_to_model_list=True, metrics=None, display=<pycaret.internal.display.display.CommonDisplay object at 0x286316920>, model_only=True, return_train_score=False, error_score=0.0, kwargs={})
2026-03-08 18:36:29,231:INFO:Checking exceptions
2026-03-08 18:36:29,231:INFO:Importing libraries
2026-03-08 18:36:29,231:INFO:Copying training dataset
2026-03-08 18:36:29,235:INFO:Defining folds
2026-03-08 18:36:29,235:INFO:Declaring metric variables
2026-03-08 18:36:29,235:INFO:Importing untrained model
2026-03-08 18:36:29,236:INFO:AdaBoost Regressor Imported successfully
2026-03-08 18:36:29,236:INFO:Starting cross validation
2026-03-08 18:36:29,238:INFO:Cross validating with KFold(n_splits=10, random_state=None, shuffle=False), n_jobs=-1
2026-03-08 18:36:29,924:INFO:Calculating mean and std
2026-03-08 18:36:29,925:INFO:Creating metrics dataframe
2026-03-08 18:36:29,925:INFO:Uploading results into container
2026-03-08 18:36:29,926:INFO:Uploading model into container now
2026-03-08 18:36:29,926:INFO:_master_model_container: 15
2026-03-08 18:36:29,926:INFO:_display_container: 2
2026-03-08 18:36:29,926:INFO:AdaBoostRegressor(random_state=4957)
2026-03-08 18:36:29,926:INFO:create_model() successfully completed......................................
2026-03-08 18:36:29,961:INFO:SubProcess create_model() end ==================================
2026-03-08 18:36:29,961:INFO:Creating metrics dataframe
2026-03-08 18:36:29,962:INFO:Initializing Gradient Boosting Regressor
2026-03-08 18:36:29,962:INFO:Total runtime is 0.23903348445892333 minutes
2026-03-08 18:36:29,962:INFO:SubProcess create_model() called ==================================
2026-03-08 18:36:29,962:INFO:Initializing create_model()
2026-03-08 18:36:29,962:INFO:create_model(self=<pycaret.regression.oop.RegressionExperiment object at 0x11f2eb0d0>, estimator=gbr, fold=KFold(n_splits=10, random_state=None, shuffle=False), round=4, cross_validation=True, predict=True, fit_kwargs={}, groups=None, refit=False, probability_threshold=None, experiment_custom_tags=None, verbose=False, system=False, add_to_model_list=True, metrics=None, display=<pycaret.internal.display.display.CommonDisplay object at 0x286316920>, model_only=True, return_train_score=False, error_score=0.0, kwargs={})
2026-03-08 18:36:29,962:INFO:Checking exceptions
2026-03-08 18:36:29,962:INFO:Importing libraries
2026-03-08 18:36:29,962:INFO:Copying training dataset
2026-03-08 18:36:29,966:INFO:Defining folds
2026-03-08 18:36:29,966:INFO:Declaring metric variables
2026-03-08 18:36:29,966:INFO:Importing untrained model
2026-03-08 18:36:29,967:INFO:Gradient Boosting Regressor Imported successfully
2026-03-08 18:36:29,967:INFO:Starting cross validation
2026-03-08 18:36:29,969:INFO:Cross validating with KFold(n_splits=10, random_state=None, shuffle=False), n_jobs=-1
2026-03-08 18:36:30,880:INFO:Calculating mean and std
2026-03-08 18:36:30,880:INFO:Creating metrics dataframe
2026-03-08 18:36:30,881:INFO:Uploading results into container
2026-03-08 18:36:30,881:INFO:Uploading model into container now
2026-03-08 18:36:30,881:INFO:_master_model_container: 16
2026-03-08 18:36:30,881:INFO:_display_container: 2
2026-03-08 18:36:30,881:INFO:GradientBoostingRegressor(random_state=4957)
2026-03-08 18:36:30,881:INFO:create_model() successfully completed......................................
2026-03-08 18:36:30,916:INFO:SubProcess create_model() end ==================================
2026-03-08 18:36:30,916:INFO:Creating metrics dataframe
2026-03-08 18:36:30,917:INFO:Initializing Light Gradient Boosting Machine
2026-03-08 18:36:30,917:INFO:Total runtime is 0.25494526624679564 minutes
2026-03-08 18:36:30,917:INFO:SubProcess create_model() called ==================================
2026-03-08 18:36:30,917:INFO:Initializing create_model()
2026-03-08 18:36:30,917:INFO:create_model(self=<pycaret.regression.oop.RegressionExperiment object at 0x11f2eb0d0>, estimator=lightgbm, fold=KFold(n_splits=10, random_state=None, shuffle=False), round=4, cross_validation=True, predict=True, fit_kwargs={}, groups=None, refit=False, probability_threshold=None, experiment_custom_tags=None, verbose=False, system=False, add_to_model_list=True, metrics=None, display=<pycaret.internal.display.display.CommonDisplay object at 0x286316920>, model_only=True, return_train_score=False, error_score=0.0, kwargs={})
2026-03-08 18:36:30,917:INFO:Checking exceptions
2026-03-08 18:36:30,917:INFO:Importing libraries
2026-03-08 18:36:30,917:INFO:Copying training dataset
2026-03-08 18:36:30,921:INFO:Defining folds
2026-03-08 18:36:30,921:INFO:Declaring metric variables
2026-03-08 18:36:30,921:INFO:Importing untrained model
2026-03-08 18:36:30,921:INFO:Light Gradient Boosting Machine Imported successfully
2026-03-08 18:36:30,921:INFO:Starting cross validation
2026-03-08 18:36:30,924:INFO:Cross validating with KFold(n_splits=10, random_state=None, shuffle=False), n_jobs=-1
2026-03-08 18:36:35,001:INFO:Calculating mean and std
2026-03-08 18:36:35,002:INFO:Creating metrics dataframe
2026-03-08 18:36:35,003:INFO:Uploading results into container
2026-03-08 18:36:35,003:INFO:Uploading model into container now
2026-03-08 18:36:35,003:INFO:_master_model_container: 17
2026-03-08 18:36:35,003:INFO:_display_container: 2
2026-03-08 18:36:35,003:INFO:LGBMRegressor(n_jobs=-1, random_state=4957)
2026-03-08 18:36:35,003:INFO:create_model() successfully completed......................................
2026-03-08 18:36:35,038:INFO:SubProcess create_model() end ==================================
2026-03-08 18:36:35,038:INFO:Creating metrics dataframe
2026-03-08 18:36:35,039:INFO:Initializing Dummy Regressor
2026-03-08 18:36:35,039:INFO:Total runtime is 0.3236528992652893 minutes
2026-03-08 18:36:35,039:INFO:SubProcess create_model() called ==================================
2026-03-08 18:36:35,039:INFO:Initializing create_model()
2026-03-08 18:36:35,039:INFO:create_model(self=<pycaret.regression.oop.RegressionExperiment object at 0x11f2eb0d0>, estimator=dummy, fold=KFold(n_splits=10, random_state=None, shuffle=False), round=4, cross_validation=True, predict=True, fit_kwargs={}, groups=None, refit=False, probability_threshold=None, experiment_custom_tags=None, verbose=False, system=False, add_to_model_list=True, metrics=None, display=<pycaret.internal.display.display.CommonDisplay object at 0x286316920>, model_only=True, return_train_score=False, error_score=0.0, kwargs={})
2026-03-08 18:36:35,039:INFO:Checking exceptions
2026-03-08 18:36:35,039:INFO:Importing libraries
2026-03-08 18:36:35,039:INFO:Copying training dataset
2026-03-08 18:36:35,043:INFO:Defining folds
2026-03-08 18:36:35,043:INFO:Declaring metric variables
2026-03-08 18:36:35,043:INFO:Importing untrained model
2026-03-08 18:36:35,043:INFO:Dummy Regressor Imported successfully
2026-03-08 18:36:35,044:INFO:Starting cross validation
2026-03-08 18:36:35,046:INFO:Cross validating with KFold(n_splits=10, random_state=None, shuffle=False), n_jobs=-1
2026-03-08 18:36:35,465:INFO:Calculating mean and std
2026-03-08 18:36:35,465:INFO:Creating metrics dataframe
2026-03-08 18:36:35,466:INFO:Uploading results into container
2026-03-08 18:36:35,466:INFO:Uploading model into container now
2026-03-08 18:36:35,466:INFO:_master_model_container: 18
2026-03-08 18:36:35,466:INFO:_display_container: 2
2026-03-08 18:36:35,467:INFO:DummyRegressor()
2026-03-08 18:36:35,467:INFO:create_model() successfully completed......................................
2026-03-08 18:36:35,502:INFO:SubProcess create_model() end ==================================
2026-03-08 18:36:35,502:INFO:Creating metrics dataframe
2026-03-08 18:36:35,505:WARNING:/Users/lisanguyen/Documents/MLOps-project/.venv/lib/python3.10/site-packages/pycaret/internal/pycaret_experiment/supervised_experiment.py:323: FutureWarning: Styler.applymap has been deprecated. Use Styler.map instead.
  master_display_.apply(

2026-03-08 18:36:35,506:INFO:Initializing create_model()
2026-03-08 18:36:35,506:INFO:create_model(self=<pycaret.regression.oop.RegressionExperiment object at 0x11f2eb0d0>, estimator=LGBMRegressor(n_jobs=-1, random_state=4957), fold=KFold(n_splits=10, random_state=None, shuffle=False), round=4, cross_validation=False, predict=False, fit_kwargs={}, groups=None, refit=True, probability_threshold=None, experiment_custom_tags=None, verbose=False, system=False, add_to_model_list=True, metrics=None, display=None, model_only=True, return_train_score=False, error_score=0.0, kwargs={})
2026-03-08 18:36:35,506:INFO:Checking exceptions
2026-03-08 18:36:35,506:INFO:Importing libraries
2026-03-08 18:36:35,506:INFO:Copying training dataset
2026-03-08 18:36:35,510:INFO:Defining folds
2026-03-08 18:36:35,510:INFO:Declaring metric variables
2026-03-08 18:36:35,510:INFO:Importing untrained model
2026-03-08 18:36:35,510:INFO:Declaring custom model
2026-03-08 18:36:35,511:INFO:Light Gradient Boosting Machine Imported successfully
2026-03-08 18:36:35,513:INFO:Cross validation set to False
2026-03-08 18:36:35,513:INFO:Fitting Model
2026-03-08 18:36:35,668:INFO:[LightGBM] [Warning] Found whitespace in feature_names, replace with underlines
2026-03-08 18:36:35,674:INFO:[LightGBM] [Info] Auto-choosing row-wise multi-threading, the overhead of testing was 0.003040 seconds.
2026-03-08 18:36:35,674:INFO:You can set `force_row_wise=true` to remove the overhead.
2026-03-08 18:36:35,674:INFO:And if memory is not enough, you can set `force_col_wise=true`.
2026-03-08 18:36:35,674:INFO:[LightGBM] [Info] Total Bins 3296
2026-03-08 18:36:35,674:INFO:[LightGBM] [Info] Number of data points in the train set: 1021, number of used features: 167
2026-03-08 18:36:35,675:INFO:[LightGBM] [Info] Start training from score 179858.132223
2026-03-08 18:36:36,085:INFO:LGBMRegressor(n_jobs=-1, random_state=4957)
2026-03-08 18:36:36,085:INFO:create_model() successfully completed......................................
2026-03-08 18:36:36,125:INFO:_master_model_container: 18
2026-03-08 18:36:36,126:INFO:_display_container: 2
2026-03-08 18:36:36,126:INFO:LGBMRegressor(n_jobs=-1, random_state=4957)
2026-03-08 18:36:36,126:INFO:compare_models() successfully completed......................................
2026-03-08 19:29:35,149:WARNING:
'cuml' is a soft dependency and not included in the pycaret installation. Please run: `pip install cuml` to install.
2026-03-08 19:29:35,149:WARNING:
'cuml' is a soft dependency and not included in the pycaret installation. Please run: `pip install cuml` to install.
2026-03-08 19:29:35,149:WARNING:
'cuml' is a soft dependency and not included in the pycaret installation. Please run: `pip install cuml` to install.
2026-03-08 19:29:35,149:WARNING:
'cuml' is a soft dependency and not included in the pycaret installation. Please run: `pip install cuml` to install.
2026-03-08 19:29:35,248:INFO:PyCaret RegressionExperiment
2026-03-08 19:29:35,248:INFO:Logging name: reg-default-name
2026-03-08 19:29:35,248:INFO:ML Usecase: MLUsecase.REGRESSION
2026-03-08 19:29:35,249:INFO:version 3.3.2
2026-03-08 19:29:35,249:INFO:Initializing setup()
2026-03-08 19:29:35,249:INFO:self.USI: b757
2026-03-08 19:29:35,249:INFO:self._variable_keys: {'pipeline', 'X', 'USI', 'memory', 'fold_groups_param', 'fold_generator', 'X_train', 'transform_target_param', 'fold_shuffle_param', 'data', 'log_plots_param', 'exp_name_log', 'n_jobs_param', 'y_train', 'idx', 'seed', '_ml_usecase', 'logging_param', 'gpu_param', 'y_test', '_available_plots', 'gpu_n_jobs_param', 'html_param', 'y', 'X_test', 'exp_id', 'target_param'}
2026-03-08 19:29:35,249:INFO:Checking environment
2026-03-08 19:29:35,249:INFO:python_version: 3.10.6
2026-03-08 19:29:35,249:INFO:python_build: ('v3.10.6:9c7b4bd164', 'Aug  1 2022 17:13:48')
2026-03-08 19:29:35,249:INFO:machine: arm64
2026-03-08 19:29:35,261:INFO:platform: macOS-14.3-arm64-arm-64bit
2026-03-08 19:29:35,261:INFO:Memory: svmem(total=19327352832, available=5148803072, percent=73.4, used=7254212608, free=55541760, active=4976427008, inactive=5004394496, wired=2277785600)
2026-03-08 19:29:35,261:INFO:Physical Core: 11
2026-03-08 19:29:35,261:INFO:Logical Core: 11
2026-03-08 19:29:35,261:INFO:Checking libraries
2026-03-08 19:29:35,261:INFO:System:
2026-03-08 19:29:35,261:INFO:    python: 3.10.6 (v3.10.6:9c7b4bd164, Aug  1 2022, 17:13:48) [Clang 13.0.0 (clang-1300.0.29.30)]
2026-03-08 19:29:35,261:INFO:executable: /Users/lisanguyen/Documents/MLOps-project/.venv/bin/python
2026-03-08 19:29:35,261:INFO:   machine: macOS-14.3-arm64-arm-64bit
2026-03-08 19:29:35,261:INFO:PyCaret required dependencies:
2026-03-08 19:29:35,277:INFO:                 pip: 22.2.1
2026-03-08 19:29:35,277:INFO:          setuptools: 63.2.0
2026-03-08 19:29:35,277:INFO:             pycaret: 3.3.2
2026-03-08 19:29:35,277:INFO:             IPython: 8.38.0
2026-03-08 19:29:35,277:INFO:          ipywidgets: 8.1.8
2026-03-08 19:29:35,277:INFO:                tqdm: 4.67.3
2026-03-08 19:29:35,277:INFO:               numpy: 1.26.4
2026-03-08 19:29:35,277:INFO:              pandas: 2.1.4
2026-03-08 19:29:35,277:INFO:              jinja2: 3.1.6
2026-03-08 19:29:35,277:INFO:               scipy: 1.11.4
2026-03-08 19:29:35,277:INFO:              joblib: 1.3.2
2026-03-08 19:29:35,277:INFO:             sklearn: 1.4.2
2026-03-08 19:29:35,277:INFO:                pyod: 2.0.7
2026-03-08 19:29:35,277:INFO:            imblearn: 0.14.1
2026-03-08 19:29:35,277:INFO:   category_encoders: 2.7.0
2026-03-08 19:29:35,277:INFO:            lightgbm: 4.6.0
2026-03-08 19:29:35,277:INFO:               numba: 0.64.0
2026-03-08 19:29:35,277:INFO:            requests: 2.32.5
2026-03-08 19:29:35,277:INFO:          matplotlib: 3.7.5
2026-03-08 19:29:35,277:INFO:          scikitplot: 0.3.7
2026-03-08 19:29:35,277:INFO:         yellowbrick: 1.5
2026-03-08 19:29:35,277:INFO:              plotly: 6.6.0
2026-03-08 19:29:35,277:INFO:    plotly-resampler: Not installed
2026-03-08 19:29:35,277:INFO:             kaleido: 1.2.0
2026-03-08 19:29:35,277:INFO:           schemdraw: 0.15
2026-03-08 19:29:35,277:INFO:         statsmodels: 0.14.6
2026-03-08 19:29:35,277:INFO:              sktime: 0.26.0
2026-03-08 19:29:35,277:INFO:               tbats: 1.1.3
2026-03-08 19:29:35,277:INFO:            pmdarima: 2.0.4
2026-03-08 19:29:35,277:INFO:              psutil: 7.2.2
2026-03-08 19:29:35,277:INFO:          markupsafe: 3.0.3
2026-03-08 19:29:35,277:INFO:             pickle5: Not installed
2026-03-08 19:29:35,277:INFO:         cloudpickle: 3.1.2
2026-03-08 19:29:35,277:INFO:         deprecation: 2.1.0
2026-03-08 19:29:35,277:INFO:              xxhash: 3.6.0
2026-03-08 19:29:35,277:INFO:           wurlitzer: 3.1.1
2026-03-08 19:29:35,277:INFO:PyCaret optional dependencies:
2026-03-08 19:29:35,403:INFO:                shap: Not installed
2026-03-08 19:29:35,403:INFO:           interpret: Not installed
2026-03-08 19:29:35,403:INFO:                umap: Not installed
2026-03-08 19:29:35,403:INFO:     ydata_profiling: Not installed
2026-03-08 19:29:35,403:INFO:  explainerdashboard: Not installed
2026-03-08 19:29:35,403:INFO:             autoviz: Not installed
2026-03-08 19:29:35,403:INFO:           fairlearn: Not installed
2026-03-08 19:29:35,403:INFO:          deepchecks: Not installed
2026-03-08 19:29:35,403:INFO:             xgboost: Not installed
2026-03-08 19:29:35,403:INFO:            catboost: Not installed
2026-03-08 19:29:35,403:INFO:              kmodes: Not installed
2026-03-08 19:29:35,403:INFO:             mlxtend: Not installed
2026-03-08 19:29:35,403:INFO:       statsforecast: Not installed
2026-03-08 19:29:35,403:INFO:        tune_sklearn: Not installed
2026-03-08 19:29:35,403:INFO:                 ray: Not installed
2026-03-08 19:29:35,403:INFO:            hyperopt: Not installed
2026-03-08 19:29:35,403:INFO:              optuna: Not installed
2026-03-08 19:29:35,403:INFO:               skopt: Not installed
2026-03-08 19:29:35,403:INFO:              mlflow: Not installed
2026-03-08 19:29:35,403:INFO:              gradio: Not installed
2026-03-08 19:29:35,403:INFO:             fastapi: 0.135.1
2026-03-08 19:29:35,403:INFO:             uvicorn: Not installed
2026-03-08 19:29:35,403:INFO:              m2cgen: Not installed
2026-03-08 19:29:35,403:INFO:           evidently: Not installed
2026-03-08 19:29:35,403:INFO:               fugue: Not installed
2026-03-08 19:29:35,403:INFO:           streamlit: Not installed
2026-03-08 19:29:35,403:INFO:             prophet: Not installed
2026-03-08 19:29:35,403:INFO:None
2026-03-08 19:29:35,403:INFO:Set up data.
2026-03-08 19:29:35,415:INFO:Set up folding strategy.
2026-03-08 19:29:35,415:INFO:Set up train/test split.
2026-03-08 19:29:35,424:INFO:Set up index.
2026-03-08 19:29:35,424:INFO:Assigning column types.
2026-03-08 19:29:35,427:INFO:Engine successfully changes for model 'lr' to 'sklearn'.
2026-03-08 19:29:35,427:INFO:Engine for model 'lasso' has not been set explicitly, hence returning None.
2026-03-08 19:29:35,429:INFO:Engine for model 'ridge' has not been set explicitly, hence returning None.
2026-03-08 19:29:35,430:INFO:Engine for model 'en' has not been set explicitly, hence returning None.
2026-03-08 19:29:35,452:INFO:Engine for model 'svm' has not been set explicitly, hence returning None.
2026-03-08 19:29:35,466:INFO:Engine for model 'knn' has not been set explicitly, hence returning None.
2026-03-08 19:29:35,467:WARNING:
'xgboost' is a soft dependency and not included in the pycaret installation. Please run: `pip install xgboost` to install.
Alternately, you can install this by running `pip install pycaret[models]`
2026-03-08 19:29:35,467:WARNING:
'catboost' is a soft dependency and not included in the pycaret installation. Please run: `pip install catboost` to install.
Alternately, you can install this by running `pip install pycaret[models]`
2026-03-08 19:29:35,467:INFO:Engine for model 'lasso' has not been set explicitly, hence returning None.
2026-03-08 19:29:35,468:INFO:Engine for model 'ridge' has not been set explicitly, hence returning None.
2026-03-08 19:29:35,470:INFO:Engine for model 'en' has not been set explicitly, hence returning None.
2026-03-08 19:29:35,491:INFO:Engine for model 'svm' has not been set explicitly, hence returning None.
2026-03-08 19:29:35,506:INFO:Engine for model 'knn' has not been set explicitly, hence returning None.
2026-03-08 19:29:35,506:WARNING:
'xgboost' is a soft dependency and not included in the pycaret installation. Please run: `pip install xgboost` to install.
Alternately, you can install this by running `pip install pycaret[models]`
2026-03-08 19:29:35,506:WARNING:
'catboost' is a soft dependency and not included in the pycaret installation. Please run: `pip install catboost` to install.
Alternately, you can install this by running `pip install pycaret[models]`
2026-03-08 19:29:35,506:INFO:Engine successfully changes for model 'lasso' to 'sklearn'.
2026-03-08 19:29:35,508:INFO:Engine for model 'ridge' has not been set explicitly, hence returning None.
2026-03-08 19:29:35,509:INFO:Engine for model 'en' has not been set explicitly, hence returning None.
2026-03-08 19:29:35,531:INFO:Engine for model 'svm' has not been set explicitly, hence returning None.
2026-03-08 19:29:35,546:INFO:Engine for model 'knn' has not been set explicitly, hence returning None.
2026-03-08 19:29:35,547:WARNING:
'xgboost' is a soft dependency and not included in the pycaret installation. Please run: `pip install xgboost` to install.
Alternately, you can install this by running `pip install pycaret[models]`
2026-03-08 19:29:35,547:WARNING:
'catboost' is a soft dependency and not included in the pycaret installation. Please run: `pip install catboost` to install.
Alternately, you can install this by running `pip install pycaret[models]`
2026-03-08 19:29:35,548:INFO:Engine for model 'ridge' has not been set explicitly, hence returning None.
2026-03-08 19:29:35,550:INFO:Engine for model 'en' has not been set explicitly, hence returning None.
2026-03-08 19:29:35,571:INFO:Engine for model 'svm' has not been set explicitly, hence returning None.
2026-03-08 19:29:35,586:INFO:Engine for model 'knn' has not been set explicitly, hence returning None.
2026-03-08 19:29:35,586:WARNING:
'xgboost' is a soft dependency and not included in the pycaret installation. Please run: `pip install xgboost` to install.
Alternately, you can install this by running `pip install pycaret[models]`
2026-03-08 19:29:35,586:WARNING:
'catboost' is a soft dependency and not included in the pycaret installation. Please run: `pip install catboost` to install.
Alternately, you can install this by running `pip install pycaret[models]`
2026-03-08 19:29:35,586:INFO:Engine successfully changes for model 'ridge' to 'sklearn'.
2026-03-08 19:29:35,589:INFO:Engine for model 'en' has not been set explicitly, hence returning None.
2026-03-08 19:29:35,610:INFO:Engine for model 'svm' has not been set explicitly, hence returning None.
2026-03-08 19:29:35,624:INFO:Engine for model 'knn' has not been set explicitly, hence returning None.
2026-03-08 19:29:35,625:WARNING:
'xgboost' is a soft dependency and not included in the pycaret installation. Please run: `pip install xgboost` to install.
Alternately, you can install this by running `pip install pycaret[models]`
2026-03-08 19:29:35,625:WARNING:
'catboost' is a soft dependency and not included in the pycaret installation. Please run: `pip install catboost` to install.
Alternately, you can install this by running `pip install pycaret[models]`
2026-03-08 19:29:35,628:INFO:Engine for model 'en' has not been set explicitly, hence returning None.
2026-03-08 19:29:35,649:INFO:Engine for model 'svm' has not been set explicitly, hence returning None.
2026-03-08 19:29:35,664:INFO:Engine for model 'knn' has not been set explicitly, hence returning None.
2026-03-08 19:29:35,664:WARNING:
'xgboost' is a soft dependency and not included in the pycaret installation. Please run: `pip install xgboost` to install.
Alternately, you can install this by running `pip install pycaret[models]`
2026-03-08 19:29:35,664:WARNING:
'catboost' is a soft dependency and not included in the pycaret installation. Please run: `pip install catboost` to install.
Alternately, you can install this by running `pip install pycaret[models]`
2026-03-08 19:29:35,664:INFO:Engine successfully changes for model 'en' to 'sklearn'.
2026-03-08 19:29:35,688:INFO:Engine for model 'svm' has not been set explicitly, hence returning None.
2026-03-08 19:29:35,703:INFO:Engine for model 'knn' has not been set explicitly, hence returning None.
2026-03-08 19:29:35,703:WARNING:
'xgboost' is a soft dependency and not included in the pycaret installation. Please run: `pip install xgboost` to install.
Alternately, you can install this by running `pip install pycaret[models]`
2026-03-08 19:29:35,703:WARNING:
'catboost' is a soft dependency and not included in the pycaret installation. Please run: `pip install catboost` to install.
Alternately, you can install this by running `pip install pycaret[models]`
2026-03-08 19:29:35,728:INFO:Engine for model 'svm' has not been set explicitly, hence returning None.
2026-03-08 19:29:35,742:INFO:Engine for model 'knn' has not been set explicitly, hence returning None.
2026-03-08 19:29:35,742:WARNING:
'xgboost' is a soft dependency and not included in the pycaret installation. Please run: `pip install xgboost` to install.
Alternately, you can install this by running `pip install pycaret[models]`
2026-03-08 19:29:35,742:WARNING:
'catboost' is a soft dependency and not included in the pycaret installation. Please run: `pip install catboost` to install.
Alternately, you can install this by running `pip install pycaret[models]`
2026-03-08 19:29:35,742:INFO:Engine successfully changes for model 'knn' to 'sklearn'.
2026-03-08 19:29:35,767:INFO:Engine for model 'svm' has not been set explicitly, hence returning None.
2026-03-08 19:29:35,781:WARNING:
'xgboost' is a soft dependency and not included in the pycaret installation. Please run: `pip install xgboost` to install.
Alternately, you can install this by running `pip install pycaret[models]`
2026-03-08 19:29:35,781:WARNING:
'catboost' is a soft dependency and not included in the pycaret installation. Please run: `pip install catboost` to install.
Alternately, you can install this by running `pip install pycaret[models]`
2026-03-08 19:29:35,805:INFO:Engine for model 'svm' has not been set explicitly, hence returning None.
2026-03-08 19:29:35,820:WARNING:
'xgboost' is a soft dependency and not included in the pycaret installation. Please run: `pip install xgboost` to install.
Alternately, you can install this by running `pip install pycaret[models]`
2026-03-08 19:29:35,820:WARNING:
'catboost' is a soft dependency and not included in the pycaret installation. Please run: `pip install catboost` to install.
Alternately, you can install this by running `pip install pycaret[models]`
2026-03-08 19:29:35,820:INFO:Engine successfully changes for model 'svm' to 'sklearn'.
2026-03-08 19:29:35,859:WARNING:
'xgboost' is a soft dependency and not included in the pycaret installation. Please run: `pip install xgboost` to install.
Alternately, you can install this by running `pip install pycaret[models]`
2026-03-08 19:29:35,859:WARNING:
'catboost' is a soft dependency and not included in the pycaret installation. Please run: `pip install catboost` to install.
Alternately, you can install this by running `pip install pycaret[models]`
2026-03-08 19:29:35,898:WARNING:
'xgboost' is a soft dependency and not included in the pycaret installation. Please run: `pip install xgboost` to install.
Alternately, you can install this by running `pip install pycaret[models]`
2026-03-08 19:29:35,898:WARNING:
'catboost' is a soft dependency and not included in the pycaret installation. Please run: `pip install catboost` to install.
Alternately, you can install this by running `pip install pycaret[models]`
2026-03-08 19:29:35,900:INFO:Preparing preprocessing pipeline...
2026-03-08 19:29:35,900:INFO:Set up simple imputation.
2026-03-08 19:29:35,903:INFO:Set up encoding of ordinal features.
2026-03-08 19:29:35,907:INFO:Set up encoding of categorical features.
2026-03-08 19:29:36,056:INFO:Finished creating preprocessing pipeline.
2026-03-08 19:29:36,072:INFO:Pipeline: Pipeline(memory=FastMemory(location=/var/folders/k6/8ngcf3nx77l7c565qr86j25m0000gn/T/joblib),
         steps=[('numerical_imputer',
                 TransformerWrapper(include=['Id', 'MSSubClass', 'LotFrontage',
                                             'LotArea', 'OverallQual',
                                             'OverallCond', 'YearBuilt',
                                             'YearRemodAdd', 'MasVnrArea',
                                             'BsmtFinSF1', 'BsmtFinSF2',
                                             'BsmtUnfSF', 'TotalBsmtSF',
                                             '1stFlrSF', '2ndFlrSF',
                                             'LowQualFinSF', 'G...
                                                                    'Condition2',
                                                                    'BldgType',
                                                                    'HouseStyle',
                                                                    'RoofStyle',
                                                                    'RoofMatl',
                                                                    'Exterior1st',
                                                                    'Exterior2nd',
                                                                    'MasVnrType',
                                                                    'ExterQual',
                                                                    'ExterCond',
                                                                    'Foundation',
                                                                    'BsmtQual',
                                                                    'BsmtCond',
                                                                    'BsmtExposure',
                                                                    'BsmtFinType1',
                                                                    'BsmtFinType2',
                                                                    'Heating',
                                                                    'HeatingQC',
                                                                    'Electrical',
                                                                    'KitchenQual',
                                                                    'Functional',
                                                                    'FireplaceQu',
                                                                    'GarageType', ...],
                                                              handle_missing='return_nan',
                                                              use_cat_names=True)))])
2026-03-08 19:29:36,072:INFO:Creating final display dataframe.
2026-03-08 19:29:36,621:INFO:Setup _display_container:                     Description             Value
0                    Session id              1611
1                        Target         SalePrice
2                   Target type        Regression
3           Original data shape        (1460, 81)
4        Transformed data shape       (1460, 275)
5   Transformed train set shape       (1021, 275)
6    Transformed test set shape        (439, 275)
7              Numeric features                37
8          Categorical features                43
9      Rows with missing values            100.0%
10                   Preprocess              True
11              Imputation type            simple
12           Numeric imputation              mean
13       Categorical imputation              mode
14     Maximum one-hot encoding                25
15              Encoding method              None
16               Fold Generator             KFold
17                  Fold Number                10
18                     CPU Jobs                -1
19                      Use GPU             False
20               Log Experiment             False
21              Experiment Name  reg-default-name
22                          USI              b757
2026-03-08 19:29:36,661:WARNING:
'xgboost' is a soft dependency and not included in the pycaret installation. Please run: `pip install xgboost` to install.
Alternately, you can install this by running `pip install pycaret[models]`
2026-03-08 19:29:36,662:WARNING:
'catboost' is a soft dependency and not included in the pycaret installation. Please run: `pip install catboost` to install.
Alternately, you can install this by running `pip install pycaret[models]`
2026-03-08 19:29:36,700:WARNING:
'xgboost' is a soft dependency and not included in the pycaret installation. Please run: `pip install xgboost` to install.
Alternately, you can install this by running `pip install pycaret[models]`
2026-03-08 19:29:36,700:WARNING:
'catboost' is a soft dependency and not included in the pycaret installation. Please run: `pip install catboost` to install.
Alternately, you can install this by running `pip install pycaret[models]`
2026-03-08 19:29:36,701:INFO:setup() successfully completed in 1.45s...............
2026-03-08 19:29:36,701:INFO:Initializing compare_models()
2026-03-08 19:29:36,701:INFO:compare_models(self=<pycaret.regression.oop.RegressionExperiment object at 0x140edf430>, include=None, fold=None, round=4, cross_validation=True, sort=RMSE, n_select=1, budget_time=None, turbo=True, errors=ignore, fit_kwargs=None, groups=None, experiment_custom_tags=None, probability_threshold=None, verbose=True, parallel=None, caller_params={'self': <pycaret.regression.oop.RegressionExperiment object at 0x140edf430>, 'include': None, 'exclude': None, 'fold': None, 'round': 4, 'cross_validation': True, 'sort': 'RMSE', 'n_select': 1, 'budget_time': None, 'turbo': True, 'errors': 'ignore', 'fit_kwargs': None, 'groups': None, 'experiment_custom_tags': None, 'engine': None, 'verbose': True, 'parallel': None, '__class__': <class 'pycaret.regression.oop.RegressionExperiment'>}, exclude=None)
2026-03-08 19:29:36,701:INFO:Checking exceptions
2026-03-08 19:29:36,702:INFO:Preparing display monitor
2026-03-08 19:29:36,714:INFO:Initializing Linear Regression
2026-03-08 19:29:36,714:INFO:Total runtime is 2.8649965922037762e-06 minutes
2026-03-08 19:29:36,714:INFO:SubProcess create_model() called ==================================
2026-03-08 19:29:36,714:INFO:Initializing create_model()
2026-03-08 19:29:36,714:INFO:create_model(self=<pycaret.regression.oop.RegressionExperiment object at 0x140edf430>, estimator=lr, fold=KFold(n_splits=10, random_state=None, shuffle=False), round=4, cross_validation=True, predict=True, fit_kwargs={}, groups=None, refit=False, probability_threshold=None, experiment_custom_tags=None, verbose=False, system=False, add_to_model_list=True, metrics=None, display=<pycaret.internal.display.display.CommonDisplay object at 0x29af42050>, model_only=True, return_train_score=False, error_score=0.0, kwargs={})
2026-03-08 19:29:36,714:INFO:Checking exceptions
2026-03-08 19:29:36,714:INFO:Importing libraries
2026-03-08 19:29:36,714:INFO:Copying training dataset
2026-03-08 19:29:36,719:INFO:Defining folds
2026-03-08 19:29:36,719:INFO:Declaring metric variables
2026-03-08 19:29:36,719:INFO:Importing untrained model
2026-03-08 19:29:36,719:INFO:Linear Regression Imported successfully
2026-03-08 19:29:36,720:INFO:Starting cross validation
2026-03-08 19:29:36,725:INFO:Cross validating with KFold(n_splits=10, random_state=None, shuffle=False), n_jobs=-1
2026-03-08 19:29:39,701:INFO:Calculating mean and std
2026-03-08 19:29:39,703:INFO:Creating metrics dataframe
2026-03-08 19:29:39,704:INFO:Uploading results into container
2026-03-08 19:29:39,705:INFO:Uploading model into container now
2026-03-08 19:29:39,705:INFO:_master_model_container: 1
2026-03-08 19:29:39,705:INFO:_display_container: 2
2026-03-08 19:29:39,706:INFO:LinearRegression(n_jobs=-1)
2026-03-08 19:29:39,706:INFO:create_model() successfully completed......................................
2026-03-08 19:29:39,774:INFO:SubProcess create_model() end ==================================
2026-03-08 19:29:39,774:INFO:Creating metrics dataframe
2026-03-08 19:29:39,775:INFO:Initializing Lasso Regression
2026-03-08 19:29:39,775:INFO:Total runtime is 0.05102099974950155 minutes
2026-03-08 19:29:39,775:INFO:SubProcess create_model() called ==================================
2026-03-08 19:29:39,775:INFO:Initializing create_model()
2026-03-08 19:29:39,775:INFO:create_model(self=<pycaret.regression.oop.RegressionExperiment object at 0x140edf430>, estimator=lasso, fold=KFold(n_splits=10, random_state=None, shuffle=False), round=4, cross_validation=True, predict=True, fit_kwargs={}, groups=None, refit=False, probability_threshold=None, experiment_custom_tags=None, verbose=False, system=False, add_to_model_list=True, metrics=None, display=<pycaret.internal.display.display.CommonDisplay object at 0x29af42050>, model_only=True, return_train_score=False, error_score=0.0, kwargs={})
2026-03-08 19:29:39,775:INFO:Checking exceptions
2026-03-08 19:29:39,775:INFO:Importing libraries
2026-03-08 19:29:39,775:INFO:Copying training dataset
2026-03-08 19:29:39,780:INFO:Defining folds
2026-03-08 19:29:39,780:INFO:Declaring metric variables
2026-03-08 19:29:39,780:INFO:Importing untrained model
2026-03-08 19:29:39,780:INFO:Lasso Regression Imported successfully
2026-03-08 19:29:39,780:INFO:Starting cross validation
2026-03-08 19:29:39,782:INFO:Cross validating with KFold(n_splits=10, random_state=None, shuffle=False), n_jobs=-1
2026-03-08 19:29:40,330:WARNING:/Users/lisanguyen/Documents/MLOps-project/.venv/lib/python3.10/site-packages/sklearn/linear_model/_coordinate_descent.py:678: ConvergenceWarning: Objective did not converge. You might want to increase the number of iterations, check the scale of the features or consider increasing regularisation. Duality gap: 4.464e+10, tolerance: 5.836e+08
  model = cd_fast.enet_coordinate_descent(

2026-03-08 19:29:40,360:WARNING:/Users/lisanguyen/Documents/MLOps-project/.venv/lib/python3.10/site-packages/sklearn/linear_model/_coordinate_descent.py:678: ConvergenceWarning: Objective did not converge. You might want to increase the number of iterations, check the scale of the features or consider increasing regularisation. Duality gap: 1.380e+11, tolerance: 5.820e+08
  model = cd_fast.enet_coordinate_descent(

2026-03-08 19:29:40,406:WARNING:/Users/lisanguyen/Documents/MLOps-project/.venv/lib/python3.10/site-packages/sklearn/linear_model/_coordinate_descent.py:678: ConvergenceWarning: Objective did not converge. You might want to increase the number of iterations, check the scale of the features or consider increasing regularisation. Duality gap: 1.046e+11, tolerance: 5.628e+08
  model = cd_fast.enet_coordinate_descent(

2026-03-08 19:29:40,408:WARNING:/Users/lisanguyen/Documents/MLOps-project/.venv/lib/python3.10/site-packages/sklearn/linear_model/_coordinate_descent.py:678: ConvergenceWarning: Objective did not converge. You might want to increase the number of iterations, check the scale of the features or consider increasing regularisation. Duality gap: 2.209e+10, tolerance: 6.154e+08
  model = cd_fast.enet_coordinate_descent(

2026-03-08 19:29:40,445:WARNING:/Users/lisanguyen/Documents/MLOps-project/.venv/lib/python3.10/site-packages/sklearn/linear_model/_coordinate_descent.py:678: ConvergenceWarning: Objective did not converge. You might want to increase the number of iterations, check the scale of the features or consider increasing regularisation. Duality gap: 1.001e+11, tolerance: 6.059e+08
  model = cd_fast.enet_coordinate_descent(

2026-03-08 19:29:40,453:WARNING:/Users/lisanguyen/Documents/MLOps-project/.venv/lib/python3.10/site-packages/sklearn/linear_model/_coordinate_descent.py:678: ConvergenceWarning: Objective did not converge. You might want to increase the number of iterations, check the scale of the features or consider increasing regularisation. Duality gap: 1.568e+11, tolerance: 6.068e+08
  model = cd_fast.enet_coordinate_descent(

2026-03-08 19:29:40,454:WARNING:/Users/lisanguyen/Documents/MLOps-project/.venv/lib/python3.10/site-packages/sklearn/linear_model/_coordinate_descent.py:678: ConvergenceWarning: Objective did not converge. You might want to increase the number of iterations, check the scale of the features or consider increasing regularisation. Duality gap: 3.942e+10, tolerance: 5.795e+08
  model = cd_fast.enet_coordinate_descent(

2026-03-08 19:29:40,456:WARNING:/Users/lisanguyen/Documents/MLOps-project/.venv/lib/python3.10/site-packages/sklearn/linear_model/_coordinate_descent.py:678: ConvergenceWarning: Objective did not converge. You might want to increase the number of iterations, check the scale of the features or consider increasing regularisation. Duality gap: 1.878e+09, tolerance: 5.992e+08
  model = cd_fast.enet_coordinate_descent(

2026-03-08 19:29:41,138:WARNING:/Users/lisanguyen/Documents/MLOps-project/.venv/lib/python3.10/site-packages/sklearn/linear_model/_coordinate_descent.py:678: ConvergenceWarning: Objective did not converge. You might want to increase the number of iterations, check the scale of the features or consider increasing regularisation. Duality gap: 3.641e+10, tolerance: 5.711e+08
  model = cd_fast.enet_coordinate_descent(

2026-03-08 19:29:41,188:INFO:Calculating mean and std
2026-03-08 19:29:41,189:INFO:Creating metrics dataframe
2026-03-08 19:29:41,190:INFO:Uploading results into container
2026-03-08 19:29:41,190:INFO:Uploading model into container now
2026-03-08 19:29:41,190:INFO:_master_model_container: 2
2026-03-08 19:29:41,190:INFO:_display_container: 2
2026-03-08 19:29:41,190:INFO:Lasso(random_state=1611)
2026-03-08 19:29:41,190:INFO:create_model() successfully completed......................................
2026-03-08 19:29:41,229:INFO:SubProcess create_model() end ==================================
2026-03-08 19:29:41,229:INFO:Creating metrics dataframe
2026-03-08 19:29:41,230:INFO:Initializing Ridge Regression
2026-03-08 19:29:41,230:INFO:Total runtime is 0.0752660353978475 minutes
2026-03-08 19:29:41,230:INFO:SubProcess create_model() called ==================================
2026-03-08 19:29:41,230:INFO:Initializing create_model()
2026-03-08 19:29:41,230:INFO:create_model(self=<pycaret.regression.oop.RegressionExperiment object at 0x140edf430>, estimator=ridge, fold=KFold(n_splits=10, random_state=None, shuffle=False), round=4, cross_validation=True, predict=True, fit_kwargs={}, groups=None, refit=False, probability_threshold=None, experiment_custom_tags=None, verbose=False, system=False, add_to_model_list=True, metrics=None, display=<pycaret.internal.display.display.CommonDisplay object at 0x29af42050>, model_only=True, return_train_score=False, error_score=0.0, kwargs={})
2026-03-08 19:29:41,230:INFO:Checking exceptions
2026-03-08 19:29:41,230:INFO:Importing libraries
2026-03-08 19:29:41,230:INFO:Copying training dataset
2026-03-08 19:29:41,234:INFO:Defining folds
2026-03-08 19:29:41,235:INFO:Declaring metric variables
2026-03-08 19:29:41,235:INFO:Importing untrained model
2026-03-08 19:29:41,235:INFO:Ridge Regression Imported successfully
2026-03-08 19:29:41,235:INFO:Starting cross validation
2026-03-08 19:29:41,237:INFO:Cross validating with KFold(n_splits=10, random_state=None, shuffle=False), n_jobs=-1
2026-03-08 19:29:41,687:INFO:Calculating mean and std
2026-03-08 19:29:41,687:INFO:Creating metrics dataframe
2026-03-08 19:29:41,688:INFO:Uploading results into container
2026-03-08 19:29:41,688:INFO:Uploading model into container now
2026-03-08 19:29:41,688:INFO:_master_model_container: 3
2026-03-08 19:29:41,688:INFO:_display_container: 2
2026-03-08 19:29:41,688:INFO:Ridge(random_state=1611)
2026-03-08 19:29:41,688:INFO:create_model() successfully completed......................................
2026-03-08 19:29:41,724:INFO:SubProcess create_model() end ==================================
2026-03-08 19:29:41,725:INFO:Creating metrics dataframe
2026-03-08 19:29:41,726:INFO:Initializing Elastic Net
2026-03-08 19:29:41,726:INFO:Total runtime is 0.08352869749069214 minutes
2026-03-08 19:29:41,726:INFO:SubProcess create_model() called ==================================
2026-03-08 19:29:41,726:INFO:Initializing create_model()
2026-03-08 19:29:41,726:INFO:create_model(self=<pycaret.regression.oop.RegressionExperiment object at 0x140edf430>, estimator=en, fold=KFold(n_splits=10, random_state=None, shuffle=False), round=4, cross_validation=True, predict=True, fit_kwargs={}, groups=None, refit=False, probability_threshold=None, experiment_custom_tags=None, verbose=False, system=False, add_to_model_list=True, metrics=None, display=<pycaret.internal.display.display.CommonDisplay object at 0x29af42050>, model_only=True, return_train_score=False, error_score=0.0, kwargs={})
2026-03-08 19:29:41,726:INFO:Checking exceptions
2026-03-08 19:29:41,726:INFO:Importing libraries
2026-03-08 19:29:41,726:INFO:Copying training dataset
2026-03-08 19:29:41,730:INFO:Defining folds
2026-03-08 19:29:41,730:INFO:Declaring metric variables
2026-03-08 19:29:41,730:INFO:Importing untrained model
2026-03-08 19:29:41,730:INFO:Elastic Net Imported successfully
2026-03-08 19:29:41,730:INFO:Starting cross validation
2026-03-08 19:29:41,732:INFO:Cross validating with KFold(n_splits=10, random_state=None, shuffle=False), n_jobs=-1
2026-03-08 19:29:42,274:WARNING:/Users/lisanguyen/Documents/MLOps-project/.venv/lib/python3.10/site-packages/sklearn/linear_model/_coordinate_descent.py:678: ConvergenceWarning: Objective did not converge. You might want to increase the number of iterations, check the scale of the features or consider increasing regularisation. Duality gap: 5.523e+11, tolerance: 5.836e+08
  model = cd_fast.enet_coordinate_descent(

2026-03-08 19:29:42,290:WARNING:/Users/lisanguyen/Documents/MLOps-project/.venv/lib/python3.10/site-packages/sklearn/linear_model/_coordinate_descent.py:678: ConvergenceWarning: Objective did not converge. You might want to increase the number of iterations, check the scale of the features or consider increasing regularisation. Duality gap: 6.475e+11, tolerance: 6.112e+08
  model = cd_fast.enet_coordinate_descent(

2026-03-08 19:29:42,312:WARNING:/Users/lisanguyen/Documents/MLOps-project/.venv/lib/python3.10/site-packages/sklearn/linear_model/_coordinate_descent.py:678: ConvergenceWarning: Objective did not converge. You might want to increase the number of iterations, check the scale of the features or consider increasing regularisation. Duality gap: 6.353e+11, tolerance: 5.820e+08
  model = cd_fast.enet_coordinate_descent(

2026-03-08 19:29:42,329:WARNING:/Users/lisanguyen/Documents/MLOps-project/.venv/lib/python3.10/site-packages/sklearn/linear_model/_coordinate_descent.py:678: ConvergenceWarning: Objective did not converge. You might want to increase the number of iterations, check the scale of the features or consider increasing regularisation. Duality gap: 5.870e+11, tolerance: 5.628e+08
  model = cd_fast.enet_coordinate_descent(

2026-03-08 19:29:42,331:WARNING:/Users/lisanguyen/Documents/MLOps-project/.venv/lib/python3.10/site-packages/sklearn/linear_model/_coordinate_descent.py:678: ConvergenceWarning: Objective did not converge. You might want to increase the number of iterations, check the scale of the features or consider increasing regularisation. Duality gap: 5.686e+11, tolerance: 5.711e+08
  model = cd_fast.enet_coordinate_descent(

2026-03-08 19:29:42,340:WARNING:/Users/lisanguyen/Documents/MLOps-project/.venv/lib/python3.10/site-packages/sklearn/linear_model/_coordinate_descent.py:678: ConvergenceWarning: Objective did not converge. You might want to increase the number of iterations, check the scale of the features or consider increasing regularisation. Duality gap: 6.423e+11, tolerance: 6.154e+08
  model = cd_fast.enet_coordinate_descent(

2026-03-08 19:29:42,361:WARNING:/Users/lisanguyen/Documents/MLOps-project/.venv/lib/python3.10/site-packages/sklearn/linear_model/_coordinate_descent.py:678: ConvergenceWarning: Objective did not converge. You might want to increase the number of iterations, check the scale of the features or consider increasing regularisation. Duality gap: 6.330e+11, tolerance: 6.059e+08
  model = cd_fast.enet_coordinate_descent(

2026-03-08 19:29:42,374:WARNING:/Users/lisanguyen/Documents/MLOps-project/.venv/lib/python3.10/site-packages/sklearn/linear_model/_coordinate_descent.py:678: ConvergenceWarning: Objective did not converge. You might want to increase the number of iterations, check the scale of the features or consider increasing regularisation. Duality gap: 6.438e+11, tolerance: 6.068e+08
  model = cd_fast.enet_coordinate_descent(

2026-03-08 19:29:42,391:WARNING:/Users/lisanguyen/Documents/MLOps-project/.venv/lib/python3.10/site-packages/sklearn/linear_model/_coordinate_descent.py:678: ConvergenceWarning: Objective did not converge. You might want to increase the number of iterations, check the scale of the features or consider increasing regularisation. Duality gap: 4.557e+11, tolerance: 5.795e+08
  model = cd_fast.enet_coordinate_descent(

2026-03-08 19:29:42,413:WARNING:/Users/lisanguyen/Documents/MLOps-project/.venv/lib/python3.10/site-packages/sklearn/linear_model/_coordinate_descent.py:678: ConvergenceWarning: Objective did not converge. You might want to increase the number of iterations, check the scale of the features or consider increasing regularisation. Duality gap: 6.180e+11, tolerance: 5.992e+08
  model = cd_fast.enet_coordinate_descent(

2026-03-08 19:29:42,468:INFO:Calculating mean and std
2026-03-08 19:29:42,469:INFO:Creating metrics dataframe
2026-03-08 19:29:42,469:INFO:Uploading results into container
2026-03-08 19:29:42,470:INFO:Uploading model into container now
2026-03-08 19:29:42,470:INFO:_master_model_container: 4
2026-03-08 19:29:42,470:INFO:_display_container: 2
2026-03-08 19:29:42,470:INFO:ElasticNet(random_state=1611)
2026-03-08 19:29:42,470:INFO:create_model() successfully completed......................................
2026-03-08 19:29:42,507:INFO:SubProcess create_model() end ==================================
2026-03-08 19:29:42,507:INFO:Creating metrics dataframe
2026-03-08 19:29:42,508:INFO:Initializing Least Angle Regression
2026-03-08 19:29:42,508:INFO:Total runtime is 0.09657341639200846 minutes
2026-03-08 19:29:42,508:INFO:SubProcess create_model() called ==================================
2026-03-08 19:29:42,508:INFO:Initializing create_model()
2026-03-08 19:29:42,508:INFO:create_model(self=<pycaret.regression.oop.RegressionExperiment object at 0x140edf430>, estimator=lar, fold=KFold(n_splits=10, random_state=None, shuffle=False), round=4, cross_validation=True, predict=True, fit_kwargs={}, groups=None, refit=False, probability_threshold=None, experiment_custom_tags=None, verbose=False, system=False, add_to_model_list=True, metrics=None, display=<pycaret.internal.display.display.CommonDisplay object at 0x29af42050>, model_only=True, return_train_score=False, error_score=0.0, kwargs={})
2026-03-08 19:29:42,508:INFO:Checking exceptions
2026-03-08 19:29:42,508:INFO:Importing libraries
2026-03-08 19:29:42,508:INFO:Copying training dataset
2026-03-08 19:29:42,513:INFO:Defining folds
2026-03-08 19:29:42,513:INFO:Declaring metric variables
2026-03-08 19:29:42,513:INFO:Importing untrained model
2026-03-08 19:29:42,513:INFO:Least Angle Regression Imported successfully
2026-03-08 19:29:42,513:INFO:Starting cross validation
2026-03-08 19:29:42,515:INFO:Cross validating with KFold(n_splits=10, random_state=None, shuffle=False), n_jobs=-1
2026-03-08 19:29:42,790:WARNING:/Users/lisanguyen/Documents/MLOps-project/.venv/lib/python3.10/site-packages/sklearn/linear_model/_least_angle.py:688: ConvergenceWarning: Regressors in active set degenerate. Dropping a regressor, after 24 iterations, i.e. alpha=3.688e+03, with an active set of 23 regressors, and the smallest cholesky pivot element being 2.220e-16. Reduce max_iter or increase eps parameters.
  warnings.warn(

2026-03-08 19:29:42,791:WARNING:/Users/lisanguyen/Documents/MLOps-project/.venv/lib/python3.10/site-packages/sklearn/linear_model/_least_angle.py:688: ConvergenceWarning: Regressors in active set degenerate. Dropping a regressor, after 32 iterations, i.e. alpha=1.819e+03, with an active set of 31 regressors, and the smallest cholesky pivot element being 2.220e-16. Reduce max_iter or increase eps parameters.
  warnings.warn(

2026-03-08 19:29:42,791:WARNING:/Users/lisanguyen/Documents/MLOps-project/.venv/lib/python3.10/site-packages/sklearn/linear_model/_least_angle.py:688: ConvergenceWarning: Regressors in active set degenerate. Dropping a regressor, after 40 iterations, i.e. alpha=1.280e+03, with an active set of 38 regressors, and the smallest cholesky pivot element being 2.220e-16. Reduce max_iter or increase eps parameters.
  warnings.warn(

2026-03-08 19:29:42,793:WARNING:/Users/lisanguyen/Documents/MLOps-project/.venv/lib/python3.10/site-packages/sklearn/linear_model/_least_angle.py:688: ConvergenceWarning: Regressors in active set degenerate. Dropping a regressor, after 67 iterations, i.e. alpha=5.137e+02, with an active set of 58 regressors, and the smallest cholesky pivot element being 2.220e-16. Reduce max_iter or increase eps parameters.
  warnings.warn(

2026-03-08 19:29:42,794:WARNING:/Users/lisanguyen/Documents/MLOps-project/.venv/lib/python3.10/site-packages/sklearn/linear_model/_least_angle.py:688: ConvergenceWarning: Regressors in active set degenerate. Dropping a regressor, after 81 iterations, i.e. alpha=2.752e+02, with an active set of 72 regressors, and the smallest cholesky pivot element being 2.220e-16. Reduce max_iter or increase eps parameters.
  warnings.warn(

2026-03-08 19:29:42,795:WARNING:/Users/lisanguyen/Documents/MLOps-project/.venv/lib/python3.10/site-packages/sklearn/linear_model/_least_angle.py:688: ConvergenceWarning: Regressors in active set degenerate. Dropping a regressor, after 102 iterations, i.e. alpha=1.715e+02, with an active set of 89 regressors, and the smallest cholesky pivot element being 2.220e-16. Reduce max_iter or increase eps parameters.
  warnings.warn(

2026-03-08 19:29:42,795:WARNING:/Users/lisanguyen/Documents/MLOps-project/.venv/lib/python3.10/site-packages/sklearn/linear_model/_least_angle.py:688: ConvergenceWarning: Regressors in active set degenerate. Dropping a regressor, after 103 iterations, i.e. alpha=1.704e+02, with an active set of 90 regressors, and the smallest cholesky pivot element being 2.220e-16. Reduce max_iter or increase eps parameters.
  warnings.warn(

2026-03-08 19:29:42,795:WARNING:/Users/lisanguyen/Documents/MLOps-project/.venv/lib/python3.10/site-packages/sklearn/linear_model/_least_angle.py:688: ConvergenceWarning: Regressors in active set degenerate. Dropping a regressor, after 104 iterations, i.e. alpha=1.679e+02, with an active set of 91 regressors, and the smallest cholesky pivot element being 2.220e-16. Reduce max_iter or increase eps parameters.
  warnings.warn(

2026-03-08 19:29:42,796:WARNING:/Users/lisanguyen/Documents/MLOps-project/.venv/lib/python3.10/site-packages/sklearn/linear_model/_least_angle.py:688: ConvergenceWarning: Regressors in active set degenerate. Dropping a regressor, after 107 iterations, i.e. alpha=1.697e+02, with an active set of 93 regressors, and the smallest cholesky pivot element being 2.220e-16. Reduce max_iter or increase eps parameters.
  warnings.warn(

2026-03-08 19:29:42,796:WARNING:/Users/lisanguyen/Documents/MLOps-project/.venv/lib/python3.10/site-packages/sklearn/linear_model/_least_angle.py:688: ConvergenceWarning: Regressors in active set degenerate. Dropping a regressor, after 109 iterations, i.e. alpha=5.907e+02, with an active set of 94 regressors, and the smallest cholesky pivot element being 2.220e-16. Reduce max_iter or increase eps parameters.
  warnings.warn(

2026-03-08 19:29:42,796:WARNING:/Users/lisanguyen/Documents/MLOps-project/.venv/lib/python3.10/site-packages/sklearn/linear_model/_least_angle.py:688: ConvergenceWarning: Regressors in active set degenerate. Dropping a regressor, after 110 iterations, i.e. alpha=1.610e+02, with an active set of 95 regressors, and the smallest cholesky pivot element being 2.220e-16. Reduce max_iter or increase eps parameters.
  warnings.warn(

2026-03-08 19:29:42,796:WARNING:/Users/lisanguyen/Documents/MLOps-project/.venv/lib/python3.10/site-packages/sklearn/linear_model/_least_angle.py:688: ConvergenceWarning: Regressors in active set degenerate. Dropping a regressor, after 113 iterations, i.e. alpha=1.502e+02, with an active set of 98 regressors, and the smallest cholesky pivot element being 2.220e-16. Reduce max_iter or increase eps parameters.
  warnings.warn(

2026-03-08 19:29:42,796:WARNING:/Users/lisanguyen/Documents/MLOps-project/.venv/lib/python3.10/site-packages/sklearn/linear_model/_least_angle.py:688: ConvergenceWarning: Regressors in active set degenerate. Dropping a regressor, after 114 iterations, i.e. alpha=1.491e+02, with an active set of 99 regressors, and the smallest cholesky pivot element being 2.220e-16. Reduce max_iter or increase eps parameters.
  warnings.warn(

2026-03-08 19:29:42,796:WARNING:/Users/lisanguyen/Documents/MLOps-project/.venv/lib/python3.10/site-packages/sklearn/linear_model/_least_angle.py:688: ConvergenceWarning: Regressors in active set degenerate. Dropping a regressor, after 115 iterations, i.e. alpha=1.466e+02, with an active set of 100 regressors, and the smallest cholesky pivot element being 2.220e-16. Reduce max_iter or increase eps parameters.
  warnings.warn(

2026-03-08 19:29:42,796:WARNING:/Users/lisanguyen/Documents/MLOps-project/.venv/lib/python3.10/site-packages/sklearn/linear_model/_least_angle.py:688: ConvergenceWarning: Regressors in active set degenerate. Dropping a regressor, after 116 iterations, i.e. alpha=1.457e+02, with an active set of 101 regressors, and the smallest cholesky pivot element being 2.220e-16. Reduce max_iter or increase eps parameters.
  warnings.warn(

2026-03-08 19:29:42,797:WARNING:/Users/lisanguyen/Documents/MLOps-project/.venv/lib/python3.10/site-packages/sklearn/linear_model/_least_angle.py:688: ConvergenceWarning: Regressors in active set degenerate. Dropping a regressor, after 117 iterations, i.e. alpha=1.433e+02, with an active set of 102 regressors, and the smallest cholesky pivot element being 2.220e-16. Reduce max_iter or increase eps parameters.
  warnings.warn(

2026-03-08 19:29:42,797:WARNING:/Users/lisanguyen/Documents/MLOps-project/.venv/lib/python3.10/site-packages/sklearn/linear_model/_least_angle.py:688: ConvergenceWarning: Regressors in active set degenerate. Dropping a regressor, after 118 iterations, i.e. alpha=1.366e+02, with an active set of 103 regressors, and the smallest cholesky pivot element being 2.220e-16. Reduce max_iter or increase eps parameters.
  warnings.warn(

2026-03-08 19:29:42,797:WARNING:/Users/lisanguyen/Documents/MLOps-project/.venv/lib/python3.10/site-packages/sklearn/linear_model/_least_angle.py:688: ConvergenceWarning: Regressors in active set degenerate. Dropping a regressor, after 119 iterations, i.e. alpha=1.330e+02, with an active set of 104 regressors, and the smallest cholesky pivot element being 2.220e-16. Reduce max_iter or increase eps parameters.
  warnings.warn(

2026-03-08 19:29:42,797:WARNING:/Users/lisanguyen/Documents/MLOps-project/.venv/lib/python3.10/site-packages/sklearn/linear_model/_least_angle.py:688: ConvergenceWarning: Regressors in active set degenerate. Dropping a regressor, after 120 iterations, i.e. alpha=1.281e+02, with an active set of 105 regressors, and the smallest cholesky pivot element being 2.220e-16. Reduce max_iter or increase eps parameters.
  warnings.warn(

2026-03-08 19:29:42,797:WARNING:/Users/lisanguyen/Documents/MLOps-project/.venv/lib/python3.10/site-packages/sklearn/linear_model/_least_angle.py:688: ConvergenceWarning: Regressors in active set degenerate. Dropping a regressor, after 121 iterations, i.e. alpha=1.186e+02, with an active set of 106 regressors, and the smallest cholesky pivot element being 2.220e-16. Reduce max_iter or increase eps parameters.
  warnings.warn(

2026-03-08 19:29:42,798:WARNING:/Users/lisanguyen/Documents/MLOps-project/.venv/lib/python3.10/site-packages/sklearn/linear_model/_least_angle.py:688: ConvergenceWarning: Regressors in active set degenerate. Dropping a regressor, after 127 iterations, i.e. alpha=8.177e+09, with an active set of 107 regressors, and the smallest cholesky pivot element being 2.220e-16. Reduce max_iter or increase eps parameters.
  warnings.warn(

2026-03-08 19:29:42,798:WARNING:/Users/lisanguyen/Documents/MLOps-project/.venv/lib/python3.10/site-packages/sklearn/linear_model/_least_angle.py:688: ConvergenceWarning: Regressors in active set degenerate. Dropping a regressor, after 133 iterations, i.e. alpha=1.641e+12, with an active set of 108 regressors, and the smallest cholesky pivot element being 2.220e-16. Reduce max_iter or increase eps parameters.
  warnings.warn(

2026-03-08 19:29:42,798:WARNING:/Users/lisanguyen/Documents/MLOps-project/.venv/lib/python3.10/site-packages/sklearn/linear_model/_least_angle.py:688: ConvergenceWarning: Regressors in active set degenerate. Dropping a regressor, after 134 iterations, i.e. alpha=6.430e+10, with an active set of 109 regressors, and the smallest cholesky pivot element being 2.220e-16. Reduce max_iter or increase eps parameters.
  warnings.warn(

2026-03-08 19:29:42,798:WARNING:/Users/lisanguyen/Documents/MLOps-project/.venv/lib/python3.10/site-packages/sklearn/linear_model/_least_angle.py:688: ConvergenceWarning: Regressors in active set degenerate. Dropping a regressor, after 135 iterations, i.e. alpha=5.939e+10, with an active set of 110 regressors, and the smallest cholesky pivot element being 2.220e-16. Reduce max_iter or increase eps parameters.
  warnings.warn(

2026-03-08 19:29:42,799:WARNING:/Users/lisanguyen/Documents/MLOps-project/.venv/lib/python3.10/site-packages/sklearn/linear_model/_least_angle.py:688: ConvergenceWarning: Regressors in active set degenerate. Dropping a regressor, after 137 iterations, i.e. alpha=5.251e+10, with an active set of 112 regressors, and the smallest cholesky pivot element being 2.220e-16. Reduce max_iter or increase eps parameters.
  warnings.warn(

2026-03-08 19:29:42,799:WARNING:/Users/lisanguyen/Documents/MLOps-project/.venv/lib/python3.10/site-packages/sklearn/linear_model/_least_angle.py:688: ConvergenceWarning: Regressors in active set degenerate. Dropping a regressor, after 145 iterations, i.e. alpha=5.094e+10, with an active set of 116 regressors, and the smallest cholesky pivot element being 2.220e-16. Reduce max_iter or increase eps parameters.
  warnings.warn(

2026-03-08 19:29:42,799:WARNING:/Users/lisanguyen/Documents/MLOps-project/.venv/lib/python3.10/site-packages/sklearn/linear_model/_least_angle.py:688: ConvergenceWarning: Regressors in active set degenerate. Dropping a regressor, after 146 iterations, i.e. alpha=4.978e+10, with an active set of 117 regressors, and the smallest cholesky pivot element being 2.220e-16. Reduce max_iter or increase eps parameters.
  warnings.warn(

2026-03-08 19:29:42,799:WARNING:/Users/lisanguyen/Documents/MLOps-project/.venv/lib/python3.10/site-packages/sklearn/linear_model/_least_angle.py:688: ConvergenceWarning: Regressors in active set degenerate. Dropping a regressor, after 147 iterations, i.e. alpha=4.455e+10, with an active set of 118 regressors, and the smallest cholesky pivot element being 2.220e-16. Reduce max_iter or increase eps parameters.
  warnings.warn(

2026-03-08 19:29:42,800:WARNING:/Users/lisanguyen/Documents/MLOps-project/.venv/lib/python3.10/site-packages/sklearn/linear_model/_least_angle.py:688: ConvergenceWarning: Regressors in active set degenerate. Dropping a regressor, after 149 iterations, i.e. alpha=4.348e+10, with an active set of 120 regressors, and the smallest cholesky pivot element being 2.220e-16. Reduce max_iter or increase eps parameters.
  warnings.warn(

2026-03-08 19:29:42,800:WARNING:/Users/lisanguyen/Documents/MLOps-project/.venv/lib/python3.10/site-packages/sklearn/linear_model/_least_angle.py:688: ConvergenceWarning: Regressors in active set degenerate. Dropping a regressor, after 150 iterations, i.e. alpha=4.174e+10, with an active set of 121 regressors, and the smallest cholesky pivot element being 2.220e-16. Reduce max_iter or increase eps parameters.
  warnings.warn(

2026-03-08 19:29:42,800:WARNING:/Users/lisanguyen/Documents/MLOps-project/.venv/lib/python3.10/site-packages/sklearn/linear_model/_least_angle.py:688: ConvergenceWarning: Regressors in active set degenerate. Dropping a regressor, after 154 iterations, i.e. alpha=4.457e+15, with an active set of 122 regressors, and the smallest cholesky pivot element being 2.220e-16. Reduce max_iter or increase eps parameters.
  warnings.warn(

2026-03-08 19:29:42,800:WARNING:/Users/lisanguyen/Documents/MLOps-project/.venv/lib/python3.10/site-packages/sklearn/linear_model/_least_angle.py:688: ConvergenceWarning: Regressors in active set degenerate. Dropping a regressor, after 158 iterations, i.e. alpha=5.483e+13, with an active set of 124 regressors, and the smallest cholesky pivot element being 2.220e-16. Reduce max_iter or increase eps parameters.
  warnings.warn(

2026-03-08 19:29:42,801:WARNING:/Users/lisanguyen/Documents/MLOps-project/.venv/lib/python3.10/site-packages/sklearn/linear_model/_least_angle.py:688: ConvergenceWarning: Regressors in active set degenerate. Dropping a regressor, after 160 iterations, i.e. alpha=5.238e+13, with an active set of 126 regressors, and the smallest cholesky pivot element being 2.220e-16. Reduce max_iter or increase eps parameters.
  warnings.warn(

2026-03-08 19:29:42,801:WARNING:/Users/lisanguyen/Documents/MLOps-project/.venv/lib/python3.10/site-packages/sklearn/linear_model/_least_angle.py:688: ConvergenceWarning: Regressors in active set degenerate. Dropping a regressor, after 161 iterations, i.e. alpha=4.774e+13, with an active set of 127 regressors, and the smallest cholesky pivot element being 2.220e-16. Reduce max_iter or increase eps parameters.
  warnings.warn(

2026-03-08 19:29:42,801:WARNING:/Users/lisanguyen/Documents/MLOps-project/.venv/lib/python3.10/site-packages/sklearn/linear_model/_least_angle.py:688: ConvergenceWarning: Regressors in active set degenerate. Dropping a regressor, after 162 iterations, i.e. alpha=4.086e+13, with an active set of 128 regressors, and the smallest cholesky pivot element being 2.220e-16. Reduce max_iter or increase eps parameters.
  warnings.warn(

2026-03-08 19:29:42,801:WARNING:/Users/lisanguyen/Documents/MLOps-project/.venv/lib/python3.10/site-packages/sklearn/linear_model/_least_angle.py:688: ConvergenceWarning: Regressors in active set degenerate. Dropping a regressor, after 163 iterations, i.e. alpha=3.146e+13, with an active set of 129 regressors, and the smallest cholesky pivot element being 2.220e-16. Reduce max_iter or increase eps parameters.
  warnings.warn(

2026-03-08 19:29:42,801:WARNING:/Users/lisanguyen/Documents/MLOps-project/.venv/lib/python3.10/site-packages/sklearn/linear_model/_least_angle.py:688: ConvergenceWarning: Regressors in active set degenerate. Dropping a regressor, after 164 iterations, i.e. alpha=3.053e+13, with an active set of 130 regressors, and the smallest cholesky pivot element being 2.220e-16. Reduce max_iter or increase eps parameters.
  warnings.warn(

2026-03-08 19:29:42,801:WARNING:/Users/lisanguyen/Documents/MLOps-project/.venv/lib/python3.10/site-packages/sklearn/linear_model/_least_angle.py:688: ConvergenceWarning: Regressors in active set degenerate. Dropping a regressor, after 166 iterations, i.e. alpha=2.948e+13, with an active set of 132 regressors, and the smallest cholesky pivot element being 2.220e-16. Reduce max_iter or increase eps parameters.
  warnings.warn(

2026-03-08 19:29:42,801:WARNING:/Users/lisanguyen/Documents/MLOps-project/.venv/lib/python3.10/site-packages/sklearn/linear_model/_least_angle.py:688: ConvergenceWarning: Regressors in active set degenerate. Dropping a regressor, after 167 iterations, i.e. alpha=2.945e+13, with an active set of 133 regressors, and the smallest cholesky pivot element being 2.220e-16. Reduce max_iter or increase eps parameters.
  warnings.warn(

2026-03-08 19:29:42,802:WARNING:/Users/lisanguyen/Documents/MLOps-project/.venv/lib/python3.10/site-packages/sklearn/linear_model/_least_angle.py:688: ConvergenceWarning: Regressors in active set degenerate. Dropping a regressor, after 172 iterations, i.e. alpha=2.806e+13, with an active set of 137 regressors, and the smallest cholesky pivot element being 2.220e-16. Reduce max_iter or increase eps parameters.
  warnings.warn(

2026-03-08 19:29:42,802:WARNING:/Users/lisanguyen/Documents/MLOps-project/.venv/lib/python3.10/site-packages/sklearn/linear_model/_least_angle.py:688: ConvergenceWarning: Regressors in active set degenerate. Dropping a regressor, after 173 iterations, i.e. alpha=2.406e+13, with an active set of 138 regressors, and the smallest cholesky pivot element being 2.220e-16. Reduce max_iter or increase eps parameters.
  warnings.warn(

2026-03-08 19:29:42,802:WARNING:/Users/lisanguyen/Documents/MLOps-project/.venv/lib/python3.10/site-packages/sklearn/linear_model/_least_angle.py:688: ConvergenceWarning: Regressors in active set degenerate. Dropping a regressor, after 174 iterations, i.e. alpha=2.179e+13, with an active set of 139 regressors, and the smallest cholesky pivot element being 2.220e-16. Reduce max_iter or increase eps parameters.
  warnings.warn(

2026-03-08 19:29:42,802:WARNING:/Users/lisanguyen/Documents/MLOps-project/.venv/lib/python3.10/site-packages/sklearn/linear_model/_least_angle.py:688: ConvergenceWarning: Regressors in active set degenerate. Dropping a regressor, after 175 iterations, i.e. alpha=1.958e+13, with an active set of 140 regressors, and the smallest cholesky pivot element being 2.220e-16. Reduce max_iter or increase eps parameters.
  warnings.warn(

2026-03-08 19:29:42,802:WARNING:/Users/lisanguyen/Documents/MLOps-project/.venv/lib/python3.10/site-packages/sklearn/linear_model/_least_angle.py:688: ConvergenceWarning: Regressors in active set degenerate. Dropping a regressor, after 176 iterations, i.e. alpha=1.933e+13, with an active set of 141 regressors, and the smallest cholesky pivot element being 2.220e-16. Reduce max_iter or increase eps parameters.
  warnings.warn(

2026-03-08 19:29:42,803:WARNING:/Users/lisanguyen/Documents/MLOps-project/.venv/lib/python3.10/site-packages/sklearn/linear_model/_least_angle.py:688: ConvergenceWarning: Regressors in active set degenerate. Dropping a regressor, after 179 iterations, i.e. alpha=1.860e+13, with an active set of 144 regressors, and the smallest cholesky pivot element being 2.220e-16. Reduce max_iter or increase eps parameters.
  warnings.warn(

2026-03-08 19:29:42,803:WARNING:/Users/lisanguyen/Documents/MLOps-project/.venv/lib/python3.10/site-packages/sklearn/linear_model/_least_angle.py:688: ConvergenceWarning: Regressors in active set degenerate. Dropping a regressor, after 180 iterations, i.e. alpha=1.828e+13, with an active set of 145 regressors, and the smallest cholesky pivot element being 2.220e-16. Reduce max_iter or increase eps parameters.
  warnings.warn(

2026-03-08 19:29:42,803:WARNING:/Users/lisanguyen/Documents/MLOps-project/.venv/lib/python3.10/site-packages/sklearn/linear_model/_least_angle.py:688: ConvergenceWarning: Regressors in active set degenerate. Dropping a regressor, after 181 iterations, i.e. alpha=1.759e+13, with an active set of 146 regressors, and the smallest cholesky pivot element being 2.220e-16. Reduce max_iter or increase eps parameters.
  warnings.warn(

2026-03-08 19:29:42,803:WARNING:/Users/lisanguyen/Documents/MLOps-project/.venv/lib/python3.10/site-packages/sklearn/linear_model/_least_angle.py:688: ConvergenceWarning: Regressors in active set degenerate. Dropping a regressor, after 182 iterations, i.e. alpha=1.736e+13, with an active set of 147 regressors, and the smallest cholesky pivot element being 2.220e-16. Reduce max_iter or increase eps parameters.
  warnings.warn(

2026-03-08 19:29:42,803:WARNING:/Users/lisanguyen/Documents/MLOps-project/.venv/lib/python3.10/site-packages/sklearn/linear_model/_least_angle.py:688: ConvergenceWarning: Regressors in active set degenerate. Dropping a regressor, after 187 iterations, i.e. alpha=2.651e+17, with an active set of 148 regressors, and the smallest cholesky pivot element being 2.220e-16. Reduce max_iter or increase eps parameters.
  warnings.warn(

2026-03-08 19:29:42,804:WARNING:/Users/lisanguyen/Documents/MLOps-project/.venv/lib/python3.10/site-packages/sklearn/linear_model/_least_angle.py:688: ConvergenceWarning: Regressors in active set degenerate. Dropping a regressor, after 189 iterations, i.e. alpha=2.924e+16, with an active set of 149 regressors, and the smallest cholesky pivot element being 2.220e-16. Reduce max_iter or increase eps parameters.
  warnings.warn(

2026-03-08 19:29:42,804:WARNING:/Users/lisanguyen/Documents/MLOps-project/.venv/lib/python3.10/site-packages/sklearn/linear_model/_least_angle.py:688: ConvergenceWarning: Regressors in active set degenerate. Dropping a regressor, after 190 iterations, i.e. alpha=1.714e+16, with an active set of 150 regressors, and the smallest cholesky pivot element being 2.220e-16. Reduce max_iter or increase eps parameters.
  warnings.warn(

2026-03-08 19:29:42,804:WARNING:/Users/lisanguyen/Documents/MLOps-project/.venv/lib/python3.10/site-packages/sklearn/linear_model/_least_angle.py:688: ConvergenceWarning: Regressors in active set degenerate. Dropping a regressor, after 191 iterations, i.e. alpha=1.677e+16, with an active set of 151 regressors, and the smallest cholesky pivot element being 2.220e-16. Reduce max_iter or increase eps parameters.
  warnings.warn(

2026-03-08 19:29:42,845:WARNING:/Users/lisanguyen/Documents/MLOps-project/.venv/lib/python3.10/site-packages/sklearn/linear_model/_least_angle.py:688: ConvergenceWarning: Regressors in active set degenerate. Dropping a regressor, after 132 iterations, i.e. alpha=2.290e+02, with an active set of 112 regressors, and the smallest cholesky pivot element being 2.220e-16. Reduce max_iter or increase eps parameters.
  warnings.warn(

2026-03-08 19:29:42,846:WARNING:/Users/lisanguyen/Documents/MLOps-project/.venv/lib/python3.10/site-packages/sklearn/linear_model/_least_angle.py:688: ConvergenceWarning: Regressors in active set degenerate. Dropping a regressor, after 133 iterations, i.e. alpha=2.287e+02, with an active set of 113 regressors, and the smallest cholesky pivot element being 2.220e-16. Reduce max_iter or increase eps parameters.
  warnings.warn(

2026-03-08 19:29:42,855:WARNING:/Users/lisanguyen/Documents/MLOps-project/.venv/lib/python3.10/site-packages/sklearn/linear_model/_least_angle.py:688: ConvergenceWarning: Regressors in active set degenerate. Dropping a regressor, after 159 iterations, i.e. alpha=1.789e+02, with an active set of 136 regressors, and the smallest cholesky pivot element being 7.885e-08. Reduce max_iter or increase eps parameters.
  warnings.warn(

2026-03-08 19:29:42,927:WARNING:/Users/lisanguyen/Documents/MLOps-project/.venv/lib/python3.10/site-packages/sklearn/linear_model/_least_angle.py:688: ConvergenceWarning: Regressors in active set degenerate. Dropping a regressor, after 373 iterations, i.e. alpha=6.356e+08, with an active set of 268 regressors, and the smallest cholesky pivot element being 2.356e-08. Reduce max_iter or increase eps parameters.
  warnings.warn(

2026-03-08 19:29:42,928:WARNING:/Users/lisanguyen/Documents/MLOps-project/.venv/lib/python3.10/site-packages/sklearn/linear_model/_least_angle.py:688: ConvergenceWarning: Regressors in active set degenerate. Dropping a regressor, after 375 iterations, i.e. alpha=2.504e+19, with an active set of 269 regressors, and the smallest cholesky pivot element being 2.356e-08. Reduce max_iter or increase eps parameters.
  warnings.warn(

2026-03-08 19:29:42,989:INFO:Calculating mean and std
2026-03-08 19:29:42,989:INFO:Creating metrics dataframe
2026-03-08 19:29:42,990:INFO:Uploading results into container
2026-03-08 19:29:42,990:INFO:Uploading model into container now
2026-03-08 19:29:42,990:INFO:_master_model_container: 5
2026-03-08 19:29:42,990:INFO:_display_container: 2
2026-03-08 19:29:42,990:INFO:Lars(random_state=1611)
2026-03-08 19:29:42,990:INFO:create_model() successfully completed......................................
2026-03-08 19:29:43,027:INFO:SubProcess create_model() end ==================================
2026-03-08 19:29:43,027:INFO:Creating metrics dataframe
2026-03-08 19:29:43,028:INFO:Initializing Lasso Least Angle Regression
2026-03-08 19:29:43,028:INFO:Total runtime is 0.10523991584777832 minutes
2026-03-08 19:29:43,028:INFO:SubProcess create_model() called ==================================
2026-03-08 19:29:43,028:INFO:Initializing create_model()
2026-03-08 19:29:43,028:INFO:create_model(self=<pycaret.regression.oop.RegressionExperiment object at 0x140edf430>, estimator=llar, fold=KFold(n_splits=10, random_state=None, shuffle=False), round=4, cross_validation=True, predict=True, fit_kwargs={}, groups=None, refit=False, probability_threshold=None, experiment_custom_tags=None, verbose=False, system=False, add_to_model_list=True, metrics=None, display=<pycaret.internal.display.display.CommonDisplay object at 0x29af42050>, model_only=True, return_train_score=False, error_score=0.0, kwargs={})
2026-03-08 19:29:43,028:INFO:Checking exceptions
2026-03-08 19:29:43,028:INFO:Importing libraries
2026-03-08 19:29:43,028:INFO:Copying training dataset
2026-03-08 19:29:43,033:INFO:Defining folds
2026-03-08 19:29:43,033:INFO:Declaring metric variables
2026-03-08 19:29:43,033:INFO:Importing untrained model
2026-03-08 19:29:43,033:INFO:Lasso Least Angle Regression Imported successfully
2026-03-08 19:29:43,033:INFO:Starting cross validation
2026-03-08 19:29:43,035:INFO:Cross validating with KFold(n_splits=10, random_state=None, shuffle=False), n_jobs=-1
2026-03-08 19:29:43,333:WARNING:/Users/lisanguyen/Documents/MLOps-project/.venv/lib/python3.10/site-packages/sklearn/linear_model/_least_angle.py:688: ConvergenceWarning: Regressors in active set degenerate. Dropping a regressor, after 149 iterations, i.e. alpha=1.126e+02, with an active set of 105 regressors, and the smallest cholesky pivot element being 1.490e-08. Reduce max_iter or increase eps parameters.
  warnings.warn(

2026-03-08 19:29:43,333:WARNING:/Users/lisanguyen/Documents/MLOps-project/.venv/lib/python3.10/site-packages/sklearn/linear_model/_least_angle.py:688: ConvergenceWarning: Regressors in active set degenerate. Dropping a regressor, after 151 iterations, i.e. alpha=1.112e+02, with an active set of 107 regressors, and the smallest cholesky pivot element being 1.490e-08. Reduce max_iter or increase eps parameters.
  warnings.warn(

2026-03-08 19:29:43,336:WARNING:/Users/lisanguyen/Documents/MLOps-project/.venv/lib/python3.10/site-packages/sklearn/linear_model/_least_angle.py:718: ConvergenceWarning: Early stopping the lars path, as the residues are small and the current value of alpha is no longer well controlled. 172 iterations, alpha=7.296e+01, previous alpha=7.275e+01, with an active set of 121 regressors.
  warnings.warn(

2026-03-08 19:29:43,340:WARNING:/Users/lisanguyen/Documents/MLOps-project/.venv/lib/python3.10/site-packages/sklearn/linear_model/_least_angle.py:718: ConvergenceWarning: Early stopping the lars path, as the residues are small and the current value of alpha is no longer well controlled. 58 iterations, alpha=1.598e+03, previous alpha=5.351e+02, with an active set of 53 regressors.
  warnings.warn(

2026-03-08 19:29:43,345:WARNING:/Users/lisanguyen/Documents/MLOps-project/.venv/lib/python3.10/site-packages/sklearn/linear_model/_least_angle.py:718: ConvergenceWarning: Early stopping the lars path, as the residues are small and the current value of alpha is no longer well controlled. 236 iterations, alpha=1.980e+01, previous alpha=1.979e+01, with an active set of 185 regressors.
  warnings.warn(

2026-03-08 19:29:43,346:WARNING:/Users/lisanguyen/Documents/MLOps-project/.venv/lib/python3.10/site-packages/sklearn/linear_model/_least_angle.py:718: ConvergenceWarning: Early stopping the lars path, as the residues are small and the current value of alpha is no longer well controlled. 165 iterations, alpha=6.100e+01, previous alpha=6.089e+01, with an active set of 134 regressors.
  warnings.warn(

2026-03-08 19:29:43,373:WARNING:/Users/lisanguyen/Documents/MLOps-project/.venv/lib/python3.10/site-packages/sklearn/linear_model/_least_angle.py:688: ConvergenceWarning: Regressors in active set degenerate. Dropping a regressor, after 277 iterations, i.e. alpha=6.049e+00, with an active set of 215 regressors, and the smallest cholesky pivot element being 1.054e-08. Reduce max_iter or increase eps parameters.
  warnings.warn(

2026-03-08 19:29:43,377:WARNING:/Users/lisanguyen/Documents/MLOps-project/.venv/lib/python3.10/site-packages/sklearn/linear_model/_least_angle.py:688: ConvergenceWarning: Regressors in active set degenerate. Dropping a regressor, after 291 iterations, i.e. alpha=3.025e+00, with an active set of 219 regressors, and the smallest cholesky pivot element being 2.980e-08. Reduce max_iter or increase eps parameters.
  warnings.warn(

2026-03-08 19:29:43,377:WARNING:/Users/lisanguyen/Documents/MLOps-project/.venv/lib/python3.10/site-packages/sklearn/linear_model/_least_angle.py:688: ConvergenceWarning: Regressors in active set degenerate. Dropping a regressor, after 295 iterations, i.e. alpha=2.228e+00, with an active set of 223 regressors, and the smallest cholesky pivot element being 2.980e-08. Reduce max_iter or increase eps parameters.
  warnings.warn(

2026-03-08 19:29:43,381:WARNING:/Users/lisanguyen/Documents/MLOps-project/.venv/lib/python3.10/site-packages/sklearn/linear_model/_least_angle.py:688: ConvergenceWarning: Regressors in active set degenerate. Dropping a regressor, after 307 iterations, i.e. alpha=1.426e+00, with an active set of 227 regressors, and the smallest cholesky pivot element being 2.980e-08. Reduce max_iter or increase eps parameters.
  warnings.warn(

2026-03-08 19:29:43,398:WARNING:/Users/lisanguyen/Documents/MLOps-project/.venv/lib/python3.10/site-packages/sklearn/linear_model/_least_angle.py:718: ConvergenceWarning: Early stopping the lars path, as the residues are small and the current value of alpha is no longer well controlled. 24 iterations, alpha=5.048e+03, previous alpha=4.692e+03, with an active set of 23 regressors.
  warnings.warn(

2026-03-08 19:29:43,402:WARNING:/Users/lisanguyen/Documents/MLOps-project/.venv/lib/python3.10/site-packages/sklearn/linear_model/_least_angle.py:718: ConvergenceWarning: Early stopping the lars path, as the residues are small and the current value of alpha is no longer well controlled. 215 iterations, alpha=2.904e+01, previous alpha=2.867e+01, with an active set of 174 regressors.
  warnings.warn(

2026-03-08 19:29:43,416:WARNING:/Users/lisanguyen/Documents/MLOps-project/.venv/lib/python3.10/site-packages/sklearn/linear_model/_least_angle.py:688: ConvergenceWarning: Regressors in active set degenerate. Dropping a regressor, after 259 iterations, i.e. alpha=1.375e+01, with an active set of 189 regressors, and the smallest cholesky pivot element being 2.107e-08. Reduce max_iter or increase eps parameters.
  warnings.warn(

2026-03-08 19:29:43,417:WARNING:/Users/lisanguyen/Documents/MLOps-project/.venv/lib/python3.10/site-packages/sklearn/linear_model/_least_angle.py:688: ConvergenceWarning: Regressors in active set degenerate. Dropping a regressor, after 260 iterations, i.e. alpha=1.375e+01, with an active set of 190 regressors, and the smallest cholesky pivot element being 2.107e-08. Reduce max_iter or increase eps parameters.
  warnings.warn(

2026-03-08 19:29:43,422:WARNING:/Users/lisanguyen/Documents/MLOps-project/.venv/lib/python3.10/site-packages/sklearn/linear_model/_least_angle.py:688: ConvergenceWarning: Regressors in active set degenerate. Dropping a regressor, after 280 iterations, i.e. alpha=1.019e+01, with an active set of 204 regressors, and the smallest cholesky pivot element being 3.495e-08. Reduce max_iter or increase eps parameters.
  warnings.warn(

2026-03-08 19:29:43,423:WARNING:/Users/lisanguyen/Documents/MLOps-project/.venv/lib/python3.10/site-packages/sklearn/linear_model/_least_angle.py:718: ConvergenceWarning: Early stopping the lars path, as the residues are small and the current value of alpha is no longer well controlled. 160 iterations, alpha=6.606e+01, previous alpha=6.606e+01, with an active set of 127 regressors.
  warnings.warn(

2026-03-08 19:29:43,425:WARNING:/Users/lisanguyen/Documents/MLOps-project/.venv/lib/python3.10/site-packages/sklearn/linear_model/_least_angle.py:688: ConvergenceWarning: Regressors in active set degenerate. Dropping a regressor, after 290 iterations, i.e. alpha=9.521e+00, with an active set of 212 regressors, and the smallest cholesky pivot element being 2.107e-08. Reduce max_iter or increase eps parameters.
  warnings.warn(

2026-03-08 19:29:43,429:WARNING:/Users/lisanguyen/Documents/MLOps-project/.venv/lib/python3.10/site-packages/sklearn/linear_model/_least_angle.py:718: ConvergenceWarning: Early stopping the lars path, as the residues are small and the current value of alpha is no longer well controlled. 303 iterations, alpha=6.877e+00, previous alpha=6.877e+00, with an active set of 210 regressors.
  warnings.warn(

2026-03-08 19:29:43,429:WARNING:/Users/lisanguyen/Documents/MLOps-project/.venv/lib/python3.10/site-packages/sklearn/linear_model/_least_angle.py:688: ConvergenceWarning: Regressors in active set degenerate. Dropping a regressor, after 313 iterations, i.e. alpha=4.760e+00, with an active set of 221 regressors, and the smallest cholesky pivot element being 2.356e-08. Reduce max_iter or increase eps parameters.
  warnings.warn(

2026-03-08 19:29:43,430:WARNING:/Users/lisanguyen/Documents/MLOps-project/.venv/lib/python3.10/site-packages/sklearn/linear_model/_least_angle.py:688: ConvergenceWarning: Regressors in active set degenerate. Dropping a regressor, after 315 iterations, i.e. alpha=4.610e+00, with an active set of 221 regressors, and the smallest cholesky pivot element being 2.356e-08. Reduce max_iter or increase eps parameters.
  warnings.warn(

2026-03-08 19:29:43,430:WARNING:/Users/lisanguyen/Documents/MLOps-project/.venv/lib/python3.10/site-packages/sklearn/linear_model/_least_angle.py:688: ConvergenceWarning: Regressors in active set degenerate. Dropping a regressor, after 316 iterations, i.e. alpha=4.582e+00, with an active set of 222 regressors, and the smallest cholesky pivot element being 2.356e-08. Reduce max_iter or increase eps parameters.
  warnings.warn(

2026-03-08 19:29:43,434:WARNING:/Users/lisanguyen/Documents/MLOps-project/.venv/lib/python3.10/site-packages/sklearn/linear_model/_least_angle.py:688: ConvergenceWarning: Regressors in active set degenerate. Dropping a regressor, after 335 iterations, i.e. alpha=2.380e+00, with an active set of 225 regressors, and the smallest cholesky pivot element being 3.650e-08. Reduce max_iter or increase eps parameters.
  warnings.warn(

2026-03-08 19:29:43,434:WARNING:/Users/lisanguyen/Documents/MLOps-project/.venv/lib/python3.10/site-packages/sklearn/linear_model/_least_angle.py:688: ConvergenceWarning: Regressors in active set degenerate. Dropping a regressor, after 336 iterations, i.e. alpha=2.291e+00, with an active set of 226 regressors, and the smallest cholesky pivot element being 3.650e-08. Reduce max_iter or increase eps parameters.
  warnings.warn(

2026-03-08 19:29:43,435:WARNING:/Users/lisanguyen/Documents/MLOps-project/.venv/lib/python3.10/site-packages/sklearn/linear_model/_least_angle.py:718: ConvergenceWarning: Early stopping the lars path, as the residues are small and the current value of alpha is no longer well controlled. 339 iterations, alpha=2.277e+00, previous alpha=2.277e+00, with an active set of 226 regressors.
  warnings.warn(

2026-03-08 19:29:43,490:INFO:Calculating mean and std
2026-03-08 19:29:43,490:INFO:Creating metrics dataframe
2026-03-08 19:29:43,491:INFO:Uploading results into container
2026-03-08 19:29:43,491:INFO:Uploading model into container now
2026-03-08 19:29:43,491:INFO:_master_model_container: 6
2026-03-08 19:29:43,491:INFO:_display_container: 2
2026-03-08 19:29:43,492:INFO:LassoLars(random_state=1611)
2026-03-08 19:29:43,492:INFO:create_model() successfully completed......................................
2026-03-08 19:29:43,528:INFO:SubProcess create_model() end ==================================
2026-03-08 19:29:43,528:INFO:Creating metrics dataframe
2026-03-08 19:29:43,529:INFO:Initializing Orthogonal Matching Pursuit
2026-03-08 19:29:43,529:INFO:Total runtime is 0.11359293460845947 minutes
2026-03-08 19:29:43,529:INFO:SubProcess create_model() called ==================================
2026-03-08 19:29:43,530:INFO:Initializing create_model()
2026-03-08 19:29:43,530:INFO:create_model(self=<pycaret.regression.oop.RegressionExperiment object at 0x140edf430>, estimator=omp, fold=KFold(n_splits=10, random_state=None, shuffle=False), round=4, cross_validation=True, predict=True, fit_kwargs={}, groups=None, refit=False, probability_threshold=None, experiment_custom_tags=None, verbose=False, system=False, add_to_model_list=True, metrics=None, display=<pycaret.internal.display.display.CommonDisplay object at 0x29af42050>, model_only=True, return_train_score=False, error_score=0.0, kwargs={})
2026-03-08 19:29:43,530:INFO:Checking exceptions
2026-03-08 19:29:43,530:INFO:Importing libraries
2026-03-08 19:29:43,530:INFO:Copying training dataset
2026-03-08 19:29:43,534:INFO:Defining folds
2026-03-08 19:29:43,534:INFO:Declaring metric variables
2026-03-08 19:29:43,534:INFO:Importing untrained model
2026-03-08 19:29:43,534:INFO:Orthogonal Matching Pursuit Imported successfully
2026-03-08 19:29:43,534:INFO:Starting cross validation
2026-03-08 19:29:43,536:INFO:Cross validating with KFold(n_splits=10, random_state=None, shuffle=False), n_jobs=-1
2026-03-08 19:29:43,966:INFO:Calculating mean and std
2026-03-08 19:29:43,966:INFO:Creating metrics dataframe
2026-03-08 19:29:43,967:INFO:Uploading results into container
2026-03-08 19:29:43,967:INFO:Uploading model into container now
2026-03-08 19:29:43,967:INFO:_master_model_container: 7
2026-03-08 19:29:43,967:INFO:_display_container: 2
2026-03-08 19:29:43,968:INFO:OrthogonalMatchingPursuit()
2026-03-08 19:29:43,968:INFO:create_model() successfully completed......................................
2026-03-08 19:29:44,005:INFO:SubProcess create_model() end ==================================
2026-03-08 19:29:44,005:INFO:Creating metrics dataframe
2026-03-08 19:29:44,006:INFO:Initializing Bayesian Ridge
2026-03-08 19:29:44,006:INFO:Total runtime is 0.1215348998705546 minutes
2026-03-08 19:29:44,006:INFO:SubProcess create_model() called ==================================
2026-03-08 19:29:44,006:INFO:Initializing create_model()
2026-03-08 19:29:44,006:INFO:create_model(self=<pycaret.regression.oop.RegressionExperiment object at 0x140edf430>, estimator=br, fold=KFold(n_splits=10, random_state=None, shuffle=False), round=4, cross_validation=True, predict=True, fit_kwargs={}, groups=None, refit=False, probability_threshold=None, experiment_custom_tags=None, verbose=False, system=False, add_to_model_list=True, metrics=None, display=<pycaret.internal.display.display.CommonDisplay object at 0x29af42050>, model_only=True, return_train_score=False, error_score=0.0, kwargs={})
2026-03-08 19:29:44,006:INFO:Checking exceptions
2026-03-08 19:29:44,006:INFO:Importing libraries
2026-03-08 19:29:44,006:INFO:Copying training dataset
2026-03-08 19:29:44,010:INFO:Defining folds
2026-03-08 19:29:44,010:INFO:Declaring metric variables
2026-03-08 19:29:44,010:INFO:Importing untrained model
2026-03-08 19:29:44,010:INFO:Bayesian Ridge Imported successfully
2026-03-08 19:29:44,010:INFO:Starting cross validation
2026-03-08 19:29:44,013:INFO:Cross validating with KFold(n_splits=10, random_state=None, shuffle=False), n_jobs=-1
2026-03-08 19:29:44,476:INFO:Calculating mean and std
2026-03-08 19:29:44,476:INFO:Creating metrics dataframe
2026-03-08 19:29:44,477:INFO:Uploading results into container
2026-03-08 19:29:44,477:INFO:Uploading model into container now
2026-03-08 19:29:44,477:INFO:_master_model_container: 8
2026-03-08 19:29:44,477:INFO:_display_container: 2
2026-03-08 19:29:44,477:INFO:BayesianRidge()
2026-03-08 19:29:44,477:INFO:create_model() successfully completed......................................
2026-03-08 19:29:44,515:INFO:SubProcess create_model() end ==================================
2026-03-08 19:29:44,515:INFO:Creating metrics dataframe
2026-03-08 19:29:44,516:INFO:Initializing Passive Aggressive Regressor
2026-03-08 19:29:44,516:INFO:Total runtime is 0.13003323078155518 minutes
2026-03-08 19:29:44,516:INFO:SubProcess create_model() called ==================================
2026-03-08 19:29:44,516:INFO:Initializing create_model()
2026-03-08 19:29:44,516:INFO:create_model(self=<pycaret.regression.oop.RegressionExperiment object at 0x140edf430>, estimator=par, fold=KFold(n_splits=10, random_state=None, shuffle=False), round=4, cross_validation=True, predict=True, fit_kwargs={}, groups=None, refit=False, probability_threshold=None, experiment_custom_tags=None, verbose=False, system=False, add_to_model_list=True, metrics=None, display=<pycaret.internal.display.display.CommonDisplay object at 0x29af42050>, model_only=True, return_train_score=False, error_score=0.0, kwargs={})
2026-03-08 19:29:44,516:INFO:Checking exceptions
2026-03-08 19:29:44,516:INFO:Importing libraries
2026-03-08 19:29:44,516:INFO:Copying training dataset
2026-03-08 19:29:44,520:INFO:Defining folds
2026-03-08 19:29:44,520:INFO:Declaring metric variables
2026-03-08 19:29:44,520:INFO:Importing untrained model
2026-03-08 19:29:44,520:INFO:Passive Aggressive Regressor Imported successfully
2026-03-08 19:29:44,520:INFO:Starting cross validation
2026-03-08 19:29:44,523:INFO:Cross validating with KFold(n_splits=10, random_state=None, shuffle=False), n_jobs=-1
2026-03-08 19:29:44,970:INFO:Calculating mean and std
2026-03-08 19:29:44,970:INFO:Creating metrics dataframe
2026-03-08 19:29:44,971:INFO:Uploading results into container
2026-03-08 19:29:44,971:INFO:Uploading model into container now
2026-03-08 19:29:44,971:INFO:_master_model_container: 9
2026-03-08 19:29:44,971:INFO:_display_container: 2
2026-03-08 19:29:44,972:INFO:PassiveAggressiveRegressor(random_state=1611)
2026-03-08 19:29:44,972:INFO:create_model() successfully completed......................................
2026-03-08 19:29:45,008:INFO:SubProcess create_model() end ==================================
2026-03-08 19:29:45,009:INFO:Creating metrics dataframe
2026-03-08 19:29:45,009:INFO:Initializing Huber Regressor
2026-03-08 19:29:45,009:INFO:Total runtime is 0.13826028108596802 minutes
2026-03-08 19:29:45,009:INFO:SubProcess create_model() called ==================================
2026-03-08 19:29:45,010:INFO:Initializing create_model()
2026-03-08 19:29:45,010:INFO:create_model(self=<pycaret.regression.oop.RegressionExperiment object at 0x140edf430>, estimator=huber, fold=KFold(n_splits=10, random_state=None, shuffle=False), round=4, cross_validation=True, predict=True, fit_kwargs={}, groups=None, refit=False, probability_threshold=None, experiment_custom_tags=None, verbose=False, system=False, add_to_model_list=True, metrics=None, display=<pycaret.internal.display.display.CommonDisplay object at 0x29af42050>, model_only=True, return_train_score=False, error_score=0.0, kwargs={})
2026-03-08 19:29:45,010:INFO:Checking exceptions
2026-03-08 19:29:45,010:INFO:Importing libraries
2026-03-08 19:29:45,010:INFO:Copying training dataset
2026-03-08 19:29:45,014:INFO:Defining folds
2026-03-08 19:29:45,014:INFO:Declaring metric variables
2026-03-08 19:29:45,014:INFO:Importing untrained model
2026-03-08 19:29:45,014:INFO:Huber Regressor Imported successfully
2026-03-08 19:29:45,014:INFO:Starting cross validation
2026-03-08 19:29:45,016:INFO:Cross validating with KFold(n_splits=10, random_state=None, shuffle=False), n_jobs=-1
2026-03-08 19:29:45,395:WARNING:/Users/lisanguyen/Documents/MLOps-project/.venv/lib/python3.10/site-packages/sklearn/linear_model/_huber.py:342: ConvergenceWarning: lbfgs failed to converge (status=1):
STOP: TOTAL NO. of ITERATIONS REACHED LIMIT.

Increase the number of iterations (max_iter) or scale the data as shown in:
    https://scikit-learn.org/stable/modules/preprocessing.html
  self.n_iter_ = _check_optimize_result("lbfgs", opt_res, self.max_iter)

2026-03-08 19:29:45,415:WARNING:/Users/lisanguyen/Documents/MLOps-project/.venv/lib/python3.10/site-packages/sklearn/linear_model/_huber.py:342: ConvergenceWarning: lbfgs failed to converge (status=1):
STOP: TOTAL NO. of ITERATIONS REACHED LIMIT.

Increase the number of iterations (max_iter) or scale the data as shown in:
    https://scikit-learn.org/stable/modules/preprocessing.html
  self.n_iter_ = _check_optimize_result("lbfgs", opt_res, self.max_iter)

2026-03-08 19:29:45,423:WARNING:/Users/lisanguyen/Documents/MLOps-project/.venv/lib/python3.10/site-packages/sklearn/linear_model/_huber.py:342: ConvergenceWarning: lbfgs failed to converge (status=1):
STOP: TOTAL NO. of ITERATIONS REACHED LIMIT.

Increase the number of iterations (max_iter) or scale the data as shown in:
    https://scikit-learn.org/stable/modules/preprocessing.html
  self.n_iter_ = _check_optimize_result("lbfgs", opt_res, self.max_iter)

2026-03-08 19:29:45,433:WARNING:/Users/lisanguyen/Documents/MLOps-project/.venv/lib/python3.10/site-packages/sklearn/linear_model/_huber.py:342: ConvergenceWarning: lbfgs failed to converge (status=1):
STOP: TOTAL NO. of ITERATIONS REACHED LIMIT.

Increase the number of iterations (max_iter) or scale the data as shown in:
    https://scikit-learn.org/stable/modules/preprocessing.html
  self.n_iter_ = _check_optimize_result("lbfgs", opt_res, self.max_iter)

2026-03-08 19:29:45,434:WARNING:/Users/lisanguyen/Documents/MLOps-project/.venv/lib/python3.10/site-packages/sklearn/linear_model/_huber.py:342: ConvergenceWarning: lbfgs failed to converge (status=1):
STOP: TOTAL NO. of ITERATIONS REACHED LIMIT.

Increase the number of iterations (max_iter) or scale the data as shown in:
    https://scikit-learn.org/stable/modules/preprocessing.html
  self.n_iter_ = _check_optimize_result("lbfgs", opt_res, self.max_iter)

2026-03-08 19:29:45,446:WARNING:/Users/lisanguyen/Documents/MLOps-project/.venv/lib/python3.10/site-packages/sklearn/linear_model/_huber.py:342: ConvergenceWarning: lbfgs failed to converge (status=1):
STOP: TOTAL NO. of ITERATIONS REACHED LIMIT.

Increase the number of iterations (max_iter) or scale the data as shown in:
    https://scikit-learn.org/stable/modules/preprocessing.html
  self.n_iter_ = _check_optimize_result("lbfgs", opt_res, self.max_iter)

2026-03-08 19:29:45,468:WARNING:/Users/lisanguyen/Documents/MLOps-project/.venv/lib/python3.10/site-packages/sklearn/linear_model/_huber.py:342: ConvergenceWarning: lbfgs failed to converge (status=1):
STOP: TOTAL NO. of ITERATIONS REACHED LIMIT.

Increase the number of iterations (max_iter) or scale the data as shown in:
    https://scikit-learn.org/stable/modules/preprocessing.html
  self.n_iter_ = _check_optimize_result("lbfgs", opt_res, self.max_iter)

2026-03-08 19:29:45,477:WARNING:/Users/lisanguyen/Documents/MLOps-project/.venv/lib/python3.10/site-packages/sklearn/linear_model/_huber.py:342: ConvergenceWarning: lbfgs failed to converge (status=1):
STOP: TOTAL NO. of ITERATIONS REACHED LIMIT.

Increase the number of iterations (max_iter) or scale the data as shown in:
    https://scikit-learn.org/stable/modules/preprocessing.html
  self.n_iter_ = _check_optimize_result("lbfgs", opt_res, self.max_iter)

2026-03-08 19:29:45,491:WARNING:/Users/lisanguyen/Documents/MLOps-project/.venv/lib/python3.10/site-packages/sklearn/linear_model/_huber.py:342: ConvergenceWarning: lbfgs failed to converge (status=1):
STOP: TOTAL NO. of ITERATIONS REACHED LIMIT.

Increase the number of iterations (max_iter) or scale the data as shown in:
    https://scikit-learn.org/stable/modules/preprocessing.html
  self.n_iter_ = _check_optimize_result("lbfgs", opt_res, self.max_iter)

2026-03-08 19:29:45,515:WARNING:/Users/lisanguyen/Documents/MLOps-project/.venv/lib/python3.10/site-packages/sklearn/linear_model/_huber.py:342: ConvergenceWarning: lbfgs failed to converge (status=1):
STOP: TOTAL NO. of ITERATIONS REACHED LIMIT.

Increase the number of iterations (max_iter) or scale the data as shown in:
    https://scikit-learn.org/stable/modules/preprocessing.html
  self.n_iter_ = _check_optimize_result("lbfgs", opt_res, self.max_iter)

2026-03-08 19:29:45,613:INFO:Calculating mean and std
2026-03-08 19:29:45,614:INFO:Creating metrics dataframe
2026-03-08 19:29:45,615:INFO:Uploading results into container
2026-03-08 19:29:45,615:INFO:Uploading model into container now
2026-03-08 19:29:45,615:INFO:_master_model_container: 10
2026-03-08 19:29:45,615:INFO:_display_container: 2
2026-03-08 19:29:45,615:INFO:HuberRegressor()
2026-03-08 19:29:45,615:INFO:create_model() successfully completed......................................
2026-03-08 19:29:45,651:INFO:SubProcess create_model() end ==================================
2026-03-08 19:29:45,652:INFO:Creating metrics dataframe
2026-03-08 19:29:45,653:INFO:Initializing K Neighbors Regressor
2026-03-08 19:29:45,653:INFO:Total runtime is 0.1489792346954346 minutes
2026-03-08 19:29:45,653:INFO:SubProcess create_model() called ==================================
2026-03-08 19:29:45,653:INFO:Initializing create_model()
2026-03-08 19:29:45,653:INFO:create_model(self=<pycaret.regression.oop.RegressionExperiment object at 0x140edf430>, estimator=knn, fold=KFold(n_splits=10, random_state=None, shuffle=False), round=4, cross_validation=True, predict=True, fit_kwargs={}, groups=None, refit=False, probability_threshold=None, experiment_custom_tags=None, verbose=False, system=False, add_to_model_list=True, metrics=None, display=<pycaret.internal.display.display.CommonDisplay object at 0x29af42050>, model_only=True, return_train_score=False, error_score=0.0, kwargs={})
2026-03-08 19:29:45,653:INFO:Checking exceptions
2026-03-08 19:29:45,653:INFO:Importing libraries
2026-03-08 19:29:45,653:INFO:Copying training dataset
2026-03-08 19:29:45,657:INFO:Defining folds
2026-03-08 19:29:45,657:INFO:Declaring metric variables
2026-03-08 19:29:45,657:INFO:Importing untrained model
2026-03-08 19:29:45,657:INFO:K Neighbors Regressor Imported successfully
2026-03-08 19:29:45,657:INFO:Starting cross validation
2026-03-08 19:29:45,660:INFO:Cross validating with KFold(n_splits=10, random_state=None, shuffle=False), n_jobs=-1
2026-03-08 19:29:46,085:INFO:Calculating mean and std
2026-03-08 19:29:46,087:INFO:Creating metrics dataframe
2026-03-08 19:29:46,088:INFO:Uploading results into container
2026-03-08 19:29:46,088:INFO:Uploading model into container now
2026-03-08 19:29:46,088:INFO:_master_model_container: 11
2026-03-08 19:29:46,088:INFO:_display_container: 2
2026-03-08 19:29:46,088:INFO:KNeighborsRegressor(n_jobs=-1)
2026-03-08 19:29:46,088:INFO:create_model() successfully completed......................................
2026-03-08 19:29:46,125:INFO:SubProcess create_model() end ==================================
2026-03-08 19:29:46,125:INFO:Creating metrics dataframe
2026-03-08 19:29:46,126:INFO:Initializing Decision Tree Regressor
2026-03-08 19:29:46,126:INFO:Total runtime is 0.15687335332234703 minutes
2026-03-08 19:29:46,126:INFO:SubProcess create_model() called ==================================
2026-03-08 19:29:46,126:INFO:Initializing create_model()
2026-03-08 19:29:46,126:INFO:create_model(self=<pycaret.regression.oop.RegressionExperiment object at 0x140edf430>, estimator=dt, fold=KFold(n_splits=10, random_state=None, shuffle=False), round=4, cross_validation=True, predict=True, fit_kwargs={}, groups=None, refit=False, probability_threshold=None, experiment_custom_tags=None, verbose=False, system=False, add_to_model_list=True, metrics=None, display=<pycaret.internal.display.display.CommonDisplay object at 0x29af42050>, model_only=True, return_train_score=False, error_score=0.0, kwargs={})
2026-03-08 19:29:46,126:INFO:Checking exceptions
2026-03-08 19:29:46,126:INFO:Importing libraries
2026-03-08 19:29:46,126:INFO:Copying training dataset
2026-03-08 19:29:46,131:INFO:Defining folds
2026-03-08 19:29:46,131:INFO:Declaring metric variables
2026-03-08 19:29:46,131:INFO:Importing untrained model
2026-03-08 19:29:46,131:INFO:Decision Tree Regressor Imported successfully
2026-03-08 19:29:46,131:INFO:Starting cross validation
2026-03-08 19:29:46,133:INFO:Cross validating with KFold(n_splits=10, random_state=None, shuffle=False), n_jobs=-1
2026-03-08 19:29:46,570:INFO:Calculating mean and std
2026-03-08 19:29:46,570:INFO:Creating metrics dataframe
2026-03-08 19:29:46,571:INFO:Uploading results into container
2026-03-08 19:29:46,571:INFO:Uploading model into container now
2026-03-08 19:29:46,571:INFO:_master_model_container: 12
2026-03-08 19:29:46,571:INFO:_display_container: 2
2026-03-08 19:29:46,572:INFO:DecisionTreeRegressor(random_state=1611)
2026-03-08 19:29:46,572:INFO:create_model() successfully completed......................................
2026-03-08 19:29:46,608:INFO:SubProcess create_model() end ==================================
2026-03-08 19:29:46,609:INFO:Creating metrics dataframe
2026-03-08 19:29:46,609:INFO:Initializing Random Forest Regressor
2026-03-08 19:29:46,610:INFO:Total runtime is 0.16492806673049928 minutes
2026-03-08 19:29:46,610:INFO:SubProcess create_model() called ==================================
2026-03-08 19:29:46,610:INFO:Initializing create_model()
2026-03-08 19:29:46,610:INFO:create_model(self=<pycaret.regression.oop.RegressionExperiment object at 0x140edf430>, estimator=rf, fold=KFold(n_splits=10, random_state=None, shuffle=False), round=4, cross_validation=True, predict=True, fit_kwargs={}, groups=None, refit=False, probability_threshold=None, experiment_custom_tags=None, verbose=False, system=False, add_to_model_list=True, metrics=None, display=<pycaret.internal.display.display.CommonDisplay object at 0x29af42050>, model_only=True, return_train_score=False, error_score=0.0, kwargs={})
2026-03-08 19:29:46,610:INFO:Checking exceptions
2026-03-08 19:29:46,610:INFO:Importing libraries
2026-03-08 19:29:46,610:INFO:Copying training dataset
2026-03-08 19:29:46,614:INFO:Defining folds
2026-03-08 19:29:46,614:INFO:Declaring metric variables
2026-03-08 19:29:46,614:INFO:Importing untrained model
2026-03-08 19:29:46,614:INFO:Random Forest Regressor Imported successfully
2026-03-08 19:29:46,614:INFO:Starting cross validation
2026-03-08 19:29:46,617:INFO:Cross validating with KFold(n_splits=10, random_state=None, shuffle=False), n_jobs=-1
2026-03-08 19:29:48,323:INFO:Calculating mean and std
2026-03-08 19:29:48,323:INFO:Creating metrics dataframe
2026-03-08 19:29:48,324:INFO:Uploading results into container
2026-03-08 19:29:48,324:INFO:Uploading model into container now
2026-03-08 19:29:48,324:INFO:_master_model_container: 13
2026-03-08 19:29:48,324:INFO:_display_container: 2
2026-03-08 19:29:48,324:INFO:RandomForestRegressor(n_jobs=-1, random_state=1611)
2026-03-08 19:29:48,324:INFO:create_model() successfully completed......................................
2026-03-08 19:29:48,362:INFO:SubProcess create_model() end ==================================
2026-03-08 19:29:48,362:INFO:Creating metrics dataframe
2026-03-08 19:29:48,363:INFO:Initializing Extra Trees Regressor
2026-03-08 19:29:48,363:INFO:Total runtime is 0.19414574702580772 minutes
2026-03-08 19:29:48,363:INFO:SubProcess create_model() called ==================================
2026-03-08 19:29:48,363:INFO:Initializing create_model()
2026-03-08 19:29:48,363:INFO:create_model(self=<pycaret.regression.oop.RegressionExperiment object at 0x140edf430>, estimator=et, fold=KFold(n_splits=10, random_state=None, shuffle=False), round=4, cross_validation=True, predict=True, fit_kwargs={}, groups=None, refit=False, probability_threshold=None, experiment_custom_tags=None, verbose=False, system=False, add_to_model_list=True, metrics=None, display=<pycaret.internal.display.display.CommonDisplay object at 0x29af42050>, model_only=True, return_train_score=False, error_score=0.0, kwargs={})
2026-03-08 19:29:48,363:INFO:Checking exceptions
2026-03-08 19:29:48,363:INFO:Importing libraries
2026-03-08 19:29:48,363:INFO:Copying training dataset
2026-03-08 19:29:48,367:INFO:Defining folds
2026-03-08 19:29:48,367:INFO:Declaring metric variables
2026-03-08 19:29:48,367:INFO:Importing untrained model
2026-03-08 19:29:48,367:INFO:Extra Trees Regressor Imported successfully
2026-03-08 19:29:48,367:INFO:Starting cross validation
2026-03-08 19:29:48,370:INFO:Cross validating with KFold(n_splits=10, random_state=None, shuffle=False), n_jobs=-1
2026-03-08 19:29:50,065:INFO:Calculating mean and std
2026-03-08 19:29:50,065:INFO:Creating metrics dataframe
2026-03-08 19:29:50,066:INFO:Uploading results into container
2026-03-08 19:29:50,066:INFO:Uploading model into container now
2026-03-08 19:29:50,066:INFO:_master_model_container: 14
2026-03-08 19:29:50,066:INFO:_display_container: 2
2026-03-08 19:29:50,066:INFO:ExtraTreesRegressor(n_jobs=-1, random_state=1611)
2026-03-08 19:29:50,066:INFO:create_model() successfully completed......................................
2026-03-08 19:29:50,103:INFO:SubProcess create_model() end ==================================
2026-03-08 19:29:50,103:INFO:Creating metrics dataframe
2026-03-08 19:29:50,104:INFO:Initializing AdaBoost Regressor
2026-03-08 19:29:50,104:INFO:Total runtime is 0.22317161560058596 minutes
2026-03-08 19:29:50,104:INFO:SubProcess create_model() called ==================================
2026-03-08 19:29:50,104:INFO:Initializing create_model()
2026-03-08 19:29:50,104:INFO:create_model(self=<pycaret.regression.oop.RegressionExperiment object at 0x140edf430>, estimator=ada, fold=KFold(n_splits=10, random_state=None, shuffle=False), round=4, cross_validation=True, predict=True, fit_kwargs={}, groups=None, refit=False, probability_threshold=None, experiment_custom_tags=None, verbose=False, system=False, add_to_model_list=True, metrics=None, display=<pycaret.internal.display.display.CommonDisplay object at 0x29af42050>, model_only=True, return_train_score=False, error_score=0.0, kwargs={})
2026-03-08 19:29:50,104:INFO:Checking exceptions
2026-03-08 19:29:50,104:INFO:Importing libraries
2026-03-08 19:29:50,104:INFO:Copying training dataset
2026-03-08 19:29:50,108:INFO:Defining folds
2026-03-08 19:29:50,109:INFO:Declaring metric variables
2026-03-08 19:29:50,109:INFO:Importing untrained model
2026-03-08 19:29:50,109:INFO:AdaBoost Regressor Imported successfully
2026-03-08 19:29:50,109:INFO:Starting cross validation
2026-03-08 19:29:50,111:INFO:Cross validating with KFold(n_splits=10, random_state=None, shuffle=False), n_jobs=-1
2026-03-08 19:29:50,829:INFO:Calculating mean and std
2026-03-08 19:29:50,830:INFO:Creating metrics dataframe
2026-03-08 19:29:50,831:INFO:Uploading results into container
2026-03-08 19:29:50,831:INFO:Uploading model into container now
2026-03-08 19:29:50,831:INFO:_master_model_container: 15
2026-03-08 19:29:50,831:INFO:_display_container: 2
2026-03-08 19:29:50,831:INFO:AdaBoostRegressor(random_state=1611)
2026-03-08 19:29:50,831:INFO:create_model() successfully completed......................................
2026-03-08 19:29:50,868:INFO:SubProcess create_model() end ==================================
2026-03-08 19:29:50,868:INFO:Creating metrics dataframe
2026-03-08 19:29:50,869:INFO:Initializing Gradient Boosting Regressor
2026-03-08 19:29:50,869:INFO:Total runtime is 0.23592136303583783 minutes
2026-03-08 19:29:50,869:INFO:SubProcess create_model() called ==================================
2026-03-08 19:29:50,869:INFO:Initializing create_model()
2026-03-08 19:29:50,869:INFO:create_model(self=<pycaret.regression.oop.RegressionExperiment object at 0x140edf430>, estimator=gbr, fold=KFold(n_splits=10, random_state=None, shuffle=False), round=4, cross_validation=True, predict=True, fit_kwargs={}, groups=None, refit=False, probability_threshold=None, experiment_custom_tags=None, verbose=False, system=False, add_to_model_list=True, metrics=None, display=<pycaret.internal.display.display.CommonDisplay object at 0x29af42050>, model_only=True, return_train_score=False, error_score=0.0, kwargs={})
2026-03-08 19:29:50,869:INFO:Checking exceptions
2026-03-08 19:29:50,869:INFO:Importing libraries
2026-03-08 19:29:50,869:INFO:Copying training dataset
2026-03-08 19:29:50,873:INFO:Defining folds
2026-03-08 19:29:50,873:INFO:Declaring metric variables
2026-03-08 19:29:50,873:INFO:Importing untrained model
2026-03-08 19:29:50,874:INFO:Gradient Boosting Regressor Imported successfully
2026-03-08 19:29:50,874:INFO:Starting cross validation
2026-03-08 19:29:50,876:INFO:Cross validating with KFold(n_splits=10, random_state=None, shuffle=False), n_jobs=-1
2026-03-08 19:29:51,809:INFO:Calculating mean and std
2026-03-08 19:29:51,809:INFO:Creating metrics dataframe
2026-03-08 19:29:51,810:INFO:Uploading results into container
2026-03-08 19:29:51,810:INFO:Uploading model into container now
2026-03-08 19:29:51,810:INFO:_master_model_container: 16
2026-03-08 19:29:51,810:INFO:_display_container: 2
2026-03-08 19:29:51,810:INFO:GradientBoostingRegressor(random_state=1611)
2026-03-08 19:29:51,810:INFO:create_model() successfully completed......................................
2026-03-08 19:29:51,847:INFO:SubProcess create_model() end ==================================
2026-03-08 19:29:51,847:INFO:Creating metrics dataframe
2026-03-08 19:29:51,848:INFO:Initializing Light Gradient Boosting Machine
2026-03-08 19:29:51,848:INFO:Total runtime is 0.25224263270696007 minutes
2026-03-08 19:29:51,848:INFO:SubProcess create_model() called ==================================
2026-03-08 19:29:51,849:INFO:Initializing create_model()
2026-03-08 19:29:51,849:INFO:create_model(self=<pycaret.regression.oop.RegressionExperiment object at 0x140edf430>, estimator=lightgbm, fold=KFold(n_splits=10, random_state=None, shuffle=False), round=4, cross_validation=True, predict=True, fit_kwargs={}, groups=None, refit=False, probability_threshold=None, experiment_custom_tags=None, verbose=False, system=False, add_to_model_list=True, metrics=None, display=<pycaret.internal.display.display.CommonDisplay object at 0x29af42050>, model_only=True, return_train_score=False, error_score=0.0, kwargs={})
2026-03-08 19:29:51,849:INFO:Checking exceptions
2026-03-08 19:29:51,849:INFO:Importing libraries
2026-03-08 19:29:51,849:INFO:Copying training dataset
2026-03-08 19:29:51,853:INFO:Defining folds
2026-03-08 19:29:51,853:INFO:Declaring metric variables
2026-03-08 19:29:51,853:INFO:Importing untrained model
2026-03-08 19:29:51,853:INFO:Light Gradient Boosting Machine Imported successfully
2026-03-08 19:29:51,853:INFO:Starting cross validation
2026-03-08 19:29:51,856:INFO:Cross validating with KFold(n_splits=10, random_state=None, shuffle=False), n_jobs=-1
2026-03-08 19:29:55,759:INFO:Calculating mean and std
2026-03-08 19:29:55,760:INFO:Creating metrics dataframe
2026-03-08 19:29:55,760:INFO:Uploading results into container
2026-03-08 19:29:55,760:INFO:Uploading model into container now
2026-03-08 19:29:55,761:INFO:_master_model_container: 17
2026-03-08 19:29:55,761:INFO:_display_container: 2
2026-03-08 19:29:55,761:INFO:LGBMRegressor(n_jobs=-1, random_state=1611)
2026-03-08 19:29:55,761:INFO:create_model() successfully completed......................................
2026-03-08 19:29:55,798:INFO:SubProcess create_model() end ==================================
2026-03-08 19:29:55,798:INFO:Creating metrics dataframe
2026-03-08 19:29:55,799:INFO:Initializing Dummy Regressor
2026-03-08 19:29:55,799:INFO:Total runtime is 0.3180925806363424 minutes
2026-03-08 19:29:55,799:INFO:SubProcess create_model() called ==================================
2026-03-08 19:29:55,800:INFO:Initializing create_model()
2026-03-08 19:29:55,800:INFO:create_model(self=<pycaret.regression.oop.RegressionExperiment object at 0x140edf430>, estimator=dummy, fold=KFold(n_splits=10, random_state=None, shuffle=False), round=4, cross_validation=True, predict=True, fit_kwargs={}, groups=None, refit=False, probability_threshold=None, experiment_custom_tags=None, verbose=False, system=False, add_to_model_list=True, metrics=None, display=<pycaret.internal.display.display.CommonDisplay object at 0x29af42050>, model_only=True, return_train_score=False, error_score=0.0, kwargs={})
2026-03-08 19:29:55,800:INFO:Checking exceptions
2026-03-08 19:29:55,800:INFO:Importing libraries
2026-03-08 19:29:55,800:INFO:Copying training dataset
2026-03-08 19:29:55,804:INFO:Defining folds
2026-03-08 19:29:55,804:INFO:Declaring metric variables
2026-03-08 19:29:55,804:INFO:Importing untrained model
2026-03-08 19:29:55,804:INFO:Dummy Regressor Imported successfully
2026-03-08 19:29:55,804:INFO:Starting cross validation
2026-03-08 19:29:55,807:INFO:Cross validating with KFold(n_splits=10, random_state=None, shuffle=False), n_jobs=-1
2026-03-08 19:29:56,267:INFO:Calculating mean and std
2026-03-08 19:29:56,267:INFO:Creating metrics dataframe
2026-03-08 19:29:56,268:INFO:Uploading results into container
2026-03-08 19:29:56,268:INFO:Uploading model into container now
2026-03-08 19:29:56,268:INFO:_master_model_container: 18
2026-03-08 19:29:56,268:INFO:_display_container: 2
2026-03-08 19:29:56,268:INFO:DummyRegressor()
2026-03-08 19:29:56,268:INFO:create_model() successfully completed......................................
2026-03-08 19:29:56,306:INFO:SubProcess create_model() end ==================================
2026-03-08 19:29:56,306:INFO:Creating metrics dataframe
2026-03-08 19:29:56,309:WARNING:/Users/lisanguyen/Documents/MLOps-project/.venv/lib/python3.10/site-packages/pycaret/internal/pycaret_experiment/supervised_experiment.py:323: FutureWarning: Styler.applymap has been deprecated. Use Styler.map instead.
  master_display_.apply(

2026-03-08 19:29:56,310:INFO:Initializing create_model()
2026-03-08 19:29:56,310:INFO:create_model(self=<pycaret.regression.oop.RegressionExperiment object at 0x140edf430>, estimator=GradientBoostingRegressor(random_state=1611), fold=KFold(n_splits=10, random_state=None, shuffle=False), round=4, cross_validation=False, predict=False, fit_kwargs={}, groups=None, refit=True, probability_threshold=None, experiment_custom_tags=None, verbose=False, system=False, add_to_model_list=True, metrics=None, display=None, model_only=True, return_train_score=False, error_score=0.0, kwargs={})
2026-03-08 19:29:56,310:INFO:Checking exceptions
2026-03-08 19:29:56,310:INFO:Importing libraries
2026-03-08 19:29:56,310:INFO:Copying training dataset
2026-03-08 19:29:56,314:INFO:Defining folds
2026-03-08 19:29:56,314:INFO:Declaring metric variables
2026-03-08 19:29:56,314:INFO:Importing untrained model
2026-03-08 19:29:56,314:INFO:Declaring custom model
2026-03-08 19:29:56,314:INFO:Gradient Boosting Regressor Imported successfully
2026-03-08 19:29:56,317:INFO:Cross validation set to False
2026-03-08 19:29:56,317:INFO:Fitting Model
2026-03-08 19:29:56,849:INFO:GradientBoostingRegressor(random_state=1611)
2026-03-08 19:29:56,849:INFO:create_model() successfully completed......................................
2026-03-08 19:29:56,889:INFO:_master_model_container: 18
2026-03-08 19:29:56,889:INFO:_display_container: 2
2026-03-08 19:29:56,889:INFO:GradientBoostingRegressor(random_state=1611)
2026-03-08 19:29:56,889:INFO:compare_models() successfully completed......................................
2026-03-08 19:29:56,906:INFO:Initializing save_model()
2026-03-08 19:29:56,906:INFO:save_model(model=GradientBoostingRegressor(random_state=1611), model_name=property_evaluator_model, prep_pipe_=Pipeline(memory=FastMemory(location=/var/folders/k6/8ngcf3nx77l7c565qr86j25m0000gn/T/joblib),
         steps=[('numerical_imputer',
                 TransformerWrapper(include=['Id', 'MSSubClass', 'LotFrontage',
                                             'LotArea', 'OverallQual',
                                             'OverallCond', 'YearBuilt',
                                             'YearRemodAdd', 'MasVnrArea',
                                             'BsmtFinSF1', 'BsmtFinSF2',
                                             'BsmtUnfSF', 'TotalBsmtSF',
                                             '1stFlrSF', '2ndFlrSF',
                                             'LowQualFinSF', 'G...
                                                                    'Condition2',
                                                                    'BldgType',
                                                                    'HouseStyle',
                                                                    'RoofStyle',
                                                                    'RoofMatl',
                                                                    'Exterior1st',
                                                                    'Exterior2nd',
                                                                    'MasVnrType',
                                                                    'ExterQual',
                                                                    'ExterCond',
                                                                    'Foundation',
                                                                    'BsmtQual',
                                                                    'BsmtCond',
                                                                    'BsmtExposure',
                                                                    'BsmtFinType1',
                                                                    'BsmtFinType2',
                                                                    'Heating',
                                                                    'HeatingQC',
                                                                    'Electrical',
                                                                    'KitchenQual',
                                                                    'Functional',
                                                                    'FireplaceQu',
                                                                    'GarageType', ...],
                                                              handle_missing='return_nan',
                                                              use_cat_names=True)))]), verbose=True, use_case=MLUsecase.REGRESSION, kwargs={})
2026-03-08 19:29:56,906:INFO:Adding model into prep_pipe
2026-03-08 19:29:56,925:INFO:property_evaluator_model.pkl saved in current working directory
2026-03-08 19:29:56,941:INFO:Pipeline(memory=Memory(location=None),
         steps=[('numerical_imputer',
                 TransformerWrapper(include=['Id', 'MSSubClass', 'LotFrontage',
                                             'LotArea', 'OverallQual',
                                             'OverallCond', 'YearBuilt',
                                             'YearRemodAdd', 'MasVnrArea',
                                             'BsmtFinSF1', 'BsmtFinSF2',
                                             'BsmtUnfSF', 'TotalBsmtSF',
                                             '1stFlrSF', '2ndFlrSF',
                                             'LowQualFinSF', 'GrLivArea',
                                             'BsmtFullBath', 'BsmtHalfBath',
                                             'FullBath', 'Hal...
                                                                    'Exterior1st',
                                                                    'Exterior2nd',
                                                                    'MasVnrType',
                                                                    'ExterQual',
                                                                    'ExterCond',
                                                                    'Foundation',
                                                                    'BsmtQual',
                                                                    'BsmtCond',
                                                                    'BsmtExposure',
                                                                    'BsmtFinType1',
                                                                    'BsmtFinType2',
                                                                    'Heating',
                                                                    'HeatingQC',
                                                                    'Electrical',
                                                                    'KitchenQual',
                                                                    'Functional',
                                                                    'FireplaceQu',
                                                                    'GarageType', ...],
                                                              handle_missing='return_nan',
                                                              use_cat_names=True))),
                ('trained_model',
                 GradientBoostingRegressor(random_state=1611))])
2026-03-08 19:29:56,941:INFO:save_model() successfully completed......................................
2026-03-08 19:29:56,977:INFO:Soft dependency imported: fastapi: 0.135.1
2026-03-08 19:29:56,978:ERROR:
'uvicorn' is a soft dependency and not included in the pycaret installation. Please run: `pip install uvicorn` to install.
Alternately, you can install this by running `pip install pycaret[mlops]`
NoneType: None
2026-03-08 19:45:59,648:WARNING:
'cuml' is a soft dependency and not included in the pycaret installation. Please run: `pip install cuml` to install.
2026-03-08 19:45:59,648:WARNING:
'cuml' is a soft dependency and not included in the pycaret installation. Please run: `pip install cuml` to install.
2026-03-08 19:45:59,648:WARNING:
'cuml' is a soft dependency and not included in the pycaret installation. Please run: `pip install cuml` to install.
2026-03-08 19:45:59,648:WARNING:
'cuml' is a soft dependency and not included in the pycaret installation. Please run: `pip install cuml` to install.
2026-03-08 19:45:59,748:INFO:PyCaret RegressionExperiment
2026-03-08 19:45:59,748:INFO:Logging name: reg-default-name
2026-03-08 19:45:59,748:INFO:ML Usecase: MLUsecase.REGRESSION
2026-03-08 19:45:59,748:INFO:version 3.3.2
2026-03-08 19:45:59,748:INFO:Initializing setup()
2026-03-08 19:45:59,748:INFO:self.USI: 4c1e
2026-03-08 19:45:59,748:INFO:self._variable_keys: {'X_train', 'memory', 'gpu_n_jobs_param', '_available_plots', 'n_jobs_param', 'y_test', 'fold_shuffle_param', 'y', 'logging_param', 'fold_groups_param', 'X_test', 'html_param', 'idx', 'exp_name_log', '_ml_usecase', 'transform_target_param', 'exp_id', 'y_train', 'fold_generator', 'data', 'pipeline', 'log_plots_param', 'target_param', 'USI', 'gpu_param', 'X', 'seed'}
2026-03-08 19:45:59,748:INFO:Checking environment
2026-03-08 19:45:59,748:INFO:python_version: 3.10.6
2026-03-08 19:45:59,748:INFO:python_build: ('v3.10.6:9c7b4bd164', 'Aug  1 2022 17:13:48')
2026-03-08 19:45:59,748:INFO:machine: arm64
2026-03-08 19:45:59,761:INFO:platform: macOS-14.3-arm64-arm-64bit
2026-03-08 19:45:59,762:INFO:Memory: svmem(total=19327352832, available=4989140992, percent=74.2, used=7121764352, free=36257792, active=4957044736, inactive=4873912320, wired=2164719616)
2026-03-08 19:45:59,762:INFO:Physical Core: 11
2026-03-08 19:45:59,762:INFO:Logical Core: 11
2026-03-08 19:45:59,762:INFO:Checking libraries
2026-03-08 19:45:59,762:INFO:System:
2026-03-08 19:45:59,762:INFO:    python: 3.10.6 (v3.10.6:9c7b4bd164, Aug  1 2022, 17:13:48) [Clang 13.0.0 (clang-1300.0.29.30)]
2026-03-08 19:45:59,762:INFO:executable: /Users/lisanguyen/Documents/MLOps-project/.venv/bin/python
2026-03-08 19:45:59,762:INFO:   machine: macOS-14.3-arm64-arm-64bit
2026-03-08 19:45:59,762:INFO:PyCaret required dependencies:
2026-03-08 19:45:59,778:INFO:                 pip: 22.2.1
2026-03-08 19:45:59,778:INFO:          setuptools: 63.2.0
2026-03-08 19:45:59,778:INFO:             pycaret: 3.3.2
2026-03-08 19:45:59,778:INFO:             IPython: 8.38.0
2026-03-08 19:45:59,778:INFO:          ipywidgets: 8.1.8
2026-03-08 19:45:59,778:INFO:                tqdm: 4.67.3
2026-03-08 19:45:59,778:INFO:               numpy: 1.26.4
2026-03-08 19:45:59,778:INFO:              pandas: 2.1.4
2026-03-08 19:45:59,778:INFO:              jinja2: 3.1.6
2026-03-08 19:45:59,778:INFO:               scipy: 1.11.4
2026-03-08 19:45:59,778:INFO:              joblib: 1.3.2
2026-03-08 19:45:59,778:INFO:             sklearn: 1.4.2
2026-03-08 19:45:59,778:INFO:                pyod: 2.0.7
2026-03-08 19:45:59,778:INFO:            imblearn: 0.14.1
2026-03-08 19:45:59,778:INFO:   category_encoders: 2.7.0
2026-03-08 19:45:59,778:INFO:            lightgbm: 4.6.0
2026-03-08 19:45:59,778:INFO:               numba: 0.64.0
2026-03-08 19:45:59,778:INFO:            requests: 2.32.5
2026-03-08 19:45:59,778:INFO:          matplotlib: 3.7.5
2026-03-08 19:45:59,778:INFO:          scikitplot: 0.3.7
2026-03-08 19:45:59,778:INFO:         yellowbrick: 1.5
2026-03-08 19:45:59,778:INFO:              plotly: 6.6.0
2026-03-08 19:45:59,778:INFO:    plotly-resampler: Not installed
2026-03-08 19:45:59,778:INFO:             kaleido: 1.2.0
2026-03-08 19:45:59,778:INFO:           schemdraw: 0.15
2026-03-08 19:45:59,778:INFO:         statsmodels: 0.14.6
2026-03-08 19:45:59,778:INFO:              sktime: 0.26.0
2026-03-08 19:45:59,778:INFO:               tbats: 1.1.3
2026-03-08 19:45:59,778:INFO:            pmdarima: 2.0.4
2026-03-08 19:45:59,778:INFO:              psutil: 7.2.2
2026-03-08 19:45:59,778:INFO:          markupsafe: 3.0.3
2026-03-08 19:45:59,778:INFO:             pickle5: Not installed
2026-03-08 19:45:59,778:INFO:         cloudpickle: 3.1.2
2026-03-08 19:45:59,778:INFO:         deprecation: 2.1.0
2026-03-08 19:45:59,778:INFO:              xxhash: 3.6.0
2026-03-08 19:45:59,778:INFO:           wurlitzer: 3.1.1
2026-03-08 19:45:59,778:INFO:PyCaret optional dependencies:
2026-03-08 19:45:59,910:INFO:                shap: Not installed
2026-03-08 19:45:59,910:INFO:           interpret: Not installed
2026-03-08 19:45:59,910:INFO:                umap: Not installed
2026-03-08 19:45:59,910:INFO:     ydata_profiling: Not installed
2026-03-08 19:45:59,910:INFO:  explainerdashboard: Not installed
2026-03-08 19:45:59,910:INFO:             autoviz: Not installed
2026-03-08 19:45:59,910:INFO:           fairlearn: Not installed
2026-03-08 19:45:59,910:INFO:          deepchecks: Not installed
2026-03-08 19:45:59,910:INFO:             xgboost: Not installed
2026-03-08 19:45:59,910:INFO:            catboost: Not installed
2026-03-08 19:45:59,910:INFO:              kmodes: Not installed
2026-03-08 19:45:59,910:INFO:             mlxtend: Not installed
2026-03-08 19:45:59,910:INFO:       statsforecast: Not installed
2026-03-08 19:45:59,910:INFO:        tune_sklearn: Not installed
2026-03-08 19:45:59,910:INFO:                 ray: Not installed
2026-03-08 19:45:59,910:INFO:            hyperopt: Not installed
2026-03-08 19:45:59,910:INFO:              optuna: Not installed
2026-03-08 19:45:59,910:INFO:               skopt: Not installed
2026-03-08 19:45:59,910:INFO:              mlflow: Not installed
2026-03-08 19:45:59,910:INFO:              gradio: Not installed
2026-03-08 19:45:59,910:INFO:             fastapi: 0.135.1
2026-03-08 19:45:59,910:INFO:             uvicorn: 0.41.0
2026-03-08 19:45:59,910:INFO:              m2cgen: Not installed
2026-03-08 19:45:59,910:INFO:           evidently: Not installed
2026-03-08 19:45:59,910:INFO:               fugue: Not installed
2026-03-08 19:45:59,910:INFO:           streamlit: Not installed
2026-03-08 19:45:59,910:INFO:             prophet: Not installed
2026-03-08 19:45:59,910:INFO:None
2026-03-08 19:45:59,910:INFO:Set up data.
2026-03-08 19:45:59,921:INFO:Set up folding strategy.
2026-03-08 19:45:59,921:INFO:Set up train/test split.
2026-03-08 19:45:59,931:INFO:Set up index.
2026-03-08 19:45:59,931:INFO:Assigning column types.
2026-03-08 19:45:59,934:INFO:Engine successfully changes for model 'lr' to 'sklearn'.
2026-03-08 19:45:59,934:INFO:Engine for model 'lasso' has not been set explicitly, hence returning None.
2026-03-08 19:45:59,936:INFO:Engine for model 'ridge' has not been set explicitly, hence returning None.
2026-03-08 19:45:59,937:INFO:Engine for model 'en' has not been set explicitly, hence returning None.
2026-03-08 19:45:59,959:INFO:Engine for model 'svm' has not been set explicitly, hence returning None.
2026-03-08 19:45:59,974:INFO:Engine for model 'knn' has not been set explicitly, hence returning None.
2026-03-08 19:45:59,974:WARNING:
'xgboost' is a soft dependency and not included in the pycaret installation. Please run: `pip install xgboost` to install.
Alternately, you can install this by running `pip install pycaret[models]`
2026-03-08 19:45:59,974:WARNING:
'catboost' is a soft dependency and not included in the pycaret installation. Please run: `pip install catboost` to install.
Alternately, you can install this by running `pip install pycaret[models]`
2026-03-08 19:45:59,974:INFO:Engine for model 'lasso' has not been set explicitly, hence returning None.
2026-03-08 19:45:59,975:INFO:Engine for model 'ridge' has not been set explicitly, hence returning None.
2026-03-08 19:45:59,977:INFO:Engine for model 'en' has not been set explicitly, hence returning None.
2026-03-08 19:45:59,998:INFO:Engine for model 'svm' has not been set explicitly, hence returning None.
2026-03-08 19:46:00,013:INFO:Engine for model 'knn' has not been set explicitly, hence returning None.
2026-03-08 19:46:00,013:WARNING:
'xgboost' is a soft dependency and not included in the pycaret installation. Please run: `pip install xgboost` to install.
Alternately, you can install this by running `pip install pycaret[models]`
2026-03-08 19:46:00,013:WARNING:
'catboost' is a soft dependency and not included in the pycaret installation. Please run: `pip install catboost` to install.
Alternately, you can install this by running `pip install pycaret[models]`
2026-03-08 19:46:00,013:INFO:Engine successfully changes for model 'lasso' to 'sklearn'.
2026-03-08 19:46:00,015:INFO:Engine for model 'ridge' has not been set explicitly, hence returning None.
2026-03-08 19:46:00,017:INFO:Engine for model 'en' has not been set explicitly, hence returning None.
2026-03-08 19:46:00,038:INFO:Engine for model 'svm' has not been set explicitly, hence returning None.
2026-03-08 19:46:00,052:INFO:Engine for model 'knn' has not been set explicitly, hence returning None.
2026-03-08 19:46:00,052:WARNING:
'xgboost' is a soft dependency and not included in the pycaret installation. Please run: `pip install xgboost` to install.
Alternately, you can install this by running `pip install pycaret[models]`
2026-03-08 19:46:00,052:WARNING:
'catboost' is a soft dependency and not included in the pycaret installation. Please run: `pip install catboost` to install.
Alternately, you can install this by running `pip install pycaret[models]`
2026-03-08 19:46:00,054:INFO:Engine for model 'ridge' has not been set explicitly, hence returning None.
2026-03-08 19:46:00,055:INFO:Engine for model 'en' has not been set explicitly, hence returning None.
2026-03-08 19:46:00,076:INFO:Engine for model 'svm' has not been set explicitly, hence returning None.
2026-03-08 19:46:00,090:INFO:Engine for model 'knn' has not been set explicitly, hence returning None.
2026-03-08 19:46:00,091:WARNING:
'xgboost' is a soft dependency and not included in the pycaret installation. Please run: `pip install xgboost` to install.
Alternately, you can install this by running `pip install pycaret[models]`
2026-03-08 19:46:00,091:WARNING:
'catboost' is a soft dependency and not included in the pycaret installation. Please run: `pip install catboost` to install.
Alternately, you can install this by running `pip install pycaret[models]`
2026-03-08 19:46:00,091:INFO:Engine successfully changes for model 'ridge' to 'sklearn'.
2026-03-08 19:46:00,094:INFO:Engine for model 'en' has not been set explicitly, hence returning None.
2026-03-08 19:46:00,115:INFO:Engine for model 'svm' has not been set explicitly, hence returning None.
2026-03-08 19:46:00,129:INFO:Engine for model 'knn' has not been set explicitly, hence returning None.
2026-03-08 19:46:00,129:WARNING:
'xgboost' is a soft dependency and not included in the pycaret installation. Please run: `pip install xgboost` to install.
Alternately, you can install this by running `pip install pycaret[models]`
2026-03-08 19:46:00,129:WARNING:
'catboost' is a soft dependency and not included in the pycaret installation. Please run: `pip install catboost` to install.
Alternately, you can install this by running `pip install pycaret[models]`
2026-03-08 19:46:00,132:INFO:Engine for model 'en' has not been set explicitly, hence returning None.
2026-03-08 19:46:00,153:INFO:Engine for model 'svm' has not been set explicitly, hence returning None.
2026-03-08 19:46:00,167:INFO:Engine for model 'knn' has not been set explicitly, hence returning None.
2026-03-08 19:46:00,168:WARNING:
'xgboost' is a soft dependency and not included in the pycaret installation. Please run: `pip install xgboost` to install.
Alternately, you can install this by running `pip install pycaret[models]`
2026-03-08 19:46:00,168:WARNING:
'catboost' is a soft dependency and not included in the pycaret installation. Please run: `pip install catboost` to install.
Alternately, you can install this by running `pip install pycaret[models]`
2026-03-08 19:46:00,168:INFO:Engine successfully changes for model 'en' to 'sklearn'.
2026-03-08 19:46:00,191:INFO:Engine for model 'svm' has not been set explicitly, hence returning None.
2026-03-08 19:46:00,206:INFO:Engine for model 'knn' has not been set explicitly, hence returning None.
2026-03-08 19:46:00,206:WARNING:
'xgboost' is a soft dependency and not included in the pycaret installation. Please run: `pip install xgboost` to install.
Alternately, you can install this by running `pip install pycaret[models]`
2026-03-08 19:46:00,206:WARNING:
'catboost' is a soft dependency and not included in the pycaret installation. Please run: `pip install catboost` to install.
Alternately, you can install this by running `pip install pycaret[models]`
2026-03-08 19:46:00,229:INFO:Engine for model 'svm' has not been set explicitly, hence returning None.
2026-03-08 19:46:00,244:INFO:Engine for model 'knn' has not been set explicitly, hence returning None.
2026-03-08 19:46:00,244:WARNING:
'xgboost' is a soft dependency and not included in the pycaret installation. Please run: `pip install xgboost` to install.
Alternately, you can install this by running `pip install pycaret[models]`
2026-03-08 19:46:00,244:WARNING:
'catboost' is a soft dependency and not included in the pycaret installation. Please run: `pip install catboost` to install.
Alternately, you can install this by running `pip install pycaret[models]`
2026-03-08 19:46:00,244:INFO:Engine successfully changes for model 'knn' to 'sklearn'.
2026-03-08 19:46:00,267:INFO:Engine for model 'svm' has not been set explicitly, hence returning None.
2026-03-08 19:46:00,282:WARNING:
'xgboost' is a soft dependency and not included in the pycaret installation. Please run: `pip install xgboost` to install.
Alternately, you can install this by running `pip install pycaret[models]`
2026-03-08 19:46:00,282:WARNING:
'catboost' is a soft dependency and not included in the pycaret installation. Please run: `pip install catboost` to install.
Alternately, you can install this by running `pip install pycaret[models]`
2026-03-08 19:46:00,305:INFO:Engine for model 'svm' has not been set explicitly, hence returning None.
2026-03-08 19:46:00,319:WARNING:
'xgboost' is a soft dependency and not included in the pycaret installation. Please run: `pip install xgboost` to install.
Alternately, you can install this by running `pip install pycaret[models]`
2026-03-08 19:46:00,319:WARNING:
'catboost' is a soft dependency and not included in the pycaret installation. Please run: `pip install catboost` to install.
Alternately, you can install this by running `pip install pycaret[models]`
2026-03-08 19:46:00,320:INFO:Engine successfully changes for model 'svm' to 'sklearn'.
2026-03-08 19:46:00,357:WARNING:
'xgboost' is a soft dependency and not included in the pycaret installation. Please run: `pip install xgboost` to install.
Alternately, you can install this by running `pip install pycaret[models]`
2026-03-08 19:46:00,357:WARNING:
'catboost' is a soft dependency and not included in the pycaret installation. Please run: `pip install catboost` to install.
Alternately, you can install this by running `pip install pycaret[models]`
2026-03-08 19:46:00,395:WARNING:
'xgboost' is a soft dependency and not included in the pycaret installation. Please run: `pip install xgboost` to install.
Alternately, you can install this by running `pip install pycaret[models]`
2026-03-08 19:46:00,395:WARNING:
'catboost' is a soft dependency and not included in the pycaret installation. Please run: `pip install catboost` to install.
Alternately, you can install this by running `pip install pycaret[models]`
2026-03-08 19:46:00,396:INFO:Preparing preprocessing pipeline...
2026-03-08 19:46:00,396:INFO:Set up simple imputation.
2026-03-08 19:46:00,400:INFO:Set up encoding of ordinal features.
2026-03-08 19:46:00,402:INFO:Set up encoding of categorical features.
2026-03-08 19:46:00,550:INFO:Finished creating preprocessing pipeline.
2026-03-08 19:46:00,563:INFO:Pipeline: Pipeline(memory=FastMemory(location=/var/folders/k6/8ngcf3nx77l7c565qr86j25m0000gn/T/joblib),
         steps=[('numerical_imputer',
                 TransformerWrapper(include=['Id', 'MSSubClass', 'LotFrontage',
                                             'LotArea', 'OverallQual',
                                             'OverallCond', 'YearBuilt',
                                             'YearRemodAdd', 'MasVnrArea',
                                             'BsmtFinSF1', 'BsmtFinSF2',
                                             'BsmtUnfSF', 'TotalBsmtSF',
                                             '1stFlrSF', '2ndFlrSF',
                                             'LowQualFinSF', 'G...
                                                                    'Condition1',
                                                                    'Condition2',
                                                                    'BldgType',
                                                                    'HouseStyle',
                                                                    'RoofStyle',
                                                                    'RoofMatl',
                                                                    'Exterior1st',
                                                                    'Exterior2nd',
                                                                    'MasVnrType',
                                                                    'ExterQual',
                                                                    'ExterCond',
                                                                    'Foundation',
                                                                    'BsmtQual',
                                                                    'BsmtCond',
                                                                    'BsmtExposure',
                                                                    'BsmtFinType1',
                                                                    'BsmtFinType2',
                                                                    'Heating',
                                                                    'HeatingQC',
                                                                    'Electrical',
                                                                    'KitchenQual',
                                                                    'Functional',
                                                                    'FireplaceQu', ...],
                                                              handle_missing='return_nan',
                                                              use_cat_names=True)))])
2026-03-08 19:46:00,563:INFO:Creating final display dataframe.
2026-03-08 19:46:01,093:INFO:Setup _display_container:                     Description             Value
0                    Session id              2285
1                        Target         SalePrice
2                   Target type        Regression
3           Original data shape        (1460, 81)
4        Transformed data shape       (1460, 277)
5   Transformed train set shape       (1021, 277)
6    Transformed test set shape        (439, 277)
7              Numeric features                37
8          Categorical features                43
9      Rows with missing values            100.0%
10                   Preprocess              True
11              Imputation type            simple
12           Numeric imputation              mean
13       Categorical imputation              mode
14     Maximum one-hot encoding                25
15              Encoding method              None
16               Fold Generator             KFold
17                  Fold Number                10
18                     CPU Jobs                -1
19                      Use GPU             False
20               Log Experiment             False
21              Experiment Name  reg-default-name
22                          USI              4c1e
2026-03-08 19:46:01,134:WARNING:
'xgboost' is a soft dependency and not included in the pycaret installation. Please run: `pip install xgboost` to install.
Alternately, you can install this by running `pip install pycaret[models]`
2026-03-08 19:46:01,134:WARNING:
'catboost' is a soft dependency and not included in the pycaret installation. Please run: `pip install catboost` to install.
Alternately, you can install this by running `pip install pycaret[models]`
2026-03-08 19:46:01,173:WARNING:
'xgboost' is a soft dependency and not included in the pycaret installation. Please run: `pip install xgboost` to install.
Alternately, you can install this by running `pip install pycaret[models]`
2026-03-08 19:46:01,173:WARNING:
'catboost' is a soft dependency and not included in the pycaret installation. Please run: `pip install catboost` to install.
Alternately, you can install this by running `pip install pycaret[models]`
2026-03-08 19:46:01,173:INFO:setup() successfully completed in 1.43s...............
2026-03-08 19:46:01,173:INFO:Initializing compare_models()
2026-03-08 19:46:01,173:INFO:compare_models(self=<pycaret.regression.oop.RegressionExperiment object at 0x1313d3550>, include=None, fold=None, round=4, cross_validation=True, sort=RMSE, n_select=1, budget_time=None, turbo=True, errors=ignore, fit_kwargs=None, groups=None, experiment_custom_tags=None, probability_threshold=None, verbose=True, parallel=None, caller_params={'self': <pycaret.regression.oop.RegressionExperiment object at 0x1313d3550>, 'include': None, 'exclude': None, 'fold': None, 'round': 4, 'cross_validation': True, 'sort': 'RMSE', 'n_select': 1, 'budget_time': None, 'turbo': True, 'errors': 'ignore', 'fit_kwargs': None, 'groups': None, 'experiment_custom_tags': None, 'engine': None, 'verbose': True, 'parallel': None, '__class__': <class 'pycaret.regression.oop.RegressionExperiment'>}, exclude=None)
2026-03-08 19:46:01,173:INFO:Checking exceptions
2026-03-08 19:46:01,175:INFO:Preparing display monitor
2026-03-08 19:46:01,185:INFO:Initializing Linear Regression
2026-03-08 19:46:01,186:INFO:Total runtime is 2.1497408548990887e-06 minutes
2026-03-08 19:46:01,186:INFO:SubProcess create_model() called ==================================
2026-03-08 19:46:01,186:INFO:Initializing create_model()
2026-03-08 19:46:01,186:INFO:create_model(self=<pycaret.regression.oop.RegressionExperiment object at 0x1313d3550>, estimator=lr, fold=KFold(n_splits=10, random_state=None, shuffle=False), round=4, cross_validation=True, predict=True, fit_kwargs={}, groups=None, refit=False, probability_threshold=None, experiment_custom_tags=None, verbose=False, system=False, add_to_model_list=True, metrics=None, display=<pycaret.internal.display.display.CommonDisplay object at 0x299c529e0>, model_only=True, return_train_score=False, error_score=0.0, kwargs={})
2026-03-08 19:46:01,186:INFO:Checking exceptions
2026-03-08 19:46:01,186:INFO:Importing libraries
2026-03-08 19:46:01,186:INFO:Copying training dataset
2026-03-08 19:46:01,191:INFO:Defining folds
2026-03-08 19:46:01,191:INFO:Declaring metric variables
2026-03-08 19:46:01,191:INFO:Importing untrained model
2026-03-08 19:46:01,191:INFO:Linear Regression Imported successfully
2026-03-08 19:46:01,191:INFO:Starting cross validation
2026-03-08 19:46:01,197:INFO:Cross validating with KFold(n_splits=10, random_state=None, shuffle=False), n_jobs=-1
2026-03-08 19:46:04,668:INFO:Calculating mean and std
2026-03-08 19:46:04,670:INFO:Creating metrics dataframe
2026-03-08 19:46:04,672:INFO:Uploading results into container
2026-03-08 19:46:04,673:INFO:Uploading model into container now
2026-03-08 19:46:04,673:INFO:_master_model_container: 1
2026-03-08 19:46:04,673:INFO:_display_container: 2
2026-03-08 19:46:04,675:INFO:LinearRegression(n_jobs=-1)
2026-03-08 19:46:04,676:INFO:create_model() successfully completed......................................
2026-03-08 19:46:04,739:INFO:SubProcess create_model() end ==================================
2026-03-08 19:46:04,739:INFO:Creating metrics dataframe
2026-03-08 19:46:04,740:INFO:Initializing Lasso Regression
2026-03-08 19:46:04,740:INFO:Total runtime is 0.059242717425028485 minutes
2026-03-08 19:46:04,740:INFO:SubProcess create_model() called ==================================
2026-03-08 19:46:04,740:INFO:Initializing create_model()
2026-03-08 19:46:04,740:INFO:create_model(self=<pycaret.regression.oop.RegressionExperiment object at 0x1313d3550>, estimator=lasso, fold=KFold(n_splits=10, random_state=None, shuffle=False), round=4, cross_validation=True, predict=True, fit_kwargs={}, groups=None, refit=False, probability_threshold=None, experiment_custom_tags=None, verbose=False, system=False, add_to_model_list=True, metrics=None, display=<pycaret.internal.display.display.CommonDisplay object at 0x299c529e0>, model_only=True, return_train_score=False, error_score=0.0, kwargs={})
2026-03-08 19:46:04,740:INFO:Checking exceptions
2026-03-08 19:46:04,740:INFO:Importing libraries
2026-03-08 19:46:04,740:INFO:Copying training dataset
2026-03-08 19:46:04,744:INFO:Defining folds
2026-03-08 19:46:04,744:INFO:Declaring metric variables
2026-03-08 19:46:04,744:INFO:Importing untrained model
2026-03-08 19:46:04,744:INFO:Lasso Regression Imported successfully
2026-03-08 19:46:04,745:INFO:Starting cross validation
2026-03-08 19:46:04,747:INFO:Cross validating with KFold(n_splits=10, random_state=None, shuffle=False), n_jobs=-1
2026-03-08 19:46:05,334:WARNING:/Users/lisanguyen/Documents/MLOps-project/.venv/lib/python3.10/site-packages/sklearn/linear_model/_coordinate_descent.py:678: ConvergenceWarning: Objective did not converge. You might want to increase the number of iterations, check the scale of the features or consider increasing regularisation. Duality gap: 5.017e+10, tolerance: 6.097e+08
  model = cd_fast.enet_coordinate_descent(

2026-03-08 19:46:05,387:WARNING:/Users/lisanguyen/Documents/MLOps-project/.venv/lib/python3.10/site-packages/sklearn/linear_model/_coordinate_descent.py:678: ConvergenceWarning: Objective did not converge. You might want to increase the number of iterations, check the scale of the features or consider increasing regularisation. Duality gap: 1.537e+11, tolerance: 5.884e+08
  model = cd_fast.enet_coordinate_descent(

2026-03-08 19:46:05,387:WARNING:/Users/lisanguyen/Documents/MLOps-project/.venv/lib/python3.10/site-packages/sklearn/linear_model/_coordinate_descent.py:678: ConvergenceWarning: Objective did not converge. You might want to increase the number of iterations, check the scale of the features or consider increasing regularisation. Duality gap: 2.432e+10, tolerance: 6.156e+08
  model = cd_fast.enet_coordinate_descent(

2026-03-08 19:46:05,393:WARNING:/Users/lisanguyen/Documents/MLOps-project/.venv/lib/python3.10/site-packages/sklearn/linear_model/_coordinate_descent.py:678: ConvergenceWarning: Objective did not converge. You might want to increase the number of iterations, check the scale of the features or consider increasing regularisation. Duality gap: 1.344e+11, tolerance: 5.688e+08
  model = cd_fast.enet_coordinate_descent(

2026-03-08 19:46:05,396:WARNING:/Users/lisanguyen/Documents/MLOps-project/.venv/lib/python3.10/site-packages/sklearn/linear_model/_coordinate_descent.py:678: ConvergenceWarning: Objective did not converge. You might want to increase the number of iterations, check the scale of the features or consider increasing regularisation. Duality gap: 8.451e+10, tolerance: 6.072e+08
  model = cd_fast.enet_coordinate_descent(

2026-03-08 19:46:05,402:WARNING:/Users/lisanguyen/Documents/MLOps-project/.venv/lib/python3.10/site-packages/sklearn/linear_model/_coordinate_descent.py:678: ConvergenceWarning: Objective did not converge. You might want to increase the number of iterations, check the scale of the features or consider increasing regularisation. Duality gap: 1.442e+11, tolerance: 6.199e+08
  model = cd_fast.enet_coordinate_descent(

2026-03-08 19:46:05,405:WARNING:/Users/lisanguyen/Documents/MLOps-project/.venv/lib/python3.10/site-packages/sklearn/linear_model/_coordinate_descent.py:678: ConvergenceWarning: Objective did not converge. You might want to increase the number of iterations, check the scale of the features or consider increasing regularisation. Duality gap: 1.494e+11, tolerance: 5.974e+08
  model = cd_fast.enet_coordinate_descent(

2026-03-08 19:46:05,408:WARNING:/Users/lisanguyen/Documents/MLOps-project/.venv/lib/python3.10/site-packages/sklearn/linear_model/_coordinate_descent.py:678: ConvergenceWarning: Objective did not converge. You might want to increase the number of iterations, check the scale of the features or consider increasing regularisation. Duality gap: 2.060e+09, tolerance: 5.804e+08
  model = cd_fast.enet_coordinate_descent(

2026-03-08 19:46:05,448:WARNING:/Users/lisanguyen/Documents/MLOps-project/.venv/lib/python3.10/site-packages/sklearn/linear_model/_coordinate_descent.py:678: ConvergenceWarning: Objective did not converge. You might want to increase the number of iterations, check the scale of the features or consider increasing regularisation. Duality gap: 1.344e+11, tolerance: 6.261e+08
  model = cd_fast.enet_coordinate_descent(

2026-03-08 19:46:06,094:WARNING:/Users/lisanguyen/Documents/MLOps-project/.venv/lib/python3.10/site-packages/sklearn/linear_model/_coordinate_descent.py:678: ConvergenceWarning: Objective did not converge. You might want to increase the number of iterations, check the scale of the features or consider increasing regularisation. Duality gap: 5.594e+09, tolerance: 5.854e+08
  model = cd_fast.enet_coordinate_descent(

2026-03-08 19:46:06,144:INFO:Calculating mean and std
2026-03-08 19:46:06,145:INFO:Creating metrics dataframe
2026-03-08 19:46:06,146:INFO:Uploading results into container
2026-03-08 19:46:06,146:INFO:Uploading model into container now
2026-03-08 19:46:06,146:INFO:_master_model_container: 2
2026-03-08 19:46:06,146:INFO:_display_container: 2
2026-03-08 19:46:06,146:INFO:Lasso(random_state=2285)
2026-03-08 19:46:06,146:INFO:create_model() successfully completed......................................
2026-03-08 19:46:06,185:INFO:SubProcess create_model() end ==================================
2026-03-08 19:46:06,185:INFO:Creating metrics dataframe
2026-03-08 19:46:06,186:INFO:Initializing Ridge Regression
2026-03-08 19:46:06,186:INFO:Total runtime is 0.08334275086720785 minutes
2026-03-08 19:46:06,186:INFO:SubProcess create_model() called ==================================
2026-03-08 19:46:06,186:INFO:Initializing create_model()
2026-03-08 19:46:06,186:INFO:create_model(self=<pycaret.regression.oop.RegressionExperiment object at 0x1313d3550>, estimator=ridge, fold=KFold(n_splits=10, random_state=None, shuffle=False), round=4, cross_validation=True, predict=True, fit_kwargs={}, groups=None, refit=False, probability_threshold=None, experiment_custom_tags=None, verbose=False, system=False, add_to_model_list=True, metrics=None, display=<pycaret.internal.display.display.CommonDisplay object at 0x299c529e0>, model_only=True, return_train_score=False, error_score=0.0, kwargs={})
2026-03-08 19:46:06,186:INFO:Checking exceptions
2026-03-08 19:46:06,186:INFO:Importing libraries
2026-03-08 19:46:06,186:INFO:Copying training dataset
2026-03-08 19:46:06,190:INFO:Defining folds
2026-03-08 19:46:06,190:INFO:Declaring metric variables
2026-03-08 19:46:06,190:INFO:Importing untrained model
2026-03-08 19:46:06,190:INFO:Ridge Regression Imported successfully
2026-03-08 19:46:06,190:INFO:Starting cross validation
2026-03-08 19:46:06,193:INFO:Cross validating with KFold(n_splits=10, random_state=None, shuffle=False), n_jobs=-1
2026-03-08 19:46:06,632:INFO:Calculating mean and std
2026-03-08 19:46:06,633:INFO:Creating metrics dataframe
2026-03-08 19:46:06,633:INFO:Uploading results into container
2026-03-08 19:46:06,633:INFO:Uploading model into container now
2026-03-08 19:46:06,634:INFO:_master_model_container: 3
2026-03-08 19:46:06,634:INFO:_display_container: 2
2026-03-08 19:46:06,634:INFO:Ridge(random_state=2285)
2026-03-08 19:46:06,634:INFO:create_model() successfully completed......................................
2026-03-08 19:46:06,672:INFO:SubProcess create_model() end ==================================
2026-03-08 19:46:06,672:INFO:Creating metrics dataframe
2026-03-08 19:46:06,673:INFO:Initializing Elastic Net
2026-03-08 19:46:06,673:INFO:Total runtime is 0.09145358800888062 minutes
2026-03-08 19:46:06,673:INFO:SubProcess create_model() called ==================================
2026-03-08 19:46:06,673:INFO:Initializing create_model()
2026-03-08 19:46:06,673:INFO:create_model(self=<pycaret.regression.oop.RegressionExperiment object at 0x1313d3550>, estimator=en, fold=KFold(n_splits=10, random_state=None, shuffle=False), round=4, cross_validation=True, predict=True, fit_kwargs={}, groups=None, refit=False, probability_threshold=None, experiment_custom_tags=None, verbose=False, system=False, add_to_model_list=True, metrics=None, display=<pycaret.internal.display.display.CommonDisplay object at 0x299c529e0>, model_only=True, return_train_score=False, error_score=0.0, kwargs={})
2026-03-08 19:46:06,673:INFO:Checking exceptions
2026-03-08 19:46:06,673:INFO:Importing libraries
2026-03-08 19:46:06,673:INFO:Copying training dataset
2026-03-08 19:46:06,677:INFO:Defining folds
2026-03-08 19:46:06,677:INFO:Declaring metric variables
2026-03-08 19:46:06,677:INFO:Importing untrained model
2026-03-08 19:46:06,677:INFO:Elastic Net Imported successfully
2026-03-08 19:46:06,677:INFO:Starting cross validation
2026-03-08 19:46:06,679:INFO:Cross validating with KFold(n_splits=10, random_state=None, shuffle=False), n_jobs=-1
2026-03-08 19:46:07,229:WARNING:/Users/lisanguyen/Documents/MLOps-project/.venv/lib/python3.10/site-packages/sklearn/linear_model/_coordinate_descent.py:678: ConvergenceWarning: Objective did not converge. You might want to increase the number of iterations, check the scale of the features or consider increasing regularisation. Duality gap: 5.274e+11, tolerance: 5.854e+08
  model = cd_fast.enet_coordinate_descent(

2026-03-08 19:46:07,248:WARNING:/Users/lisanguyen/Documents/MLOps-project/.venv/lib/python3.10/site-packages/sklearn/linear_model/_coordinate_descent.py:678: ConvergenceWarning: Objective did not converge. You might want to increase the number of iterations, check the scale of the features or consider increasing regularisation. Duality gap: 5.774e+11, tolerance: 6.199e+08
  model = cd_fast.enet_coordinate_descent(

2026-03-08 19:46:07,293:WARNING:/Users/lisanguyen/Documents/MLOps-project/.venv/lib/python3.10/site-packages/sklearn/linear_model/_coordinate_descent.py:678: ConvergenceWarning: Objective did not converge. You might want to increase the number of iterations, check the scale of the features or consider increasing regularisation. Duality gap: 3.895e+11, tolerance: 6.097e+08
  model = cd_fast.enet_coordinate_descent(

2026-03-08 19:46:07,295:WARNING:/Users/lisanguyen/Documents/MLOps-project/.venv/lib/python3.10/site-packages/sklearn/linear_model/_coordinate_descent.py:678: ConvergenceWarning: Objective did not converge. You might want to increase the number of iterations, check the scale of the features or consider increasing regularisation. Duality gap: 5.685e+11, tolerance: 6.072e+08
  model = cd_fast.enet_coordinate_descent(

2026-03-08 19:46:07,309:WARNING:/Users/lisanguyen/Documents/MLOps-project/.venv/lib/python3.10/site-packages/sklearn/linear_model/_coordinate_descent.py:678: ConvergenceWarning: Objective did not converge. You might want to increase the number of iterations, check the scale of the features or consider increasing regularisation. Duality gap: 5.637e+11, tolerance: 5.974e+08
  model = cd_fast.enet_coordinate_descent(

2026-03-08 19:46:07,317:WARNING:/Users/lisanguyen/Documents/MLOps-project/.venv/lib/python3.10/site-packages/sklearn/linear_model/_coordinate_descent.py:678: ConvergenceWarning: Objective did not converge. You might want to increase the number of iterations, check the scale of the features or consider increasing regularisation. Duality gap: 5.271e+11, tolerance: 5.688e+08
  model = cd_fast.enet_coordinate_descent(

2026-03-08 19:46:07,320:WARNING:/Users/lisanguyen/Documents/MLOps-project/.venv/lib/python3.10/site-packages/sklearn/linear_model/_coordinate_descent.py:678: ConvergenceWarning: Objective did not converge. You might want to increase the number of iterations, check the scale of the features or consider increasing regularisation. Duality gap: 5.738e+11, tolerance: 6.156e+08
  model = cd_fast.enet_coordinate_descent(

2026-03-08 19:46:07,330:WARNING:/Users/lisanguyen/Documents/MLOps-project/.venv/lib/python3.10/site-packages/sklearn/linear_model/_coordinate_descent.py:678: ConvergenceWarning: Objective did not converge. You might want to increase the number of iterations, check the scale of the features or consider increasing regularisation. Duality gap: 5.537e+11, tolerance: 5.884e+08
  model = cd_fast.enet_coordinate_descent(

2026-03-08 19:46:07,335:WARNING:/Users/lisanguyen/Documents/MLOps-project/.venv/lib/python3.10/site-packages/sklearn/linear_model/_coordinate_descent.py:678: ConvergenceWarning: Objective did not converge. You might want to increase the number of iterations, check the scale of the features or consider increasing regularisation. Duality gap: 5.732e+11, tolerance: 6.261e+08
  model = cd_fast.enet_coordinate_descent(

2026-03-08 19:46:07,337:WARNING:/Users/lisanguyen/Documents/MLOps-project/.venv/lib/python3.10/site-packages/sklearn/linear_model/_coordinate_descent.py:678: ConvergenceWarning: Objective did not converge. You might want to increase the number of iterations, check the scale of the features or consider increasing regularisation. Duality gap: 5.281e+11, tolerance: 5.804e+08
  model = cd_fast.enet_coordinate_descent(

2026-03-08 19:46:07,407:INFO:Calculating mean and std
2026-03-08 19:46:07,408:INFO:Creating metrics dataframe
2026-03-08 19:46:07,409:INFO:Uploading results into container
2026-03-08 19:46:07,409:INFO:Uploading model into container now
2026-03-08 19:46:07,409:INFO:_master_model_container: 4
2026-03-08 19:46:07,409:INFO:_display_container: 2
2026-03-08 19:46:07,409:INFO:ElasticNet(random_state=2285)
2026-03-08 19:46:07,409:INFO:create_model() successfully completed......................................
2026-03-08 19:46:07,446:INFO:SubProcess create_model() end ==================================
2026-03-08 19:46:07,446:INFO:Creating metrics dataframe
2026-03-08 19:46:07,447:INFO:Initializing Least Angle Regression
2026-03-08 19:46:07,447:INFO:Total runtime is 0.10435610214869182 minutes
2026-03-08 19:46:07,447:INFO:SubProcess create_model() called ==================================
2026-03-08 19:46:07,447:INFO:Initializing create_model()
2026-03-08 19:46:07,447:INFO:create_model(self=<pycaret.regression.oop.RegressionExperiment object at 0x1313d3550>, estimator=lar, fold=KFold(n_splits=10, random_state=None, shuffle=False), round=4, cross_validation=True, predict=True, fit_kwargs={}, groups=None, refit=False, probability_threshold=None, experiment_custom_tags=None, verbose=False, system=False, add_to_model_list=True, metrics=None, display=<pycaret.internal.display.display.CommonDisplay object at 0x299c529e0>, model_only=True, return_train_score=False, error_score=0.0, kwargs={})
2026-03-08 19:46:07,447:INFO:Checking exceptions
2026-03-08 19:46:07,447:INFO:Importing libraries
2026-03-08 19:46:07,447:INFO:Copying training dataset
2026-03-08 19:46:07,451:INFO:Defining folds
2026-03-08 19:46:07,451:INFO:Declaring metric variables
2026-03-08 19:46:07,451:INFO:Importing untrained model
2026-03-08 19:46:07,451:INFO:Least Angle Regression Imported successfully
2026-03-08 19:46:07,451:INFO:Starting cross validation
2026-03-08 19:46:07,453:INFO:Cross validating with KFold(n_splits=10, random_state=None, shuffle=False), n_jobs=-1
2026-03-08 19:46:07,775:WARNING:/Users/lisanguyen/Documents/MLOps-project/.venv/lib/python3.10/site-packages/sklearn/linear_model/_least_angle.py:688: ConvergenceWarning: Regressors in active set degenerate. Dropping a regressor, after 295 iterations, i.e. alpha=6.709e+05, with an active set of 227 regressors, and the smallest cholesky pivot element being 1.054e-08. Reduce max_iter or increase eps parameters.
  warnings.warn(

2026-03-08 19:46:07,794:WARNING:/Users/lisanguyen/Documents/MLOps-project/.venv/lib/python3.10/site-packages/sklearn/linear_model/_least_angle.py:688: ConvergenceWarning: Regressors in active set degenerate. Dropping a regressor, after 365 iterations, i.e. alpha=1.687e+19, with an active set of 270 regressors, and the smallest cholesky pivot element being 1.490e-08. Reduce max_iter or increase eps parameters.
  warnings.warn(

2026-03-08 19:46:07,821:WARNING:/Users/lisanguyen/Documents/MLOps-project/.venv/lib/python3.10/site-packages/sklearn/linear_model/_least_angle.py:688: ConvergenceWarning: Regressors in active set degenerate. Dropping a regressor, after 235 iterations, i.e. alpha=1.354e+03, with an active set of 183 regressors, and the smallest cholesky pivot element being 2.356e-08. Reduce max_iter or increase eps parameters.
  warnings.warn(

2026-03-08 19:46:07,835:WARNING:/Users/lisanguyen/Documents/MLOps-project/.venv/lib/python3.10/site-packages/sklearn/linear_model/_least_angle.py:688: ConvergenceWarning: Regressors in active set degenerate. Dropping a regressor, after 258 iterations, i.e. alpha=1.103e+05, with an active set of 193 regressors, and the smallest cholesky pivot element being 9.424e-08. Reduce max_iter or increase eps parameters.
  warnings.warn(

2026-03-08 19:46:07,947:INFO:Calculating mean and std
2026-03-08 19:46:07,947:INFO:Creating metrics dataframe
2026-03-08 19:46:07,948:INFO:Uploading results into container
2026-03-08 19:46:07,948:INFO:Uploading model into container now
2026-03-08 19:46:07,948:INFO:_master_model_container: 5
2026-03-08 19:46:07,948:INFO:_display_container: 2
2026-03-08 19:46:07,948:INFO:Lars(random_state=2285)
2026-03-08 19:46:07,948:INFO:create_model() successfully completed......................................
2026-03-08 19:46:07,985:INFO:SubProcess create_model() end ==================================
2026-03-08 19:46:07,985:INFO:Creating metrics dataframe
2026-03-08 19:46:07,986:INFO:Initializing Lasso Least Angle Regression
2026-03-08 19:46:07,986:INFO:Total runtime is 0.11334393421808879 minutes
2026-03-08 19:46:07,986:INFO:SubProcess create_model() called ==================================
2026-03-08 19:46:07,986:INFO:Initializing create_model()
2026-03-08 19:46:07,986:INFO:create_model(self=<pycaret.regression.oop.RegressionExperiment object at 0x1313d3550>, estimator=llar, fold=KFold(n_splits=10, random_state=None, shuffle=False), round=4, cross_validation=True, predict=True, fit_kwargs={}, groups=None, refit=False, probability_threshold=None, experiment_custom_tags=None, verbose=False, system=False, add_to_model_list=True, metrics=None, display=<pycaret.internal.display.display.CommonDisplay object at 0x299c529e0>, model_only=True, return_train_score=False, error_score=0.0, kwargs={})
2026-03-08 19:46:07,986:INFO:Checking exceptions
2026-03-08 19:46:07,986:INFO:Importing libraries
2026-03-08 19:46:07,986:INFO:Copying training dataset
2026-03-08 19:46:07,990:INFO:Defining folds
2026-03-08 19:46:07,990:INFO:Declaring metric variables
2026-03-08 19:46:07,991:INFO:Importing untrained model
2026-03-08 19:46:07,991:INFO:Lasso Least Angle Regression Imported successfully
2026-03-08 19:46:07,991:INFO:Starting cross validation
2026-03-08 19:46:07,993:INFO:Cross validating with KFold(n_splits=10, random_state=None, shuffle=False), n_jobs=-1
2026-03-08 19:46:08,307:WARNING:/Users/lisanguyen/Documents/MLOps-project/.venv/lib/python3.10/site-packages/sklearn/linear_model/_least_angle.py:718: ConvergenceWarning: Early stopping the lars path, as the residues are small and the current value of alpha is no longer well controlled. 130 iterations, alpha=1.043e+02, previous alpha=9.362e+01, with an active set of 113 regressors.
  warnings.warn(

2026-03-08 19:46:08,320:WARNING:/Users/lisanguyen/Documents/MLOps-project/.venv/lib/python3.10/site-packages/sklearn/linear_model/_least_angle.py:718: ConvergenceWarning: Early stopping the lars path, as the residues are small and the current value of alpha is no longer well controlled. 32 iterations, alpha=1.271e+04, previous alpha=1.008e+04, with an active set of 23 regressors.
  warnings.warn(

2026-03-08 19:46:08,321:WARNING:/Users/lisanguyen/Documents/MLOps-project/.venv/lib/python3.10/site-packages/sklearn/linear_model/_least_angle.py:688: ConvergenceWarning: Regressors in active set degenerate. Dropping a regressor, after 303 iterations, i.e. alpha=2.696e+00, with an active set of 219 regressors, and the smallest cholesky pivot element being 2.581e-08. Reduce max_iter or increase eps parameters.
  warnings.warn(

2026-03-08 19:46:08,323:WARNING:/Users/lisanguyen/Documents/MLOps-project/.venv/lib/python3.10/site-packages/sklearn/linear_model/_least_angle.py:718: ConvergenceWarning: Early stopping the lars path, as the residues are small and the current value of alpha is no longer well controlled. 63 iterations, alpha=2.460e+03, previous alpha=8.270e+02, with an active set of 44 regressors.
  warnings.warn(

2026-03-08 19:46:08,323:WARNING:/Users/lisanguyen/Documents/MLOps-project/.venv/lib/python3.10/site-packages/sklearn/linear_model/_least_angle.py:688: ConvergenceWarning: Regressors in active set degenerate. Dropping a regressor, after 312 iterations, i.e. alpha=1.348e+00, with an active set of 228 regressors, and the smallest cholesky pivot element being 2.581e-08. Reduce max_iter or increase eps parameters.
  warnings.warn(

2026-03-08 19:46:08,324:WARNING:/Users/lisanguyen/Documents/MLOps-project/.venv/lib/python3.10/site-packages/sklearn/linear_model/_least_angle.py:688: ConvergenceWarning: Regressors in active set degenerate. Dropping a regressor, after 313 iterations, i.e. alpha=1.348e+00, with an active set of 229 regressors, and the smallest cholesky pivot element being 2.581e-08. Reduce max_iter or increase eps parameters.
  warnings.warn(

2026-03-08 19:46:08,325:WARNING:/Users/lisanguyen/Documents/MLOps-project/.venv/lib/python3.10/site-packages/sklearn/linear_model/_least_angle.py:718: ConvergenceWarning: Early stopping the lars path, as the residues are small and the current value of alpha is no longer well controlled. 276 iterations, alpha=9.140e+00, previous alpha=8.891e+00, with an active set of 209 regressors.
  warnings.warn(

2026-03-08 19:46:08,347:WARNING:/Users/lisanguyen/Documents/MLOps-project/.venv/lib/python3.10/site-packages/sklearn/linear_model/_least_angle.py:688: ConvergenceWarning: Regressors in active set degenerate. Dropping a regressor, after 308 iterations, i.e. alpha=5.336e+00, with an active set of 216 regressors, and the smallest cholesky pivot element being 2.107e-08. Reduce max_iter or increase eps parameters.
  warnings.warn(

2026-03-08 19:46:08,354:WARNING:/Users/lisanguyen/Documents/MLOps-project/.venv/lib/python3.10/site-packages/sklearn/linear_model/_least_angle.py:718: ConvergenceWarning: Early stopping the lars path, as the residues are small and the current value of alpha is no longer well controlled. 34 iterations, alpha=7.384e+03, previous alpha=2.533e+03, with an active set of 25 regressors.
  warnings.warn(

2026-03-08 19:46:08,360:WARNING:/Users/lisanguyen/Documents/MLOps-project/.venv/lib/python3.10/site-packages/sklearn/linear_model/_least_angle.py:718: ConvergenceWarning: Early stopping the lars path, as the residues are small and the current value of alpha is no longer well controlled. 213 iterations, alpha=3.188e+01, previous alpha=3.184e+01, with an active set of 166 regressors.
  warnings.warn(

2026-03-08 19:46:08,368:WARNING:/Users/lisanguyen/Documents/MLOps-project/.venv/lib/python3.10/site-packages/sklearn/linear_model/_least_angle.py:718: ConvergenceWarning: Early stopping the lars path, as the residues are small and the current value of alpha is no longer well controlled. 260 iterations, alpha=1.517e+01, previous alpha=1.487e+01, with an active set of 191 regressors.
  warnings.warn(

2026-03-08 19:46:08,395:WARNING:/Users/lisanguyen/Documents/MLOps-project/.venv/lib/python3.10/site-packages/sklearn/linear_model/_least_angle.py:688: ConvergenceWarning: Regressors in active set degenerate. Dropping a regressor, after 279 iterations, i.e. alpha=3.166e+00, with an active set of 223 regressors, and the smallest cholesky pivot element being 2.220e-16. Reduce max_iter or increase eps parameters.
  warnings.warn(

2026-03-08 19:46:08,397:WARNING:/Users/lisanguyen/Documents/MLOps-project/.venv/lib/python3.10/site-packages/sklearn/linear_model/_least_angle.py:688: ConvergenceWarning: Regressors in active set degenerate. Dropping a regressor, after 288 iterations, i.e. alpha=1.495e+00, with an active set of 230 regressors, and the smallest cholesky pivot element being 1.054e-08. Reduce max_iter or increase eps parameters.
  warnings.warn(

2026-03-08 19:46:08,455:INFO:Calculating mean and std
2026-03-08 19:46:08,455:INFO:Creating metrics dataframe
2026-03-08 19:46:08,456:INFO:Uploading results into container
2026-03-08 19:46:08,456:INFO:Uploading model into container now
2026-03-08 19:46:08,456:INFO:_master_model_container: 6
2026-03-08 19:46:08,456:INFO:_display_container: 2
2026-03-08 19:46:08,456:INFO:LassoLars(random_state=2285)
2026-03-08 19:46:08,456:INFO:create_model() successfully completed......................................
2026-03-08 19:46:08,493:INFO:SubProcess create_model() end ==================================
2026-03-08 19:46:08,493:INFO:Creating metrics dataframe
2026-03-08 19:46:08,494:INFO:Initializing Orthogonal Matching Pursuit
2026-03-08 19:46:08,494:INFO:Total runtime is 0.12181088527043661 minutes
2026-03-08 19:46:08,494:INFO:SubProcess create_model() called ==================================
2026-03-08 19:46:08,494:INFO:Initializing create_model()
2026-03-08 19:46:08,494:INFO:create_model(self=<pycaret.regression.oop.RegressionExperiment object at 0x1313d3550>, estimator=omp, fold=KFold(n_splits=10, random_state=None, shuffle=False), round=4, cross_validation=True, predict=True, fit_kwargs={}, groups=None, refit=False, probability_threshold=None, experiment_custom_tags=None, verbose=False, system=False, add_to_model_list=True, metrics=None, display=<pycaret.internal.display.display.CommonDisplay object at 0x299c529e0>, model_only=True, return_train_score=False, error_score=0.0, kwargs={})
2026-03-08 19:46:08,494:INFO:Checking exceptions
2026-03-08 19:46:08,494:INFO:Importing libraries
2026-03-08 19:46:08,494:INFO:Copying training dataset
2026-03-08 19:46:08,498:INFO:Defining folds
2026-03-08 19:46:08,498:INFO:Declaring metric variables
2026-03-08 19:46:08,499:INFO:Importing untrained model
2026-03-08 19:46:08,499:INFO:Orthogonal Matching Pursuit Imported successfully
2026-03-08 19:46:08,499:INFO:Starting cross validation
2026-03-08 19:46:08,501:INFO:Cross validating with KFold(n_splits=10, random_state=None, shuffle=False), n_jobs=-1
2026-03-08 19:46:08,939:INFO:Calculating mean and std
2026-03-08 19:46:08,940:INFO:Creating metrics dataframe
2026-03-08 19:46:08,940:INFO:Uploading results into container
2026-03-08 19:46:08,940:INFO:Uploading model into container now
2026-03-08 19:46:08,941:INFO:_master_model_container: 7
2026-03-08 19:46:08,941:INFO:_display_container: 2
2026-03-08 19:46:08,941:INFO:OrthogonalMatchingPursuit()
2026-03-08 19:46:08,941:INFO:create_model() successfully completed......................................
2026-03-08 19:46:08,978:INFO:SubProcess create_model() end ==================================
2026-03-08 19:46:08,978:INFO:Creating metrics dataframe
2026-03-08 19:46:08,979:INFO:Initializing Bayesian Ridge
2026-03-08 19:46:08,979:INFO:Total runtime is 0.12988779942194623 minutes
2026-03-08 19:46:08,979:INFO:SubProcess create_model() called ==================================
2026-03-08 19:46:08,979:INFO:Initializing create_model()
2026-03-08 19:46:08,979:INFO:create_model(self=<pycaret.regression.oop.RegressionExperiment object at 0x1313d3550>, estimator=br, fold=KFold(n_splits=10, random_state=None, shuffle=False), round=4, cross_validation=True, predict=True, fit_kwargs={}, groups=None, refit=False, probability_threshold=None, experiment_custom_tags=None, verbose=False, system=False, add_to_model_list=True, metrics=None, display=<pycaret.internal.display.display.CommonDisplay object at 0x299c529e0>, model_only=True, return_train_score=False, error_score=0.0, kwargs={})
2026-03-08 19:46:08,979:INFO:Checking exceptions
2026-03-08 19:46:08,979:INFO:Importing libraries
2026-03-08 19:46:08,979:INFO:Copying training dataset
2026-03-08 19:46:08,983:INFO:Defining folds
2026-03-08 19:46:08,983:INFO:Declaring metric variables
2026-03-08 19:46:08,983:INFO:Importing untrained model
2026-03-08 19:46:08,983:INFO:Bayesian Ridge Imported successfully
2026-03-08 19:46:08,983:INFO:Starting cross validation
2026-03-08 19:46:08,986:INFO:Cross validating with KFold(n_splits=10, random_state=None, shuffle=False), n_jobs=-1
2026-03-08 19:46:09,468:INFO:Calculating mean and std
2026-03-08 19:46:09,468:INFO:Creating metrics dataframe
2026-03-08 19:46:09,469:INFO:Uploading results into container
2026-03-08 19:46:09,469:INFO:Uploading model into container now
2026-03-08 19:46:09,469:INFO:_master_model_container: 8
2026-03-08 19:46:09,469:INFO:_display_container: 2
2026-03-08 19:46:09,469:INFO:BayesianRidge()
2026-03-08 19:46:09,469:INFO:create_model() successfully completed......................................
2026-03-08 19:46:09,506:INFO:SubProcess create_model() end ==================================
2026-03-08 19:46:09,506:INFO:Creating metrics dataframe
2026-03-08 19:46:09,507:INFO:Initializing Passive Aggressive Regressor
2026-03-08 19:46:09,507:INFO:Total runtime is 0.13869493405024214 minutes
2026-03-08 19:46:09,507:INFO:SubProcess create_model() called ==================================
2026-03-08 19:46:09,507:INFO:Initializing create_model()
2026-03-08 19:46:09,507:INFO:create_model(self=<pycaret.regression.oop.RegressionExperiment object at 0x1313d3550>, estimator=par, fold=KFold(n_splits=10, random_state=None, shuffle=False), round=4, cross_validation=True, predict=True, fit_kwargs={}, groups=None, refit=False, probability_threshold=None, experiment_custom_tags=None, verbose=False, system=False, add_to_model_list=True, metrics=None, display=<pycaret.internal.display.display.CommonDisplay object at 0x299c529e0>, model_only=True, return_train_score=False, error_score=0.0, kwargs={})
2026-03-08 19:46:09,507:INFO:Checking exceptions
2026-03-08 19:46:09,507:INFO:Importing libraries
2026-03-08 19:46:09,507:INFO:Copying training dataset
2026-03-08 19:46:09,511:INFO:Defining folds
2026-03-08 19:46:09,511:INFO:Declaring metric variables
2026-03-08 19:46:09,511:INFO:Importing untrained model
2026-03-08 19:46:09,512:INFO:Passive Aggressive Regressor Imported successfully
2026-03-08 19:46:09,512:INFO:Starting cross validation
2026-03-08 19:46:09,514:INFO:Cross validating with KFold(n_splits=10, random_state=None, shuffle=False), n_jobs=-1
2026-03-08 19:46:09,987:INFO:Calculating mean and std
2026-03-08 19:46:09,987:INFO:Creating metrics dataframe
2026-03-08 19:46:09,988:INFO:Uploading results into container
2026-03-08 19:46:09,988:INFO:Uploading model into container now
2026-03-08 19:46:09,988:INFO:_master_model_container: 9
2026-03-08 19:46:09,988:INFO:_display_container: 2
2026-03-08 19:46:09,988:INFO:PassiveAggressiveRegressor(random_state=2285)
2026-03-08 19:46:09,988:INFO:create_model() successfully completed......................................
2026-03-08 19:46:10,026:INFO:SubProcess create_model() end ==================================
2026-03-08 19:46:10,026:INFO:Creating metrics dataframe
2026-03-08 19:46:10,026:INFO:Initializing Huber Regressor
2026-03-08 19:46:10,027:INFO:Total runtime is 0.14735170205434167 minutes
2026-03-08 19:46:10,027:INFO:SubProcess create_model() called ==================================
2026-03-08 19:46:10,027:INFO:Initializing create_model()
2026-03-08 19:46:10,027:INFO:create_model(self=<pycaret.regression.oop.RegressionExperiment object at 0x1313d3550>, estimator=huber, fold=KFold(n_splits=10, random_state=None, shuffle=False), round=4, cross_validation=True, predict=True, fit_kwargs={}, groups=None, refit=False, probability_threshold=None, experiment_custom_tags=None, verbose=False, system=False, add_to_model_list=True, metrics=None, display=<pycaret.internal.display.display.CommonDisplay object at 0x299c529e0>, model_only=True, return_train_score=False, error_score=0.0, kwargs={})
2026-03-08 19:46:10,027:INFO:Checking exceptions
2026-03-08 19:46:10,027:INFO:Importing libraries
2026-03-08 19:46:10,027:INFO:Copying training dataset
2026-03-08 19:46:10,031:INFO:Defining folds
2026-03-08 19:46:10,031:INFO:Declaring metric variables
2026-03-08 19:46:10,031:INFO:Importing untrained model
2026-03-08 19:46:10,031:INFO:Huber Regressor Imported successfully
2026-03-08 19:46:10,031:INFO:Starting cross validation
2026-03-08 19:46:10,034:INFO:Cross validating with KFold(n_splits=10, random_state=None, shuffle=False), n_jobs=-1
2026-03-08 19:46:10,452:WARNING:/Users/lisanguyen/Documents/MLOps-project/.venv/lib/python3.10/site-packages/sklearn/linear_model/_huber.py:342: ConvergenceWarning: lbfgs failed to converge (status=1):
STOP: TOTAL NO. of ITERATIONS REACHED LIMIT.

Increase the number of iterations (max_iter) or scale the data as shown in:
    https://scikit-learn.org/stable/modules/preprocessing.html
  self.n_iter_ = _check_optimize_result("lbfgs", opt_res, self.max_iter)

2026-03-08 19:46:10,465:WARNING:/Users/lisanguyen/Documents/MLOps-project/.venv/lib/python3.10/site-packages/sklearn/linear_model/_huber.py:342: ConvergenceWarning: lbfgs failed to converge (status=1):
STOP: TOTAL NO. of ITERATIONS REACHED LIMIT.

Increase the number of iterations (max_iter) or scale the data as shown in:
    https://scikit-learn.org/stable/modules/preprocessing.html
  self.n_iter_ = _check_optimize_result("lbfgs", opt_res, self.max_iter)

2026-03-08 19:46:10,467:WARNING:/Users/lisanguyen/Documents/MLOps-project/.venv/lib/python3.10/site-packages/sklearn/linear_model/_huber.py:342: ConvergenceWarning: lbfgs failed to converge (status=1):
STOP: TOTAL NO. of ITERATIONS REACHED LIMIT.

Increase the number of iterations (max_iter) or scale the data as shown in:
    https://scikit-learn.org/stable/modules/preprocessing.html
  self.n_iter_ = _check_optimize_result("lbfgs", opt_res, self.max_iter)

2026-03-08 19:46:10,473:WARNING:/Users/lisanguyen/Documents/MLOps-project/.venv/lib/python3.10/site-packages/sklearn/linear_model/_huber.py:342: ConvergenceWarning: lbfgs failed to converge (status=1):
STOP: TOTAL NO. of ITERATIONS REACHED LIMIT.

Increase the number of iterations (max_iter) or scale the data as shown in:
    https://scikit-learn.org/stable/modules/preprocessing.html
  self.n_iter_ = _check_optimize_result("lbfgs", opt_res, self.max_iter)

2026-03-08 19:46:10,478:WARNING:/Users/lisanguyen/Documents/MLOps-project/.venv/lib/python3.10/site-packages/sklearn/linear_model/_huber.py:342: ConvergenceWarning: lbfgs failed to converge (status=1):
STOP: TOTAL NO. of ITERATIONS REACHED LIMIT.

Increase the number of iterations (max_iter) or scale the data as shown in:
    https://scikit-learn.org/stable/modules/preprocessing.html
  self.n_iter_ = _check_optimize_result("lbfgs", opt_res, self.max_iter)

2026-03-08 19:46:10,496:WARNING:/Users/lisanguyen/Documents/MLOps-project/.venv/lib/python3.10/site-packages/sklearn/linear_model/_huber.py:342: ConvergenceWarning: lbfgs failed to converge (status=1):
STOP: TOTAL NO. of ITERATIONS REACHED LIMIT.

Increase the number of iterations (max_iter) or scale the data as shown in:
    https://scikit-learn.org/stable/modules/preprocessing.html
  self.n_iter_ = _check_optimize_result("lbfgs", opt_res, self.max_iter)

2026-03-08 19:46:10,514:WARNING:/Users/lisanguyen/Documents/MLOps-project/.venv/lib/python3.10/site-packages/sklearn/linear_model/_huber.py:342: ConvergenceWarning: lbfgs failed to converge (status=1):
STOP: TOTAL NO. of ITERATIONS REACHED LIMIT.

Increase the number of iterations (max_iter) or scale the data as shown in:
    https://scikit-learn.org/stable/modules/preprocessing.html
  self.n_iter_ = _check_optimize_result("lbfgs", opt_res, self.max_iter)

2026-03-08 19:46:10,515:WARNING:/Users/lisanguyen/Documents/MLOps-project/.venv/lib/python3.10/site-packages/sklearn/linear_model/_huber.py:342: ConvergenceWarning: lbfgs failed to converge (status=1):
STOP: TOTAL NO. of ITERATIONS REACHED LIMIT.

Increase the number of iterations (max_iter) or scale the data as shown in:
    https://scikit-learn.org/stable/modules/preprocessing.html
  self.n_iter_ = _check_optimize_result("lbfgs", opt_res, self.max_iter)

2026-03-08 19:46:10,552:WARNING:/Users/lisanguyen/Documents/MLOps-project/.venv/lib/python3.10/site-packages/sklearn/linear_model/_huber.py:342: ConvergenceWarning: lbfgs failed to converge (status=1):
STOP: TOTAL NO. of ITERATIONS REACHED LIMIT.

Increase the number of iterations (max_iter) or scale the data as shown in:
    https://scikit-learn.org/stable/modules/preprocessing.html
  self.n_iter_ = _check_optimize_result("lbfgs", opt_res, self.max_iter)

2026-03-08 19:46:10,579:WARNING:/Users/lisanguyen/Documents/MLOps-project/.venv/lib/python3.10/site-packages/sklearn/linear_model/_huber.py:342: ConvergenceWarning: lbfgs failed to converge (status=1):
STOP: TOTAL NO. of ITERATIONS REACHED LIMIT.

Increase the number of iterations (max_iter) or scale the data as shown in:
    https://scikit-learn.org/stable/modules/preprocessing.html
  self.n_iter_ = _check_optimize_result("lbfgs", opt_res, self.max_iter)

2026-03-08 19:46:10,651:INFO:Calculating mean and std
2026-03-08 19:46:10,651:INFO:Creating metrics dataframe
2026-03-08 19:46:10,652:INFO:Uploading results into container
2026-03-08 19:46:10,652:INFO:Uploading model into container now
2026-03-08 19:46:10,652:INFO:_master_model_container: 10
2026-03-08 19:46:10,652:INFO:_display_container: 2
2026-03-08 19:46:10,652:INFO:HuberRegressor()
2026-03-08 19:46:10,652:INFO:create_model() successfully completed......................................
2026-03-08 19:46:10,690:INFO:SubProcess create_model() end ==================================
2026-03-08 19:46:10,690:INFO:Creating metrics dataframe
2026-03-08 19:46:10,690:INFO:Initializing K Neighbors Regressor
2026-03-08 19:46:10,691:INFO:Total runtime is 0.1584181348482768 minutes
2026-03-08 19:46:10,691:INFO:SubProcess create_model() called ==================================
2026-03-08 19:46:10,691:INFO:Initializing create_model()
2026-03-08 19:46:10,691:INFO:create_model(self=<pycaret.regression.oop.RegressionExperiment object at 0x1313d3550>, estimator=knn, fold=KFold(n_splits=10, random_state=None, shuffle=False), round=4, cross_validation=True, predict=True, fit_kwargs={}, groups=None, refit=False, probability_threshold=None, experiment_custom_tags=None, verbose=False, system=False, add_to_model_list=True, metrics=None, display=<pycaret.internal.display.display.CommonDisplay object at 0x299c529e0>, model_only=True, return_train_score=False, error_score=0.0, kwargs={})
2026-03-08 19:46:10,691:INFO:Checking exceptions
2026-03-08 19:46:10,691:INFO:Importing libraries
2026-03-08 19:46:10,691:INFO:Copying training dataset
2026-03-08 19:46:10,695:INFO:Defining folds
2026-03-08 19:46:10,695:INFO:Declaring metric variables
2026-03-08 19:46:10,695:INFO:Importing untrained model
2026-03-08 19:46:10,695:INFO:K Neighbors Regressor Imported successfully
2026-03-08 19:46:10,695:INFO:Starting cross validation
2026-03-08 19:46:10,697:INFO:Cross validating with KFold(n_splits=10, random_state=None, shuffle=False), n_jobs=-1
2026-03-08 19:46:11,157:INFO:Calculating mean and std
2026-03-08 19:46:11,157:INFO:Creating metrics dataframe
2026-03-08 19:46:11,158:INFO:Uploading results into container
2026-03-08 19:46:11,158:INFO:Uploading model into container now
2026-03-08 19:46:11,158:INFO:_master_model_container: 11
2026-03-08 19:46:11,158:INFO:_display_container: 2
2026-03-08 19:46:11,159:INFO:KNeighborsRegressor(n_jobs=-1)
2026-03-08 19:46:11,159:INFO:create_model() successfully completed......................................
2026-03-08 19:46:11,196:INFO:SubProcess create_model() end ==================================
2026-03-08 19:46:11,196:INFO:Creating metrics dataframe
2026-03-08 19:46:11,197:INFO:Initializing Decision Tree Regressor
2026-03-08 19:46:11,197:INFO:Total runtime is 0.1668548663457235 minutes
2026-03-08 19:46:11,197:INFO:SubProcess create_model() called ==================================
2026-03-08 19:46:11,197:INFO:Initializing create_model()
2026-03-08 19:46:11,197:INFO:create_model(self=<pycaret.regression.oop.RegressionExperiment object at 0x1313d3550>, estimator=dt, fold=KFold(n_splits=10, random_state=None, shuffle=False), round=4, cross_validation=True, predict=True, fit_kwargs={}, groups=None, refit=False, probability_threshold=None, experiment_custom_tags=None, verbose=False, system=False, add_to_model_list=True, metrics=None, display=<pycaret.internal.display.display.CommonDisplay object at 0x299c529e0>, model_only=True, return_train_score=False, error_score=0.0, kwargs={})
2026-03-08 19:46:11,197:INFO:Checking exceptions
2026-03-08 19:46:11,197:INFO:Importing libraries
2026-03-08 19:46:11,197:INFO:Copying training dataset
2026-03-08 19:46:11,201:INFO:Defining folds
2026-03-08 19:46:11,201:INFO:Declaring metric variables
2026-03-08 19:46:11,201:INFO:Importing untrained model
2026-03-08 19:46:11,201:INFO:Decision Tree Regressor Imported successfully
2026-03-08 19:46:11,201:INFO:Starting cross validation
2026-03-08 19:46:11,204:INFO:Cross validating with KFold(n_splits=10, random_state=None, shuffle=False), n_jobs=-1
2026-03-08 19:46:11,654:INFO:Calculating mean and std
2026-03-08 19:46:11,654:INFO:Creating metrics dataframe
2026-03-08 19:46:11,655:INFO:Uploading results into container
2026-03-08 19:46:11,655:INFO:Uploading model into container now
2026-03-08 19:46:11,655:INFO:_master_model_container: 12
2026-03-08 19:46:11,655:INFO:_display_container: 2
2026-03-08 19:46:11,655:INFO:DecisionTreeRegressor(random_state=2285)
2026-03-08 19:46:11,655:INFO:create_model() successfully completed......................................
2026-03-08 19:46:11,692:INFO:SubProcess create_model() end ==================================
2026-03-08 19:46:11,693:INFO:Creating metrics dataframe
2026-03-08 19:46:11,693:INFO:Initializing Random Forest Regressor
2026-03-08 19:46:11,693:INFO:Total runtime is 0.17513296604156497 minutes
2026-03-08 19:46:11,693:INFO:SubProcess create_model() called ==================================
2026-03-08 19:46:11,694:INFO:Initializing create_model()
2026-03-08 19:46:11,694:INFO:create_model(self=<pycaret.regression.oop.RegressionExperiment object at 0x1313d3550>, estimator=rf, fold=KFold(n_splits=10, random_state=None, shuffle=False), round=4, cross_validation=True, predict=True, fit_kwargs={}, groups=None, refit=False, probability_threshold=None, experiment_custom_tags=None, verbose=False, system=False, add_to_model_list=True, metrics=None, display=<pycaret.internal.display.display.CommonDisplay object at 0x299c529e0>, model_only=True, return_train_score=False, error_score=0.0, kwargs={})
2026-03-08 19:46:11,694:INFO:Checking exceptions
2026-03-08 19:46:11,694:INFO:Importing libraries
2026-03-08 19:46:11,694:INFO:Copying training dataset
2026-03-08 19:46:11,697:INFO:Defining folds
2026-03-08 19:46:11,698:INFO:Declaring metric variables
2026-03-08 19:46:11,698:INFO:Importing untrained model
2026-03-08 19:46:11,698:INFO:Random Forest Regressor Imported successfully
2026-03-08 19:46:11,698:INFO:Starting cross validation
2026-03-08 19:46:11,700:INFO:Cross validating with KFold(n_splits=10, random_state=None, shuffle=False), n_jobs=-1
2026-03-08 19:46:13,436:INFO:Calculating mean and std
2026-03-08 19:46:13,437:INFO:Creating metrics dataframe
2026-03-08 19:46:13,437:INFO:Uploading results into container
2026-03-08 19:46:13,438:INFO:Uploading model into container now
2026-03-08 19:46:13,438:INFO:_master_model_container: 13
2026-03-08 19:46:13,438:INFO:_display_container: 2
2026-03-08 19:46:13,438:INFO:RandomForestRegressor(n_jobs=-1, random_state=2285)
2026-03-08 19:46:13,438:INFO:create_model() successfully completed......................................
2026-03-08 19:46:13,476:INFO:SubProcess create_model() end ==================================
2026-03-08 19:46:13,476:INFO:Creating metrics dataframe
2026-03-08 19:46:13,477:INFO:Initializing Extra Trees Regressor
2026-03-08 19:46:13,477:INFO:Total runtime is 0.2048525134722392 minutes
2026-03-08 19:46:13,477:INFO:SubProcess create_model() called ==================================
2026-03-08 19:46:13,477:INFO:Initializing create_model()
2026-03-08 19:46:13,477:INFO:create_model(self=<pycaret.regression.oop.RegressionExperiment object at 0x1313d3550>, estimator=et, fold=KFold(n_splits=10, random_state=None, shuffle=False), round=4, cross_validation=True, predict=True, fit_kwargs={}, groups=None, refit=False, probability_threshold=None, experiment_custom_tags=None, verbose=False, system=False, add_to_model_list=True, metrics=None, display=<pycaret.internal.display.display.CommonDisplay object at 0x299c529e0>, model_only=True, return_train_score=False, error_score=0.0, kwargs={})
2026-03-08 19:46:13,477:INFO:Checking exceptions
2026-03-08 19:46:13,477:INFO:Importing libraries
2026-03-08 19:46:13,477:INFO:Copying training dataset
2026-03-08 19:46:13,481:INFO:Defining folds
2026-03-08 19:46:13,481:INFO:Declaring metric variables
2026-03-08 19:46:13,481:INFO:Importing untrained model
2026-03-08 19:46:13,481:INFO:Extra Trees Regressor Imported successfully
2026-03-08 19:46:13,481:INFO:Starting cross validation
2026-03-08 19:46:13,484:INFO:Cross validating with KFold(n_splits=10, random_state=None, shuffle=False), n_jobs=-1
2026-03-08 19:46:15,186:INFO:Calculating mean and std
2026-03-08 19:46:15,188:INFO:Creating metrics dataframe
2026-03-08 19:46:15,189:INFO:Uploading results into container
2026-03-08 19:46:15,189:INFO:Uploading model into container now
2026-03-08 19:46:15,190:INFO:_master_model_container: 14
2026-03-08 19:46:15,190:INFO:_display_container: 2
2026-03-08 19:46:15,190:INFO:ExtraTreesRegressor(n_jobs=-1, random_state=2285)
2026-03-08 19:46:15,190:INFO:create_model() successfully completed......................................
2026-03-08 19:46:15,227:INFO:SubProcess create_model() end ==================================
2026-03-08 19:46:15,227:INFO:Creating metrics dataframe
2026-03-08 19:46:15,228:INFO:Initializing AdaBoost Regressor
2026-03-08 19:46:15,228:INFO:Total runtime is 0.23404995203018192 minutes
2026-03-08 19:46:15,228:INFO:SubProcess create_model() called ==================================
2026-03-08 19:46:15,229:INFO:Initializing create_model()
2026-03-08 19:46:15,229:INFO:create_model(self=<pycaret.regression.oop.RegressionExperiment object at 0x1313d3550>, estimator=ada, fold=KFold(n_splits=10, random_state=None, shuffle=False), round=4, cross_validation=True, predict=True, fit_kwargs={}, groups=None, refit=False, probability_threshold=None, experiment_custom_tags=None, verbose=False, system=False, add_to_model_list=True, metrics=None, display=<pycaret.internal.display.display.CommonDisplay object at 0x299c529e0>, model_only=True, return_train_score=False, error_score=0.0, kwargs={})
2026-03-08 19:46:15,229:INFO:Checking exceptions
2026-03-08 19:46:15,229:INFO:Importing libraries
2026-03-08 19:46:15,229:INFO:Copying training dataset
2026-03-08 19:46:15,233:INFO:Defining folds
2026-03-08 19:46:15,233:INFO:Declaring metric variables
2026-03-08 19:46:15,233:INFO:Importing untrained model
2026-03-08 19:46:15,233:INFO:AdaBoost Regressor Imported successfully
2026-03-08 19:46:15,233:INFO:Starting cross validation
2026-03-08 19:46:15,236:INFO:Cross validating with KFold(n_splits=10, random_state=None, shuffle=False), n_jobs=-1
2026-03-08 19:46:15,949:INFO:Calculating mean and std
2026-03-08 19:46:15,949:INFO:Creating metrics dataframe
2026-03-08 19:46:15,950:INFO:Uploading results into container
2026-03-08 19:46:15,950:INFO:Uploading model into container now
2026-03-08 19:46:15,950:INFO:_master_model_container: 15
2026-03-08 19:46:15,950:INFO:_display_container: 2
2026-03-08 19:46:15,950:INFO:AdaBoostRegressor(random_state=2285)
2026-03-08 19:46:15,950:INFO:create_model() successfully completed......................................
2026-03-08 19:46:15,988:INFO:SubProcess create_model() end ==================================
2026-03-08 19:46:15,988:INFO:Creating metrics dataframe
2026-03-08 19:46:15,989:INFO:Initializing Gradient Boosting Regressor
2026-03-08 19:46:15,989:INFO:Total runtime is 0.2467202186584473 minutes
2026-03-08 19:46:15,989:INFO:SubProcess create_model() called ==================================
2026-03-08 19:46:15,989:INFO:Initializing create_model()
2026-03-08 19:46:15,989:INFO:create_model(self=<pycaret.regression.oop.RegressionExperiment object at 0x1313d3550>, estimator=gbr, fold=KFold(n_splits=10, random_state=None, shuffle=False), round=4, cross_validation=True, predict=True, fit_kwargs={}, groups=None, refit=False, probability_threshold=None, experiment_custom_tags=None, verbose=False, system=False, add_to_model_list=True, metrics=None, display=<pycaret.internal.display.display.CommonDisplay object at 0x299c529e0>, model_only=True, return_train_score=False, error_score=0.0, kwargs={})
2026-03-08 19:46:15,989:INFO:Checking exceptions
2026-03-08 19:46:15,989:INFO:Importing libraries
2026-03-08 19:46:15,989:INFO:Copying training dataset
2026-03-08 19:46:15,993:INFO:Defining folds
2026-03-08 19:46:15,993:INFO:Declaring metric variables
2026-03-08 19:46:15,993:INFO:Importing untrained model
2026-03-08 19:46:15,993:INFO:Gradient Boosting Regressor Imported successfully
2026-03-08 19:46:15,993:INFO:Starting cross validation
2026-03-08 19:46:15,996:INFO:Cross validating with KFold(n_splits=10, random_state=None, shuffle=False), n_jobs=-1
2026-03-08 19:46:16,944:INFO:Calculating mean and std
2026-03-08 19:46:16,944:INFO:Creating metrics dataframe
2026-03-08 19:46:16,945:INFO:Uploading results into container
2026-03-08 19:46:16,945:INFO:Uploading model into container now
2026-03-08 19:46:16,945:INFO:_master_model_container: 16
2026-03-08 19:46:16,945:INFO:_display_container: 2
2026-03-08 19:46:16,945:INFO:GradientBoostingRegressor(random_state=2285)
2026-03-08 19:46:16,945:INFO:create_model() successfully completed......................................
2026-03-08 19:46:16,982:INFO:SubProcess create_model() end ==================================
2026-03-08 19:46:16,982:INFO:Creating metrics dataframe
2026-03-08 19:46:16,983:INFO:Initializing Light Gradient Boosting Machine
2026-03-08 19:46:16,983:INFO:Total runtime is 0.2632976810137431 minutes
2026-03-08 19:46:16,983:INFO:SubProcess create_model() called ==================================
2026-03-08 19:46:16,983:INFO:Initializing create_model()
2026-03-08 19:46:16,983:INFO:create_model(self=<pycaret.regression.oop.RegressionExperiment object at 0x1313d3550>, estimator=lightgbm, fold=KFold(n_splits=10, random_state=None, shuffle=False), round=4, cross_validation=True, predict=True, fit_kwargs={}, groups=None, refit=False, probability_threshold=None, experiment_custom_tags=None, verbose=False, system=False, add_to_model_list=True, metrics=None, display=<pycaret.internal.display.display.CommonDisplay object at 0x299c529e0>, model_only=True, return_train_score=False, error_score=0.0, kwargs={})
2026-03-08 19:46:16,983:INFO:Checking exceptions
2026-03-08 19:46:16,983:INFO:Importing libraries
2026-03-08 19:46:16,983:INFO:Copying training dataset
2026-03-08 19:46:16,988:INFO:Defining folds
2026-03-08 19:46:16,988:INFO:Declaring metric variables
2026-03-08 19:46:16,988:INFO:Importing untrained model
2026-03-08 19:46:16,988:INFO:Light Gradient Boosting Machine Imported successfully
2026-03-08 19:46:16,988:INFO:Starting cross validation
2026-03-08 19:46:16,990:INFO:Cross validating with KFold(n_splits=10, random_state=None, shuffle=False), n_jobs=-1
2026-03-08 19:46:20,556:INFO:Calculating mean and std
2026-03-08 19:46:20,557:INFO:Creating metrics dataframe
2026-03-08 19:46:20,557:INFO:Uploading results into container
2026-03-08 19:46:20,558:INFO:Uploading model into container now
2026-03-08 19:46:20,558:INFO:_master_model_container: 17
2026-03-08 19:46:20,558:INFO:_display_container: 2
2026-03-08 19:46:20,558:INFO:LGBMRegressor(n_jobs=-1, random_state=2285)
2026-03-08 19:46:20,558:INFO:create_model() successfully completed......................................
2026-03-08 19:46:20,595:INFO:SubProcess create_model() end ==================================
2026-03-08 19:46:20,596:INFO:Creating metrics dataframe
2026-03-08 19:46:20,596:INFO:Initializing Dummy Regressor
2026-03-08 19:46:20,597:INFO:Total runtime is 0.32351849873860683 minutes
2026-03-08 19:46:20,597:INFO:SubProcess create_model() called ==================================
2026-03-08 19:46:20,597:INFO:Initializing create_model()
2026-03-08 19:46:20,597:INFO:create_model(self=<pycaret.regression.oop.RegressionExperiment object at 0x1313d3550>, estimator=dummy, fold=KFold(n_splits=10, random_state=None, shuffle=False), round=4, cross_validation=True, predict=True, fit_kwargs={}, groups=None, refit=False, probability_threshold=None, experiment_custom_tags=None, verbose=False, system=False, add_to_model_list=True, metrics=None, display=<pycaret.internal.display.display.CommonDisplay object at 0x299c529e0>, model_only=True, return_train_score=False, error_score=0.0, kwargs={})
2026-03-08 19:46:20,597:INFO:Checking exceptions
2026-03-08 19:46:20,597:INFO:Importing libraries
2026-03-08 19:46:20,597:INFO:Copying training dataset
2026-03-08 19:46:20,601:INFO:Defining folds
2026-03-08 19:46:20,601:INFO:Declaring metric variables
2026-03-08 19:46:20,601:INFO:Importing untrained model
2026-03-08 19:46:20,601:INFO:Dummy Regressor Imported successfully
2026-03-08 19:46:20,601:INFO:Starting cross validation
2026-03-08 19:46:20,604:INFO:Cross validating with KFold(n_splits=10, random_state=None, shuffle=False), n_jobs=-1
2026-03-08 19:46:21,081:INFO:Calculating mean and std
2026-03-08 19:46:21,082:INFO:Creating metrics dataframe
2026-03-08 19:46:21,083:INFO:Uploading results into container
2026-03-08 19:46:21,083:INFO:Uploading model into container now
2026-03-08 19:46:21,083:INFO:_master_model_container: 18
2026-03-08 19:46:21,083:INFO:_display_container: 2
2026-03-08 19:46:21,083:INFO:DummyRegressor()
2026-03-08 19:46:21,083:INFO:create_model() successfully completed......................................
2026-03-08 19:46:21,121:INFO:SubProcess create_model() end ==================================
2026-03-08 19:46:21,121:INFO:Creating metrics dataframe
2026-03-08 19:46:21,123:WARNING:/Users/lisanguyen/Documents/MLOps-project/.venv/lib/python3.10/site-packages/pycaret/internal/pycaret_experiment/supervised_experiment.py:323: FutureWarning: Styler.applymap has been deprecated. Use Styler.map instead.
  master_display_.apply(

2026-03-08 19:46:21,124:INFO:Initializing create_model()
2026-03-08 19:46:21,124:INFO:create_model(self=<pycaret.regression.oop.RegressionExperiment object at 0x1313d3550>, estimator=GradientBoostingRegressor(random_state=2285), fold=KFold(n_splits=10, random_state=None, shuffle=False), round=4, cross_validation=False, predict=False, fit_kwargs={}, groups=None, refit=True, probability_threshold=None, experiment_custom_tags=None, verbose=False, system=False, add_to_model_list=True, metrics=None, display=None, model_only=True, return_train_score=False, error_score=0.0, kwargs={})
2026-03-08 19:46:21,124:INFO:Checking exceptions
2026-03-08 19:46:21,124:INFO:Importing libraries
2026-03-08 19:46:21,124:INFO:Copying training dataset
2026-03-08 19:46:21,128:INFO:Defining folds
2026-03-08 19:46:21,128:INFO:Declaring metric variables
2026-03-08 19:46:21,128:INFO:Importing untrained model
2026-03-08 19:46:21,128:INFO:Declaring custom model
2026-03-08 19:46:21,129:INFO:Gradient Boosting Regressor Imported successfully
2026-03-08 19:46:21,131:INFO:Cross validation set to False
2026-03-08 19:46:21,131:INFO:Fitting Model
2026-03-08 19:46:21,658:INFO:GradientBoostingRegressor(random_state=2285)
2026-03-08 19:46:21,658:INFO:create_model() successfully completed......................................
2026-03-08 19:46:21,699:INFO:_master_model_container: 18
2026-03-08 19:46:21,699:INFO:_display_container: 2
2026-03-08 19:46:21,699:INFO:GradientBoostingRegressor(random_state=2285)
2026-03-08 19:46:21,699:INFO:compare_models() successfully completed......................................
2026-03-08 19:46:21,713:INFO:Initializing save_model()
2026-03-08 19:46:21,713:INFO:save_model(model=GradientBoostingRegressor(random_state=2285), model_name=property_evaluator_model, prep_pipe_=Pipeline(memory=FastMemory(location=/var/folders/k6/8ngcf3nx77l7c565qr86j25m0000gn/T/joblib),
         steps=[('numerical_imputer',
                 TransformerWrapper(include=['Id', 'MSSubClass', 'LotFrontage',
                                             'LotArea', 'OverallQual',
                                             'OverallCond', 'YearBuilt',
                                             'YearRemodAdd', 'MasVnrArea',
                                             'BsmtFinSF1', 'BsmtFinSF2',
                                             'BsmtUnfSF', 'TotalBsmtSF',
                                             '1stFlrSF', '2ndFlrSF',
                                             'LowQualFinSF', 'G...
                                                                    'Condition1',
                                                                    'Condition2',
                                                                    'BldgType',
                                                                    'HouseStyle',
                                                                    'RoofStyle',
                                                                    'RoofMatl',
                                                                    'Exterior1st',
                                                                    'Exterior2nd',
                                                                    'MasVnrType',
                                                                    'ExterQual',
                                                                    'ExterCond',
                                                                    'Foundation',
                                                                    'BsmtQual',
                                                                    'BsmtCond',
                                                                    'BsmtExposure',
                                                                    'BsmtFinType1',
                                                                    'BsmtFinType2',
                                                                    'Heating',
                                                                    'HeatingQC',
                                                                    'Electrical',
                                                                    'KitchenQual',
                                                                    'Functional',
                                                                    'FireplaceQu', ...],
                                                              handle_missing='return_nan',
                                                              use_cat_names=True)))]), verbose=True, use_case=MLUsecase.REGRESSION, kwargs={})
2026-03-08 19:46:21,713:INFO:Adding model into prep_pipe
2026-03-08 19:46:21,732:INFO:property_evaluator_model.pkl saved in current working directory
2026-03-08 19:46:21,745:INFO:Pipeline(memory=Memory(location=None),
         steps=[('numerical_imputer',
                 TransformerWrapper(include=['Id', 'MSSubClass', 'LotFrontage',
                                             'LotArea', 'OverallQual',
                                             'OverallCond', 'YearBuilt',
                                             'YearRemodAdd', 'MasVnrArea',
                                             'BsmtFinSF1', 'BsmtFinSF2',
                                             'BsmtUnfSF', 'TotalBsmtSF',
                                             '1stFlrSF', '2ndFlrSF',
                                             'LowQualFinSF', 'GrLivArea',
                                             'BsmtFullBath', 'BsmtHalfBath',
                                             'FullBath', 'Hal...
                                                                    'RoofMatl',
                                                                    'Exterior1st',
                                                                    'Exterior2nd',
                                                                    'MasVnrType',
                                                                    'ExterQual',
                                                                    'ExterCond',
                                                                    'Foundation',
                                                                    'BsmtQual',
                                                                    'BsmtCond',
                                                                    'BsmtExposure',
                                                                    'BsmtFinType1',
                                                                    'BsmtFinType2',
                                                                    'Heating',
                                                                    'HeatingQC',
                                                                    'Electrical',
                                                                    'KitchenQual',
                                                                    'Functional',
                                                                    'FireplaceQu', ...],
                                                              handle_missing='return_nan',
                                                              use_cat_names=True))),
                ('trained_model',
                 GradientBoostingRegressor(random_state=2285))])
2026-03-08 19:46:21,745:INFO:save_model() successfully completed......................................
2026-03-08 19:46:21,781:INFO:Soft dependency imported: fastapi: 0.135.1
2026-03-08 19:46:21,781:INFO:Soft dependency imported: uvicorn: 0.41.0
2026-03-08 19:46:21,781:INFO:Soft dependency imported: pydantic: 2.12.5
2026-03-08 19:46:21,794:INFO:Initializing save_model()
2026-03-08 19:46:21,794:INFO:save_model(model=GradientBoostingRegressor(random_state=2285), model_name=property_evaluator_api, prep_pipe_=Pipeline(memory=FastMemory(location=/var/folders/k6/8ngcf3nx77l7c565qr86j25m0000gn/T/joblib),
         steps=[('numerical_imputer',
                 TransformerWrapper(include=['Id', 'MSSubClass', 'LotFrontage',
                                             'LotArea', 'OverallQual',
                                             'OverallCond', 'YearBuilt',
                                             'YearRemodAdd', 'MasVnrArea',
                                             'BsmtFinSF1', 'BsmtFinSF2',
                                             'BsmtUnfSF', 'TotalBsmtSF',
                                             '1stFlrSF', '2ndFlrSF',
                                             'LowQualFinSF', 'G...
                                                                    'Condition1',
                                                                    'Condition2',
                                                                    'BldgType',
                                                                    'HouseStyle',
                                                                    'RoofStyle',
                                                                    'RoofMatl',
                                                                    'Exterior1st',
                                                                    'Exterior2nd',
                                                                    'MasVnrType',
                                                                    'ExterQual',
                                                                    'ExterCond',
                                                                    'Foundation',
                                                                    'BsmtQual',
                                                                    'BsmtCond',
                                                                    'BsmtExposure',
                                                                    'BsmtFinType1',
                                                                    'BsmtFinType2',
                                                                    'Heating',
                                                                    'HeatingQC',
                                                                    'Electrical',
                                                                    'KitchenQual',
                                                                    'Functional',
                                                                    'FireplaceQu', ...],
                                                              handle_missing='return_nan',
                                                              use_cat_names=True)))]), verbose=False, use_case=MLUsecase.REGRESSION, kwargs={})
2026-03-08 19:46:21,794:INFO:Adding model into prep_pipe
2026-03-08 19:46:21,813:INFO:property_evaluator_api.pkl saved in current working directory
2026-03-08 19:46:21,826:INFO:Pipeline(memory=Memory(location=None),
         steps=[('numerical_imputer',
                 TransformerWrapper(include=['Id', 'MSSubClass', 'LotFrontage',
                                             'LotArea', 'OverallQual',
                                             'OverallCond', 'YearBuilt',
                                             'YearRemodAdd', 'MasVnrArea',
                                             'BsmtFinSF1', 'BsmtFinSF2',
                                             'BsmtUnfSF', 'TotalBsmtSF',
                                             '1stFlrSF', '2ndFlrSF',
                                             'LowQualFinSF', 'GrLivArea',
                                             'BsmtFullBath', 'BsmtHalfBath',
                                             'FullBath', 'Hal...
                                                                    'RoofMatl',
                                                                    'Exterior1st',
                                                                    'Exterior2nd',
                                                                    'MasVnrType',
                                                                    'ExterQual',
                                                                    'ExterCond',
                                                                    'Foundation',
                                                                    'BsmtQual',
                                                                    'BsmtCond',
                                                                    'BsmtExposure',
                                                                    'BsmtFinType1',
                                                                    'BsmtFinType2',
                                                                    'Heating',
                                                                    'HeatingQC',
                                                                    'Electrical',
                                                                    'KitchenQual',
                                                                    'Functional',
                                                                    'FireplaceQu', ...],
                                                              handle_missing='return_nan',
                                                              use_cat_names=True))),
                ('trained_model',
                 GradientBoostingRegressor(random_state=2285))])
2026-03-08 19:46:21,826:INFO:save_model() successfully completed......................................
2026-03-08 19:46:32,238:WARNING:
'cuml' is a soft dependency and not included in the pycaret installation. Please run: `pip install cuml` to install.
2026-03-08 19:46:32,238:WARNING:
'cuml' is a soft dependency and not included in the pycaret installation. Please run: `pip install cuml` to install.
2026-03-08 19:46:32,238:WARNING:
'cuml' is a soft dependency and not included in the pycaret installation. Please run: `pip install cuml` to install.
2026-03-08 19:46:32,238:WARNING:
'cuml' is a soft dependency and not included in the pycaret installation. Please run: `pip install cuml` to install.
2026-03-08 19:46:32,337:INFO:PyCaret RegressionExperiment
2026-03-08 19:46:32,337:INFO:Logging name: reg-default-name
2026-03-08 19:46:32,337:INFO:ML Usecase: MLUsecase.REGRESSION
2026-03-08 19:46:32,337:INFO:version 3.3.2
2026-03-08 19:46:32,337:INFO:Initializing setup()
2026-03-08 19:46:32,337:INFO:self.USI: 3865
2026-03-08 19:46:32,337:INFO:self._variable_keys: {'_ml_usecase', 'y_train', 'target_param', 'log_plots_param', 'fold_shuffle_param', 'gpu_n_jobs_param', 'USI', 'data', '_available_plots', 'X_train', 'fold_generator', 'html_param', 'memory', 'fold_groups_param', 'seed', 'gpu_param', 'exp_name_log', 'X', 'exp_id', 'n_jobs_param', 'transform_target_param', 'idx', 'logging_param', 'y', 'X_test', 'y_test', 'pipeline'}
2026-03-08 19:46:32,337:INFO:Checking environment
2026-03-08 19:46:32,337:INFO:python_version: 3.10.6
2026-03-08 19:46:32,337:INFO:python_build: ('v3.10.6:9c7b4bd164', 'Aug  1 2022 17:13:48')
2026-03-08 19:46:32,337:INFO:machine: arm64
2026-03-08 19:46:32,350:INFO:platform: macOS-14.3-arm64-arm-64bit
2026-03-08 19:46:32,350:INFO:Memory: svmem(total=19327352832, available=5856559104, percent=69.7, used=5253300224, free=2324725760, active=2977005568, inactive=3437150208, wired=2276294656)
2026-03-08 19:46:32,350:INFO:Physical Core: 11
2026-03-08 19:46:32,350:INFO:Logical Core: 11
2026-03-08 19:46:32,350:INFO:Checking libraries
2026-03-08 19:46:32,350:INFO:System:
2026-03-08 19:46:32,351:INFO:    python: 3.10.6 (v3.10.6:9c7b4bd164, Aug  1 2022, 17:13:48) [Clang 13.0.0 (clang-1300.0.29.30)]
2026-03-08 19:46:32,351:INFO:executable: /Users/lisanguyen/Documents/MLOps-project/.venv/bin/python
2026-03-08 19:46:32,351:INFO:   machine: macOS-14.3-arm64-arm-64bit
2026-03-08 19:46:32,351:INFO:PyCaret required dependencies:
2026-03-08 19:46:32,365:INFO:                 pip: 22.2.1
2026-03-08 19:46:32,365:INFO:          setuptools: 63.2.0
2026-03-08 19:46:32,365:INFO:             pycaret: 3.3.2
2026-03-08 19:46:32,365:INFO:             IPython: 8.38.0
2026-03-08 19:46:32,365:INFO:          ipywidgets: 8.1.8
2026-03-08 19:46:32,365:INFO:                tqdm: 4.67.3
2026-03-08 19:46:32,365:INFO:               numpy: 1.26.4
2026-03-08 19:46:32,365:INFO:              pandas: 2.1.4
2026-03-08 19:46:32,365:INFO:              jinja2: 3.1.6
2026-03-08 19:46:32,365:INFO:               scipy: 1.11.4
2026-03-08 19:46:32,365:INFO:              joblib: 1.3.2
2026-03-08 19:46:32,365:INFO:             sklearn: 1.4.2
2026-03-08 19:46:32,365:INFO:                pyod: 2.0.7
2026-03-08 19:46:32,365:INFO:            imblearn: 0.14.1
2026-03-08 19:46:32,365:INFO:   category_encoders: 2.7.0
2026-03-08 19:46:32,365:INFO:            lightgbm: 4.6.0
2026-03-08 19:46:32,365:INFO:               numba: 0.64.0
2026-03-08 19:46:32,365:INFO:            requests: 2.32.5
2026-03-08 19:46:32,365:INFO:          matplotlib: 3.7.5
2026-03-08 19:46:32,365:INFO:          scikitplot: 0.3.7
2026-03-08 19:46:32,365:INFO:         yellowbrick: 1.5
2026-03-08 19:46:32,365:INFO:              plotly: 6.6.0
2026-03-08 19:46:32,365:INFO:    plotly-resampler: Not installed
2026-03-08 19:46:32,365:INFO:             kaleido: 1.2.0
2026-03-08 19:46:32,365:INFO:           schemdraw: 0.15
2026-03-08 19:46:32,365:INFO:         statsmodels: 0.14.6
2026-03-08 19:46:32,365:INFO:              sktime: 0.26.0
2026-03-08 19:46:32,365:INFO:               tbats: 1.1.3
2026-03-08 19:46:32,365:INFO:            pmdarima: 2.0.4
2026-03-08 19:46:32,365:INFO:              psutil: 7.2.2
2026-03-08 19:46:32,365:INFO:          markupsafe: 3.0.3
2026-03-08 19:46:32,365:INFO:             pickle5: Not installed
2026-03-08 19:46:32,365:INFO:         cloudpickle: 3.1.2
2026-03-08 19:46:32,365:INFO:         deprecation: 2.1.0
2026-03-08 19:46:32,365:INFO:              xxhash: 3.6.0
2026-03-08 19:46:32,365:INFO:           wurlitzer: 3.1.1
2026-03-08 19:46:32,365:INFO:PyCaret optional dependencies:
2026-03-08 19:46:32,491:INFO:                shap: Not installed
2026-03-08 19:46:32,491:INFO:           interpret: Not installed
2026-03-08 19:46:32,491:INFO:                umap: Not installed
2026-03-08 19:46:32,491:INFO:     ydata_profiling: Not installed
2026-03-08 19:46:32,491:INFO:  explainerdashboard: Not installed
2026-03-08 19:46:32,491:INFO:             autoviz: Not installed
2026-03-08 19:46:32,491:INFO:           fairlearn: Not installed
2026-03-08 19:46:32,491:INFO:          deepchecks: Not installed
2026-03-08 19:46:32,491:INFO:             xgboost: Not installed
2026-03-08 19:46:32,491:INFO:            catboost: Not installed
2026-03-08 19:46:32,491:INFO:              kmodes: Not installed
2026-03-08 19:46:32,491:INFO:             mlxtend: Not installed
2026-03-08 19:46:32,491:INFO:       statsforecast: Not installed
2026-03-08 19:46:32,491:INFO:        tune_sklearn: Not installed
2026-03-08 19:46:32,491:INFO:                 ray: Not installed
2026-03-08 19:46:32,491:INFO:            hyperopt: Not installed
2026-03-08 19:46:32,491:INFO:              optuna: Not installed
2026-03-08 19:46:32,492:INFO:               skopt: Not installed
2026-03-08 19:46:32,492:INFO:              mlflow: Not installed
2026-03-08 19:46:32,492:INFO:              gradio: Not installed
2026-03-08 19:46:32,492:INFO:             fastapi: 0.135.1
2026-03-08 19:46:32,492:INFO:             uvicorn: 0.41.0
2026-03-08 19:46:32,492:INFO:              m2cgen: Not installed
2026-03-08 19:46:32,492:INFO:           evidently: Not installed
2026-03-08 19:46:32,492:INFO:               fugue: Not installed
2026-03-08 19:46:32,492:INFO:           streamlit: Not installed
2026-03-08 19:46:32,492:INFO:             prophet: Not installed
2026-03-08 19:46:32,492:INFO:None
2026-03-08 19:46:32,492:INFO:Set up data.
2026-03-08 19:46:32,502:INFO:Set up folding strategy.
2026-03-08 19:46:32,502:INFO:Set up train/test split.
2026-03-08 19:46:32,509:INFO:Set up index.
2026-03-08 19:46:32,509:INFO:Assigning column types.
2026-03-08 19:46:32,512:INFO:Engine successfully changes for model 'lr' to 'sklearn'.
2026-03-08 19:46:32,512:INFO:Engine for model 'lasso' has not been set explicitly, hence returning None.
2026-03-08 19:46:32,514:INFO:Engine for model 'ridge' has not been set explicitly, hence returning None.
2026-03-08 19:46:32,515:INFO:Engine for model 'en' has not been set explicitly, hence returning None.
2026-03-08 19:46:32,537:INFO:Engine for model 'svm' has not been set explicitly, hence returning None.
2026-03-08 19:46:32,552:INFO:Engine for model 'knn' has not been set explicitly, hence returning None.
2026-03-08 19:46:32,552:WARNING:
'xgboost' is a soft dependency and not included in the pycaret installation. Please run: `pip install xgboost` to install.
Alternately, you can install this by running `pip install pycaret[models]`
2026-03-08 19:46:32,552:WARNING:
'catboost' is a soft dependency and not included in the pycaret installation. Please run: `pip install catboost` to install.
Alternately, you can install this by running `pip install pycaret[models]`
2026-03-08 19:46:32,552:INFO:Engine for model 'lasso' has not been set explicitly, hence returning None.
2026-03-08 19:46:32,554:INFO:Engine for model 'ridge' has not been set explicitly, hence returning None.
2026-03-08 19:46:32,555:INFO:Engine for model 'en' has not been set explicitly, hence returning None.
2026-03-08 19:46:32,577:INFO:Engine for model 'svm' has not been set explicitly, hence returning None.
2026-03-08 19:46:32,592:INFO:Engine for model 'knn' has not been set explicitly, hence returning None.
2026-03-08 19:46:32,593:WARNING:
'xgboost' is a soft dependency and not included in the pycaret installation. Please run: `pip install xgboost` to install.
Alternately, you can install this by running `pip install pycaret[models]`
2026-03-08 19:46:32,593:WARNING:
'catboost' is a soft dependency and not included in the pycaret installation. Please run: `pip install catboost` to install.
Alternately, you can install this by running `pip install pycaret[models]`
2026-03-08 19:46:32,593:INFO:Engine successfully changes for model 'lasso' to 'sklearn'.
2026-03-08 19:46:32,594:INFO:Engine for model 'ridge' has not been set explicitly, hence returning None.
2026-03-08 19:46:32,596:INFO:Engine for model 'en' has not been set explicitly, hence returning None.
2026-03-08 19:46:32,618:INFO:Engine for model 'svm' has not been set explicitly, hence returning None.
2026-03-08 19:46:32,634:INFO:Engine for model 'knn' has not been set explicitly, hence returning None.
2026-03-08 19:46:32,634:WARNING:
'xgboost' is a soft dependency and not included in the pycaret installation. Please run: `pip install xgboost` to install.
Alternately, you can install this by running `pip install pycaret[models]`
2026-03-08 19:46:32,634:WARNING:
'catboost' is a soft dependency and not included in the pycaret installation. Please run: `pip install catboost` to install.
Alternately, you can install this by running `pip install pycaret[models]`
2026-03-08 19:46:32,636:INFO:Engine for model 'ridge' has not been set explicitly, hence returning None.
2026-03-08 19:46:32,637:INFO:Engine for model 'en' has not been set explicitly, hence returning None.
2026-03-08 19:46:32,659:INFO:Engine for model 'svm' has not been set explicitly, hence returning None.
2026-03-08 19:46:32,674:INFO:Engine for model 'knn' has not been set explicitly, hence returning None.
2026-03-08 19:46:32,674:WARNING:
'xgboost' is a soft dependency and not included in the pycaret installation. Please run: `pip install xgboost` to install.
Alternately, you can install this by running `pip install pycaret[models]`
2026-03-08 19:46:32,674:WARNING:
'catboost' is a soft dependency and not included in the pycaret installation. Please run: `pip install catboost` to install.
Alternately, you can install this by running `pip install pycaret[models]`
2026-03-08 19:46:32,674:INFO:Engine successfully changes for model 'ridge' to 'sklearn'.
2026-03-08 19:46:32,678:INFO:Engine for model 'en' has not been set explicitly, hence returning None.
2026-03-08 19:46:32,700:INFO:Engine for model 'svm' has not been set explicitly, hence returning None.
2026-03-08 19:46:32,715:INFO:Engine for model 'knn' has not been set explicitly, hence returning None.
2026-03-08 19:46:32,715:WARNING:
'xgboost' is a soft dependency and not included in the pycaret installation. Please run: `pip install xgboost` to install.
Alternately, you can install this by running `pip install pycaret[models]`
2026-03-08 19:46:32,715:WARNING:
'catboost' is a soft dependency and not included in the pycaret installation. Please run: `pip install catboost` to install.
Alternately, you can install this by running `pip install pycaret[models]`
2026-03-08 19:46:32,718:INFO:Engine for model 'en' has not been set explicitly, hence returning None.
2026-03-08 19:46:32,740:INFO:Engine for model 'svm' has not been set explicitly, hence returning None.
2026-03-08 19:46:32,756:INFO:Engine for model 'knn' has not been set explicitly, hence returning None.
2026-03-08 19:46:32,756:WARNING:
'xgboost' is a soft dependency and not included in the pycaret installation. Please run: `pip install xgboost` to install.
Alternately, you can install this by running `pip install pycaret[models]`
2026-03-08 19:46:32,756:WARNING:
'catboost' is a soft dependency and not included in the pycaret installation. Please run: `pip install catboost` to install.
Alternately, you can install this by running `pip install pycaret[models]`
2026-03-08 19:46:32,756:INFO:Engine successfully changes for model 'en' to 'sklearn'.
2026-03-08 19:46:32,781:INFO:Engine for model 'svm' has not been set explicitly, hence returning None.
2026-03-08 19:46:32,797:INFO:Engine for model 'knn' has not been set explicitly, hence returning None.
2026-03-08 19:46:32,797:WARNING:
'xgboost' is a soft dependency and not included in the pycaret installation. Please run: `pip install xgboost` to install.
Alternately, you can install this by running `pip install pycaret[models]`
2026-03-08 19:46:32,797:WARNING:
'catboost' is a soft dependency and not included in the pycaret installation. Please run: `pip install catboost` to install.
Alternately, you can install this by running `pip install pycaret[models]`
2026-03-08 19:46:32,821:INFO:Engine for model 'svm' has not been set explicitly, hence returning None.
2026-03-08 19:46:32,836:INFO:Engine for model 'knn' has not been set explicitly, hence returning None.
2026-03-08 19:46:32,836:WARNING:
'xgboost' is a soft dependency and not included in the pycaret installation. Please run: `pip install xgboost` to install.
Alternately, you can install this by running `pip install pycaret[models]`
2026-03-08 19:46:32,836:WARNING:
'catboost' is a soft dependency and not included in the pycaret installation. Please run: `pip install catboost` to install.
Alternately, you can install this by running `pip install pycaret[models]`
2026-03-08 19:46:32,836:INFO:Engine successfully changes for model 'knn' to 'sklearn'.
2026-03-08 19:46:32,861:INFO:Engine for model 'svm' has not been set explicitly, hence returning None.
2026-03-08 19:46:32,877:WARNING:
'xgboost' is a soft dependency and not included in the pycaret installation. Please run: `pip install xgboost` to install.
Alternately, you can install this by running `pip install pycaret[models]`
2026-03-08 19:46:32,877:WARNING:
'catboost' is a soft dependency and not included in the pycaret installation. Please run: `pip install catboost` to install.
Alternately, you can install this by running `pip install pycaret[models]`
2026-03-08 19:46:32,902:INFO:Engine for model 'svm' has not been set explicitly, hence returning None.
2026-03-08 19:46:32,917:WARNING:
'xgboost' is a soft dependency and not included in the pycaret installation. Please run: `pip install xgboost` to install.
Alternately, you can install this by running `pip install pycaret[models]`
2026-03-08 19:46:32,917:WARNING:
'catboost' is a soft dependency and not included in the pycaret installation. Please run: `pip install catboost` to install.
Alternately, you can install this by running `pip install pycaret[models]`
2026-03-08 19:46:32,917:INFO:Engine successfully changes for model 'svm' to 'sklearn'.
2026-03-08 19:46:32,957:WARNING:
'xgboost' is a soft dependency and not included in the pycaret installation. Please run: `pip install xgboost` to install.
Alternately, you can install this by running `pip install pycaret[models]`
2026-03-08 19:46:32,958:WARNING:
'catboost' is a soft dependency and not included in the pycaret installation. Please run: `pip install catboost` to install.
Alternately, you can install this by running `pip install pycaret[models]`
2026-03-08 19:46:32,997:WARNING:
'xgboost' is a soft dependency and not included in the pycaret installation. Please run: `pip install xgboost` to install.
Alternately, you can install this by running `pip install pycaret[models]`
2026-03-08 19:46:32,998:WARNING:
'catboost' is a soft dependency and not included in the pycaret installation. Please run: `pip install catboost` to install.
Alternately, you can install this by running `pip install pycaret[models]`
2026-03-08 19:46:32,998:INFO:Preparing preprocessing pipeline...
2026-03-08 19:46:32,998:INFO:Set up simple imputation.
2026-03-08 19:46:33,001:INFO:Set up encoding of ordinal features.
2026-03-08 19:46:33,004:INFO:Set up encoding of categorical features.
2026-03-08 19:46:33,158:INFO:Finished creating preprocessing pipeline.
2026-03-08 19:46:33,172:INFO:Pipeline: Pipeline(memory=FastMemory(location=/var/folders/k6/8ngcf3nx77l7c565qr86j25m0000gn/T/joblib),
         steps=[('numerical_imputer',
                 TransformerWrapper(include=['Id', 'MSSubClass', 'LotFrontage',
                                             'LotArea', 'OverallQual',
                                             'OverallCond', 'YearBuilt',
                                             'YearRemodAdd', 'MasVnrArea',
                                             'BsmtFinSF1', 'BsmtFinSF2',
                                             'BsmtUnfSF', 'TotalBsmtSF',
                                             '1stFlrSF', '2ndFlrSF',
                                             'LowQualFinSF', 'G...
                                                                    'Condition1',
                                                                    'Condition2',
                                                                    'BldgType',
                                                                    'HouseStyle',
                                                                    'RoofStyle',
                                                                    'RoofMatl',
                                                                    'Exterior1st',
                                                                    'Exterior2nd',
                                                                    'MasVnrType',
                                                                    'ExterQual',
                                                                    'ExterCond',
                                                                    'Foundation',
                                                                    'BsmtQual',
                                                                    'BsmtCond',
                                                                    'BsmtExposure',
                                                                    'BsmtFinType1',
                                                                    'BsmtFinType2',
                                                                    'Heating',
                                                                    'HeatingQC',
                                                                    'Electrical',
                                                                    'KitchenQual',
                                                                    'Functional',
                                                                    'FireplaceQu', ...],
                                                              handle_missing='return_nan',
                                                              use_cat_names=True)))])
2026-03-08 19:46:33,172:INFO:Creating final display dataframe.
2026-03-08 19:46:33,730:INFO:Setup _display_container:                     Description             Value
0                    Session id              7393
1                        Target         SalePrice
2                   Target type        Regression
3           Original data shape        (1460, 81)
4        Transformed data shape       (1460, 278)
5   Transformed train set shape       (1021, 278)
6    Transformed test set shape        (439, 278)
7              Numeric features                37
8          Categorical features                43
9      Rows with missing values            100.0%
10                   Preprocess              True
11              Imputation type            simple
12           Numeric imputation              mean
13       Categorical imputation              mode
14     Maximum one-hot encoding                25
15              Encoding method              None
16               Fold Generator             KFold
17                  Fold Number                10
18                     CPU Jobs                -1
19                      Use GPU             False
20               Log Experiment             False
21              Experiment Name  reg-default-name
22                          USI              3865
2026-03-08 19:46:33,773:WARNING:
'xgboost' is a soft dependency and not included in the pycaret installation. Please run: `pip install xgboost` to install.
Alternately, you can install this by running `pip install pycaret[models]`
2026-03-08 19:46:33,773:WARNING:
'catboost' is a soft dependency and not included in the pycaret installation. Please run: `pip install catboost` to install.
Alternately, you can install this by running `pip install pycaret[models]`
2026-03-08 19:46:33,814:WARNING:
'xgboost' is a soft dependency and not included in the pycaret installation. Please run: `pip install xgboost` to install.
Alternately, you can install this by running `pip install pycaret[models]`
2026-03-08 19:46:33,814:WARNING:
'catboost' is a soft dependency and not included in the pycaret installation. Please run: `pip install catboost` to install.
Alternately, you can install this by running `pip install pycaret[models]`
2026-03-08 19:46:33,814:INFO:setup() successfully completed in 1.48s...............
2026-03-08 19:46:33,814:INFO:Initializing compare_models()
2026-03-08 19:46:33,814:INFO:compare_models(self=<pycaret.regression.oop.RegressionExperiment object at 0x12777f550>, include=None, fold=None, round=4, cross_validation=True, sort=RMSE, n_select=1, budget_time=None, turbo=True, errors=ignore, fit_kwargs=None, groups=None, experiment_custom_tags=None, probability_threshold=None, verbose=True, parallel=None, caller_params={'self': <pycaret.regression.oop.RegressionExperiment object at 0x12777f550>, 'include': None, 'exclude': None, 'fold': None, 'round': 4, 'cross_validation': True, 'sort': 'RMSE', 'n_select': 1, 'budget_time': None, 'turbo': True, 'errors': 'ignore', 'fit_kwargs': None, 'groups': None, 'experiment_custom_tags': None, 'engine': None, 'verbose': True, 'parallel': None, '__class__': <class 'pycaret.regression.oop.RegressionExperiment'>}, exclude=None)
2026-03-08 19:46:33,814:INFO:Checking exceptions
2026-03-08 19:46:33,816:INFO:Preparing display monitor
2026-03-08 19:46:33,825:INFO:Initializing Linear Regression
2026-03-08 19:46:33,825:INFO:Total runtime is 1.6848246256510416e-06 minutes
2026-03-08 19:46:33,826:INFO:SubProcess create_model() called ==================================
2026-03-08 19:46:33,826:INFO:Initializing create_model()
2026-03-08 19:46:33,826:INFO:create_model(self=<pycaret.regression.oop.RegressionExperiment object at 0x12777f550>, estimator=lr, fold=KFold(n_splits=10, random_state=None, shuffle=False), round=4, cross_validation=True, predict=True, fit_kwargs={}, groups=None, refit=False, probability_threshold=None, experiment_custom_tags=None, verbose=False, system=False, add_to_model_list=True, metrics=None, display=<pycaret.internal.display.display.CommonDisplay object at 0x29a0c5ed0>, model_only=True, return_train_score=False, error_score=0.0, kwargs={})
2026-03-08 19:46:33,826:INFO:Checking exceptions
2026-03-08 19:46:33,826:INFO:Importing libraries
2026-03-08 19:46:33,826:INFO:Copying training dataset
2026-03-08 19:46:33,830:INFO:Defining folds
2026-03-08 19:46:33,830:INFO:Declaring metric variables
2026-03-08 19:46:33,831:INFO:Importing untrained model
2026-03-08 19:46:33,831:INFO:Linear Regression Imported successfully
2026-03-08 19:46:33,831:INFO:Starting cross validation
2026-03-08 19:46:33,836:INFO:Cross validating with KFold(n_splits=10, random_state=None, shuffle=False), n_jobs=-1
2026-03-08 19:46:36,609:INFO:Calculating mean and std
2026-03-08 19:46:36,609:INFO:Creating metrics dataframe
2026-03-08 19:46:36,611:INFO:Uploading results into container
2026-03-08 19:46:36,611:INFO:Uploading model into container now
2026-03-08 19:46:36,611:INFO:_master_model_container: 1
2026-03-08 19:46:36,611:INFO:_display_container: 2
2026-03-08 19:46:36,611:INFO:LinearRegression(n_jobs=-1)
2026-03-08 19:46:36,611:INFO:create_model() successfully completed......................................
2026-03-08 19:46:36,655:INFO:SubProcess create_model() end ==================================
2026-03-08 19:46:36,655:INFO:Creating metrics dataframe
2026-03-08 19:46:36,656:INFO:Initializing Lasso Regression
2026-03-08 19:46:36,656:INFO:Total runtime is 0.04717044830322266 minutes
2026-03-08 19:46:36,656:INFO:SubProcess create_model() called ==================================
2026-03-08 19:46:36,656:INFO:Initializing create_model()
2026-03-08 19:46:36,656:INFO:create_model(self=<pycaret.regression.oop.RegressionExperiment object at 0x12777f550>, estimator=lasso, fold=KFold(n_splits=10, random_state=None, shuffle=False), round=4, cross_validation=True, predict=True, fit_kwargs={}, groups=None, refit=False, probability_threshold=None, experiment_custom_tags=None, verbose=False, system=False, add_to_model_list=True, metrics=None, display=<pycaret.internal.display.display.CommonDisplay object at 0x29a0c5ed0>, model_only=True, return_train_score=False, error_score=0.0, kwargs={})
2026-03-08 19:46:36,656:INFO:Checking exceptions
2026-03-08 19:46:36,656:INFO:Importing libraries
2026-03-08 19:46:36,656:INFO:Copying training dataset
2026-03-08 19:46:36,660:INFO:Defining folds
2026-03-08 19:46:36,660:INFO:Declaring metric variables
2026-03-08 19:46:36,660:INFO:Importing untrained model
2026-03-08 19:46:36,660:INFO:Lasso Regression Imported successfully
2026-03-08 19:46:36,660:INFO:Starting cross validation
2026-03-08 19:46:36,663:INFO:Cross validating with KFold(n_splits=10, random_state=None, shuffle=False), n_jobs=-1
2026-03-08 19:46:37,237:WARNING:/Users/lisanguyen/Documents/MLOps-project/.venv/lib/python3.10/site-packages/sklearn/linear_model/_coordinate_descent.py:678: ConvergenceWarning: Objective did not converge. You might want to increase the number of iterations, check the scale of the features or consider increasing regularisation. Duality gap: 1.523e+11, tolerance: 5.735e+08
  model = cd_fast.enet_coordinate_descent(

2026-03-08 19:46:37,263:WARNING:/Users/lisanguyen/Documents/MLOps-project/.venv/lib/python3.10/site-packages/sklearn/linear_model/_coordinate_descent.py:678: ConvergenceWarning: Objective did not converge. You might want to increase the number of iterations, check the scale of the features or consider increasing regularisation. Duality gap: 1.061e+11, tolerance: 5.462e+08
  model = cd_fast.enet_coordinate_descent(

2026-03-08 19:46:37,265:WARNING:/Users/lisanguyen/Documents/MLOps-project/.venv/lib/python3.10/site-packages/sklearn/linear_model/_coordinate_descent.py:678: ConvergenceWarning: Objective did not converge. You might want to increase the number of iterations, check the scale of the features or consider increasing regularisation. Duality gap: 1.430e+11, tolerance: 6.054e+08
  model = cd_fast.enet_coordinate_descent(

2026-03-08 19:46:37,266:WARNING:/Users/lisanguyen/Documents/MLOps-project/.venv/lib/python3.10/site-packages/sklearn/linear_model/_coordinate_descent.py:678: ConvergenceWarning: Objective did not converge. You might want to increase the number of iterations, check the scale of the features or consider increasing regularisation. Duality gap: 1.325e+11, tolerance: 6.056e+08
  model = cd_fast.enet_coordinate_descent(

2026-03-08 19:46:37,274:WARNING:/Users/lisanguyen/Documents/MLOps-project/.venv/lib/python3.10/site-packages/sklearn/linear_model/_coordinate_descent.py:678: ConvergenceWarning: Objective did not converge. You might want to increase the number of iterations, check the scale of the features or consider increasing regularisation. Duality gap: 1.273e+11, tolerance: 5.889e+08
  model = cd_fast.enet_coordinate_descent(

2026-03-08 19:46:37,274:WARNING:/Users/lisanguyen/Documents/MLOps-project/.venv/lib/python3.10/site-packages/sklearn/linear_model/_coordinate_descent.py:678: ConvergenceWarning: Objective did not converge. You might want to increase the number of iterations, check the scale of the features or consider increasing regularisation. Duality gap: 1.737e+10, tolerance: 6.022e+08
  model = cd_fast.enet_coordinate_descent(

2026-03-08 19:46:37,295:WARNING:/Users/lisanguyen/Documents/MLOps-project/.venv/lib/python3.10/site-packages/sklearn/linear_model/_coordinate_descent.py:678: ConvergenceWarning: Objective did not converge. You might want to increase the number of iterations, check the scale of the features or consider increasing regularisation. Duality gap: 1.441e+11, tolerance: 5.930e+08
  model = cd_fast.enet_coordinate_descent(

2026-03-08 19:46:37,306:WARNING:/Users/lisanguyen/Documents/MLOps-project/.venv/lib/python3.10/site-packages/sklearn/linear_model/_coordinate_descent.py:678: ConvergenceWarning: Objective did not converge. You might want to increase the number of iterations, check the scale of the features or consider increasing regularisation. Duality gap: 7.014e+10, tolerance: 5.905e+08
  model = cd_fast.enet_coordinate_descent(

2026-03-08 19:46:37,348:WARNING:/Users/lisanguyen/Documents/MLOps-project/.venv/lib/python3.10/site-packages/sklearn/linear_model/_coordinate_descent.py:678: ConvergenceWarning: Objective did not converge. You might want to increase the number of iterations, check the scale of the features or consider increasing regularisation. Duality gap: 1.300e+11, tolerance: 5.889e+08
  model = cd_fast.enet_coordinate_descent(

2026-03-08 19:46:38,018:WARNING:/Users/lisanguyen/Documents/MLOps-project/.venv/lib/python3.10/site-packages/sklearn/linear_model/_coordinate_descent.py:678: ConvergenceWarning: Objective did not converge. You might want to increase the number of iterations, check the scale of the features or consider increasing regularisation. Duality gap: 3.196e+10, tolerance: 6.038e+08
  model = cd_fast.enet_coordinate_descent(

2026-03-08 19:46:38,065:INFO:Calculating mean and std
2026-03-08 19:46:38,065:INFO:Creating metrics dataframe
2026-03-08 19:46:38,066:INFO:Uploading results into container
2026-03-08 19:46:38,066:INFO:Uploading model into container now
2026-03-08 19:46:38,066:INFO:_master_model_container: 2
2026-03-08 19:46:38,066:INFO:_display_container: 2
2026-03-08 19:46:38,066:INFO:Lasso(random_state=7393)
2026-03-08 19:46:38,066:INFO:create_model() successfully completed......................................
2026-03-08 19:46:38,107:INFO:SubProcess create_model() end ==================================
2026-03-08 19:46:38,107:INFO:Creating metrics dataframe
2026-03-08 19:46:38,108:INFO:Initializing Ridge Regression
2026-03-08 19:46:38,108:INFO:Total runtime is 0.07137118577957154 minutes
2026-03-08 19:46:38,108:INFO:SubProcess create_model() called ==================================
2026-03-08 19:46:38,108:INFO:Initializing create_model()
2026-03-08 19:46:38,108:INFO:create_model(self=<pycaret.regression.oop.RegressionExperiment object at 0x12777f550>, estimator=ridge, fold=KFold(n_splits=10, random_state=None, shuffle=False), round=4, cross_validation=True, predict=True, fit_kwargs={}, groups=None, refit=False, probability_threshold=None, experiment_custom_tags=None, verbose=False, system=False, add_to_model_list=True, metrics=None, display=<pycaret.internal.display.display.CommonDisplay object at 0x29a0c5ed0>, model_only=True, return_train_score=False, error_score=0.0, kwargs={})
2026-03-08 19:46:38,108:INFO:Checking exceptions
2026-03-08 19:46:38,108:INFO:Importing libraries
2026-03-08 19:46:38,108:INFO:Copying training dataset
2026-03-08 19:46:38,112:INFO:Defining folds
2026-03-08 19:46:38,112:INFO:Declaring metric variables
2026-03-08 19:46:38,112:INFO:Importing untrained model
2026-03-08 19:46:38,112:INFO:Ridge Regression Imported successfully
2026-03-08 19:46:38,112:INFO:Starting cross validation
2026-03-08 19:46:38,115:INFO:Cross validating with KFold(n_splits=10, random_state=None, shuffle=False), n_jobs=-1
2026-03-08 19:46:38,548:INFO:Calculating mean and std
2026-03-08 19:46:38,548:INFO:Creating metrics dataframe
2026-03-08 19:46:38,549:INFO:Uploading results into container
2026-03-08 19:46:38,549:INFO:Uploading model into container now
2026-03-08 19:46:38,549:INFO:_master_model_container: 3
2026-03-08 19:46:38,549:INFO:_display_container: 2
2026-03-08 19:46:38,549:INFO:Ridge(random_state=7393)
2026-03-08 19:46:38,550:INFO:create_model() successfully completed......................................
2026-03-08 19:46:38,588:INFO:SubProcess create_model() end ==================================
2026-03-08 19:46:38,589:INFO:Creating metrics dataframe
2026-03-08 19:46:38,589:INFO:Initializing Elastic Net
2026-03-08 19:46:38,589:INFO:Total runtime is 0.07940204938252768 minutes
2026-03-08 19:46:38,590:INFO:SubProcess create_model() called ==================================
2026-03-08 19:46:38,590:INFO:Initializing create_model()
2026-03-08 19:46:38,590:INFO:create_model(self=<pycaret.regression.oop.RegressionExperiment object at 0x12777f550>, estimator=en, fold=KFold(n_splits=10, random_state=None, shuffle=False), round=4, cross_validation=True, predict=True, fit_kwargs={}, groups=None, refit=False, probability_threshold=None, experiment_custom_tags=None, verbose=False, system=False, add_to_model_list=True, metrics=None, display=<pycaret.internal.display.display.CommonDisplay object at 0x29a0c5ed0>, model_only=True, return_train_score=False, error_score=0.0, kwargs={})
2026-03-08 19:46:38,590:INFO:Checking exceptions
2026-03-08 19:46:38,590:INFO:Importing libraries
2026-03-08 19:46:38,590:INFO:Copying training dataset
2026-03-08 19:46:38,594:INFO:Defining folds
2026-03-08 19:46:38,594:INFO:Declaring metric variables
2026-03-08 19:46:38,594:INFO:Importing untrained model
2026-03-08 19:46:38,594:INFO:Elastic Net Imported successfully
2026-03-08 19:46:38,594:INFO:Starting cross validation
2026-03-08 19:46:38,597:INFO:Cross validating with KFold(n_splits=10, random_state=None, shuffle=False), n_jobs=-1
2026-03-08 19:46:39,186:WARNING:/Users/lisanguyen/Documents/MLOps-project/.venv/lib/python3.10/site-packages/sklearn/linear_model/_coordinate_descent.py:678: ConvergenceWarning: Objective did not converge. You might want to increase the number of iterations, check the scale of the features or consider increasing regularisation. Duality gap: 5.400e+11, tolerance: 6.056e+08
  model = cd_fast.enet_coordinate_descent(

2026-03-08 19:46:39,190:WARNING:/Users/lisanguyen/Documents/MLOps-project/.venv/lib/python3.10/site-packages/sklearn/linear_model/_coordinate_descent.py:678: ConvergenceWarning: Objective did not converge. You might want to increase the number of iterations, check the scale of the features or consider increasing regularisation. Duality gap: 5.440e+11, tolerance: 5.735e+08
  model = cd_fast.enet_coordinate_descent(

2026-03-08 19:46:39,200:WARNING:/Users/lisanguyen/Documents/MLOps-project/.venv/lib/python3.10/site-packages/sklearn/linear_model/_coordinate_descent.py:678: ConvergenceWarning: Objective did not converge. You might want to increase the number of iterations, check the scale of the features or consider increasing regularisation. Duality gap: 4.355e+11, tolerance: 5.905e+08
  model = cd_fast.enet_coordinate_descent(

2026-03-08 19:46:39,212:WARNING:/Users/lisanguyen/Documents/MLOps-project/.venv/lib/python3.10/site-packages/sklearn/linear_model/_coordinate_descent.py:678: ConvergenceWarning: Objective did not converge. You might want to increase the number of iterations, check the scale of the features or consider increasing regularisation. Duality gap: 5.614e+11, tolerance: 5.462e+08
  model = cd_fast.enet_coordinate_descent(

2026-03-08 19:46:39,219:WARNING:/Users/lisanguyen/Documents/MLOps-project/.venv/lib/python3.10/site-packages/sklearn/linear_model/_coordinate_descent.py:678: ConvergenceWarning: Objective did not converge. You might want to increase the number of iterations, check the scale of the features or consider increasing regularisation. Duality gap: 5.900e+11, tolerance: 6.038e+08
  model = cd_fast.enet_coordinate_descent(

2026-03-08 19:46:39,225:WARNING:/Users/lisanguyen/Documents/MLOps-project/.venv/lib/python3.10/site-packages/sklearn/linear_model/_coordinate_descent.py:678: ConvergenceWarning: Objective did not converge. You might want to increase the number of iterations, check the scale of the features or consider increasing regularisation. Duality gap: 5.829e+11, tolerance: 5.889e+08
  model = cd_fast.enet_coordinate_descent(

2026-03-08 19:46:39,253:WARNING:/Users/lisanguyen/Documents/MLOps-project/.venv/lib/python3.10/site-packages/sklearn/linear_model/_coordinate_descent.py:678: ConvergenceWarning: Objective did not converge. You might want to increase the number of iterations, check the scale of the features or consider increasing regularisation. Duality gap: 6.086e+11, tolerance: 6.054e+08
  model = cd_fast.enet_coordinate_descent(

2026-03-08 19:46:39,271:WARNING:/Users/lisanguyen/Documents/MLOps-project/.venv/lib/python3.10/site-packages/sklearn/linear_model/_coordinate_descent.py:678: ConvergenceWarning: Objective did not converge. You might want to increase the number of iterations, check the scale of the features or consider increasing regularisation. Duality gap: 5.997e+11, tolerance: 5.889e+08
  model = cd_fast.enet_coordinate_descent(

2026-03-08 19:46:39,283:WARNING:/Users/lisanguyen/Documents/MLOps-project/.venv/lib/python3.10/site-packages/sklearn/linear_model/_coordinate_descent.py:678: ConvergenceWarning: Objective did not converge. You might want to increase the number of iterations, check the scale of the features or consider increasing regularisation. Duality gap: 5.908e+11, tolerance: 6.022e+08
  model = cd_fast.enet_coordinate_descent(

2026-03-08 19:46:39,313:WARNING:/Users/lisanguyen/Documents/MLOps-project/.venv/lib/python3.10/site-packages/sklearn/linear_model/_coordinate_descent.py:678: ConvergenceWarning: Objective did not converge. You might want to increase the number of iterations, check the scale of the features or consider increasing regularisation. Duality gap: 5.859e+11, tolerance: 5.930e+08
  model = cd_fast.enet_coordinate_descent(

2026-03-08 19:46:39,368:INFO:Calculating mean and std
2026-03-08 19:46:39,368:INFO:Creating metrics dataframe
2026-03-08 19:46:39,369:INFO:Uploading results into container
2026-03-08 19:46:39,369:INFO:Uploading model into container now
2026-03-08 19:46:39,369:INFO:_master_model_container: 4
2026-03-08 19:46:39,369:INFO:_display_container: 2
2026-03-08 19:46:39,369:INFO:ElasticNet(random_state=7393)
2026-03-08 19:46:39,369:INFO:create_model() successfully completed......................................
2026-03-08 19:46:39,406:INFO:SubProcess create_model() end ==================================
2026-03-08 19:46:39,406:INFO:Creating metrics dataframe
2026-03-08 19:46:39,407:INFO:Initializing Least Angle Regression
2026-03-08 19:46:39,407:INFO:Total runtime is 0.0930240829785665 minutes
2026-03-08 19:46:39,407:INFO:SubProcess create_model() called ==================================
2026-03-08 19:46:39,407:INFO:Initializing create_model()
2026-03-08 19:46:39,407:INFO:create_model(self=<pycaret.regression.oop.RegressionExperiment object at 0x12777f550>, estimator=lar, fold=KFold(n_splits=10, random_state=None, shuffle=False), round=4, cross_validation=True, predict=True, fit_kwargs={}, groups=None, refit=False, probability_threshold=None, experiment_custom_tags=None, verbose=False, system=False, add_to_model_list=True, metrics=None, display=<pycaret.internal.display.display.CommonDisplay object at 0x29a0c5ed0>, model_only=True, return_train_score=False, error_score=0.0, kwargs={})
2026-03-08 19:46:39,407:INFO:Checking exceptions
2026-03-08 19:46:39,407:INFO:Importing libraries
2026-03-08 19:46:39,407:INFO:Copying training dataset
2026-03-08 19:46:39,411:INFO:Defining folds
2026-03-08 19:46:39,411:INFO:Declaring metric variables
2026-03-08 19:46:39,411:INFO:Importing untrained model
2026-03-08 19:46:39,411:INFO:Least Angle Regression Imported successfully
2026-03-08 19:46:39,411:INFO:Starting cross validation
2026-03-08 19:46:39,414:INFO:Cross validating with KFold(n_splits=10, random_state=None, shuffle=False), n_jobs=-1
2026-03-08 19:46:39,737:WARNING:/Users/lisanguyen/Documents/MLOps-project/.venv/lib/python3.10/site-packages/sklearn/linear_model/_least_angle.py:688: ConvergenceWarning: Regressors in active set degenerate. Dropping a regressor, after 38 iterations, i.e. alpha=1.279e+03, with an active set of 35 regressors, and the smallest cholesky pivot element being 2.220e-16. Reduce max_iter or increase eps parameters.
  warnings.warn(

2026-03-08 19:46:39,738:WARNING:/Users/lisanguyen/Documents/MLOps-project/.venv/lib/python3.10/site-packages/sklearn/linear_model/_least_angle.py:688: ConvergenceWarning: Regressors in active set degenerate. Dropping a regressor, after 59 iterations, i.e. alpha=4.937e+02, with an active set of 55 regressors, and the smallest cholesky pivot element being 2.220e-16. Reduce max_iter or increase eps parameters.
  warnings.warn(

2026-03-08 19:46:39,740:WARNING:/Users/lisanguyen/Documents/MLOps-project/.venv/lib/python3.10/site-packages/sklearn/linear_model/_least_angle.py:688: ConvergenceWarning: Regressors in active set degenerate. Dropping a regressor, after 79 iterations, i.e. alpha=2.923e+02, with an active set of 71 regressors, and the smallest cholesky pivot element being 2.220e-16. Reduce max_iter or increase eps parameters.
  warnings.warn(

2026-03-08 19:46:39,740:WARNING:/Users/lisanguyen/Documents/MLOps-project/.venv/lib/python3.10/site-packages/sklearn/linear_model/_least_angle.py:688: ConvergenceWarning: Regressors in active set degenerate. Dropping a regressor, after 80 iterations, i.e. alpha=2.642e+02, with an active set of 72 regressors, and the smallest cholesky pivot element being 2.220e-16. Reduce max_iter or increase eps parameters.
  warnings.warn(

2026-03-08 19:46:39,740:WARNING:/Users/lisanguyen/Documents/MLOps-project/.venv/lib/python3.10/site-packages/sklearn/linear_model/_least_angle.py:688: ConvergenceWarning: Regressors in active set degenerate. Dropping a regressor, after 81 iterations, i.e. alpha=2.614e+02, with an active set of 73 regressors, and the smallest cholesky pivot element being 2.220e-16. Reduce max_iter or increase eps parameters.
  warnings.warn(

2026-03-08 19:46:39,740:WARNING:/Users/lisanguyen/Documents/MLOps-project/.venv/lib/python3.10/site-packages/sklearn/linear_model/_least_angle.py:688: ConvergenceWarning: Regressors in active set degenerate. Dropping a regressor, after 82 iterations, i.e. alpha=2.558e+02, with an active set of 74 regressors, and the smallest cholesky pivot element being 2.220e-16. Reduce max_iter or increase eps parameters.
  warnings.warn(

2026-03-08 19:46:39,741:WARNING:/Users/lisanguyen/Documents/MLOps-project/.venv/lib/python3.10/site-packages/sklearn/linear_model/_least_angle.py:688: ConvergenceWarning: Regressors in active set degenerate. Dropping a regressor, after 83 iterations, i.e. alpha=2.519e+02, with an active set of 75 regressors, and the smallest cholesky pivot element being 2.220e-16. Reduce max_iter or increase eps parameters.
  warnings.warn(

2026-03-08 19:46:39,741:WARNING:/Users/lisanguyen/Documents/MLOps-project/.venv/lib/python3.10/site-packages/sklearn/linear_model/_least_angle.py:688: ConvergenceWarning: Regressors in active set degenerate. Dropping a regressor, after 225 iterations, i.e. alpha=1.340e+03, with an active set of 198 regressors, and the smallest cholesky pivot element being 1.490e-08. Reduce max_iter or increase eps parameters.
  warnings.warn(

2026-03-08 19:46:39,741:WARNING:/Users/lisanguyen/Documents/MLOps-project/.venv/lib/python3.10/site-packages/sklearn/linear_model/_least_angle.py:688: ConvergenceWarning: Regressors in active set degenerate. Dropping a regressor, after 84 iterations, i.e. alpha=2.438e+02, with an active set of 76 regressors, and the smallest cholesky pivot element being 2.220e-16. Reduce max_iter or increase eps parameters.
  warnings.warn(

2026-03-08 19:46:39,742:WARNING:/Users/lisanguyen/Documents/MLOps-project/.venv/lib/python3.10/site-packages/sklearn/linear_model/_least_angle.py:688: ConvergenceWarning: Regressors in active set degenerate. Dropping a regressor, after 85 iterations, i.e. alpha=2.354e+02, with an active set of 77 regressors, and the smallest cholesky pivot element being 2.220e-16. Reduce max_iter or increase eps parameters.
  warnings.warn(

2026-03-08 19:46:39,742:WARNING:/Users/lisanguyen/Documents/MLOps-project/.venv/lib/python3.10/site-packages/sklearn/linear_model/_least_angle.py:688: ConvergenceWarning: Regressors in active set degenerate. Dropping a regressor, after 86 iterations, i.e. alpha=2.312e+02, with an active set of 78 regressors, and the smallest cholesky pivot element being 2.220e-16. Reduce max_iter or increase eps parameters.
  warnings.warn(

2026-03-08 19:46:39,742:WARNING:/Users/lisanguyen/Documents/MLOps-project/.venv/lib/python3.10/site-packages/sklearn/linear_model/_least_angle.py:688: ConvergenceWarning: Regressors in active set degenerate. Dropping a regressor, after 87 iterations, i.e. alpha=2.232e+02, with an active set of 79 regressors, and the smallest cholesky pivot element being 2.220e-16. Reduce max_iter or increase eps parameters.
  warnings.warn(

2026-03-08 19:46:39,743:WARNING:/Users/lisanguyen/Documents/MLOps-project/.venv/lib/python3.10/site-packages/sklearn/linear_model/_least_angle.py:688: ConvergenceWarning: Regressors in active set degenerate. Dropping a regressor, after 88 iterations, i.e. alpha=2.200e+02, with an active set of 80 regressors, and the smallest cholesky pivot element being 2.220e-16. Reduce max_iter or increase eps parameters.
  warnings.warn(

2026-03-08 19:46:39,743:WARNING:/Users/lisanguyen/Documents/MLOps-project/.venv/lib/python3.10/site-packages/sklearn/linear_model/_least_angle.py:688: ConvergenceWarning: Regressors in active set degenerate. Dropping a regressor, after 89 iterations, i.e. alpha=2.160e+02, with an active set of 81 regressors, and the smallest cholesky pivot element being 2.220e-16. Reduce max_iter or increase eps parameters.
  warnings.warn(

2026-03-08 19:46:39,744:WARNING:/Users/lisanguyen/Documents/MLOps-project/.venv/lib/python3.10/site-packages/sklearn/linear_model/_least_angle.py:688: ConvergenceWarning: Regressors in active set degenerate. Dropping a regressor, after 91 iterations, i.e. alpha=2.099e+02, with an active set of 83 regressors, and the smallest cholesky pivot element being 2.220e-16. Reduce max_iter or increase eps parameters.
  warnings.warn(

2026-03-08 19:46:39,744:WARNING:/Users/lisanguyen/Documents/MLOps-project/.venv/lib/python3.10/site-packages/sklearn/linear_model/_least_angle.py:688: ConvergenceWarning: Regressors in active set degenerate. Dropping a regressor, after 92 iterations, i.e. alpha=2.084e+02, with an active set of 84 regressors, and the smallest cholesky pivot element being 2.220e-16. Reduce max_iter or increase eps parameters.
  warnings.warn(

2026-03-08 19:46:39,745:WARNING:/Users/lisanguyen/Documents/MLOps-project/.venv/lib/python3.10/site-packages/sklearn/linear_model/_least_angle.py:688: ConvergenceWarning: Regressors in active set degenerate. Dropping a regressor, after 93 iterations, i.e. alpha=2.048e+02, with an active set of 85 regressors, and the smallest cholesky pivot element being 2.220e-16. Reduce max_iter or increase eps parameters.
  warnings.warn(

2026-03-08 19:46:39,748:WARNING:/Users/lisanguyen/Documents/MLOps-project/.venv/lib/python3.10/site-packages/sklearn/linear_model/_least_angle.py:688: ConvergenceWarning: Regressors in active set degenerate. Dropping a regressor, after 82 iterations, i.e. alpha=3.063e+02, with an active set of 78 regressors, and the smallest cholesky pivot element being 2.220e-16. Reduce max_iter or increase eps parameters.
  warnings.warn(

2026-03-08 19:46:39,753:WARNING:/Users/lisanguyen/Documents/MLOps-project/.venv/lib/python3.10/site-packages/sklearn/linear_model/_least_angle.py:688: ConvergenceWarning: Regressors in active set degenerate. Dropping a regressor, after 187 iterations, i.e. alpha=2.497e+02, with an active set of 159 regressors, and the smallest cholesky pivot element being 2.107e-08. Reduce max_iter or increase eps parameters.
  warnings.warn(

2026-03-08 19:46:39,753:WARNING:/Users/lisanguyen/Documents/MLOps-project/.venv/lib/python3.10/site-packages/sklearn/linear_model/_least_angle.py:688: ConvergenceWarning: Regressors in active set degenerate. Dropping a regressor, after 272 iterations, i.e. alpha=1.527e+03, with an active set of 238 regressors, and the smallest cholesky pivot element being 2.980e-08. Reduce max_iter or increase eps parameters.
  warnings.warn(

2026-03-08 19:46:39,754:WARNING:/Users/lisanguyen/Documents/MLOps-project/.venv/lib/python3.10/site-packages/sklearn/linear_model/_least_angle.py:688: ConvergenceWarning: Regressors in active set degenerate. Dropping a regressor, after 120 iterations, i.e. alpha=1.360e+02, with an active set of 111 regressors, and the smallest cholesky pivot element being 1.054e-08. Reduce max_iter or increase eps parameters.
  warnings.warn(

2026-03-08 19:46:39,755:WARNING:/Users/lisanguyen/Documents/MLOps-project/.venv/lib/python3.10/site-packages/sklearn/linear_model/_least_angle.py:812: RuntimeWarning: overflow encountered in multiply
  coef[active] = prev_coef[active] + gamma_ * least_squares

2026-03-08 19:46:39,756:WARNING:/Users/lisanguyen/Documents/MLOps-project/.venv/lib/python3.10/site-packages/sklearn/linear_model/_least_angle.py:771: RuntimeWarning: overflow encountered in divide
  g1 = arrayfuncs.min_pos((C - Cov) / (AA - corr_eq_dir + tiny32))

2026-03-08 19:46:39,756:WARNING:/Users/lisanguyen/Documents/MLOps-project/.venv/lib/python3.10/site-packages/sklearn/linear_model/_least_angle.py:775: RuntimeWarning: overflow encountered in divide
  g2 = arrayfuncs.min_pos((C + Cov) / (AA + corr_eq_dir + tiny32))

2026-03-08 19:46:39,756:WARNING:/Users/lisanguyen/Documents/MLOps-project/.venv/lib/python3.10/site-packages/sklearn/linear_model/_least_angle.py:776: RuntimeWarning: overflow encountered in scalar divide
  gamma_ = min(g1, g2, C / AA)

2026-03-08 19:46:39,756:WARNING:/Users/lisanguyen/Documents/MLOps-project/.venv/lib/python3.10/site-packages/sklearn/linear_model/_least_angle.py:780: RuntimeWarning: overflow encountered in divide
  z = -coef[active] / (least_squares + tiny32)

2026-03-08 19:46:39,756:WARNING:/Users/lisanguyen/Documents/MLOps-project/.venv/lib/python3.10/site-packages/sklearn/linear_model/_least_angle.py:688: ConvergenceWarning: Regressors in active set degenerate. Dropping a regressor, after 230 iterations, i.e. alpha=3.116e+301, with an active set of 86 regressors, and the smallest cholesky pivot element being 2.220e-16. Reduce max_iter or increase eps parameters.
  warnings.warn(

2026-03-08 19:46:39,756:WARNING:/Users/lisanguyen/Documents/MLOps-project/.venv/lib/python3.10/site-packages/sklearn/linear_model/_least_angle.py:688: ConvergenceWarning: Regressors in active set degenerate. Dropping a regressor, after 231 iterations, i.e. alpha=1.257e+299, with an active set of 87 regressors, and the smallest cholesky pivot element being 2.220e-16. Reduce max_iter or increase eps parameters.
  warnings.warn(

2026-03-08 19:46:39,756:WARNING:/Users/lisanguyen/Documents/MLOps-project/.venv/lib/python3.10/site-packages/sklearn/linear_model/_least_angle.py:688: ConvergenceWarning: Regressors in active set degenerate. Dropping a regressor, after 232 iterations, i.e. alpha=1.221e+299, with an active set of 88 regressors, and the smallest cholesky pivot element being 2.220e-16. Reduce max_iter or increase eps parameters.
  warnings.warn(

2026-03-08 19:46:39,756:WARNING:/Users/lisanguyen/Documents/MLOps-project/.venv/lib/python3.10/site-packages/sklearn/linear_model/_least_angle.py:688: ConvergenceWarning: Regressors in active set degenerate. Dropping a regressor, after 233 iterations, i.e. alpha=1.184e+299, with an active set of 89 regressors, and the smallest cholesky pivot element being 2.220e-16. Reduce max_iter or increase eps parameters.
  warnings.warn(

2026-03-08 19:46:39,756:WARNING:/Users/lisanguyen/Documents/MLOps-project/.venv/lib/python3.10/site-packages/sklearn/linear_model/_least_angle.py:688: ConvergenceWarning: Regressors in active set degenerate. Dropping a regressor, after 234 iterations, i.e. alpha=1.145e+299, with an active set of 90 regressors, and the smallest cholesky pivot element being 2.220e-16. Reduce max_iter or increase eps parameters.
  warnings.warn(

2026-03-08 19:46:39,757:WARNING:/Users/lisanguyen/Documents/MLOps-project/.venv/lib/python3.10/site-packages/sklearn/linear_model/_least_angle.py:688: ConvergenceWarning: Regressors in active set degenerate. Dropping a regressor, after 235 iterations, i.e. alpha=1.099e+299, with an active set of 91 regressors, and the smallest cholesky pivot element being 2.220e-16. Reduce max_iter or increase eps parameters.
  warnings.warn(

2026-03-08 19:46:39,757:WARNING:/Users/lisanguyen/Documents/MLOps-project/.venv/lib/python3.10/site-packages/sklearn/linear_model/_least_angle.py:688: ConvergenceWarning: Regressors in active set degenerate. Dropping a regressor, after 236 iterations, i.e. alpha=1.002e+299, with an active set of 92 regressors, and the smallest cholesky pivot element being 2.220e-16. Reduce max_iter or increase eps parameters.
  warnings.warn(

2026-03-08 19:46:39,757:WARNING:/Users/lisanguyen/Documents/MLOps-project/.venv/lib/python3.10/site-packages/sklearn/linear_model/_least_angle.py:688: ConvergenceWarning: Regressors in active set degenerate. Dropping a regressor, after 237 iterations, i.e. alpha=9.793e+298, with an active set of 93 regressors, and the smallest cholesky pivot element being 2.220e-16. Reduce max_iter or increase eps parameters.
  warnings.warn(

2026-03-08 19:46:39,757:WARNING:/Users/lisanguyen/Documents/MLOps-project/.venv/lib/python3.10/site-packages/sklearn/linear_model/_least_angle.py:688: ConvergenceWarning: Regressors in active set degenerate. Dropping a regressor, after 238 iterations, i.e. alpha=9.504e+298, with an active set of 94 regressors, and the smallest cholesky pivot element being 2.220e-16. Reduce max_iter or increase eps parameters.
  warnings.warn(

2026-03-08 19:46:39,757:WARNING:/Users/lisanguyen/Documents/MLOps-project/.venv/lib/python3.10/site-packages/sklearn/linear_model/_least_angle.py:688: ConvergenceWarning: Regressors in active set degenerate. Dropping a regressor, after 239 iterations, i.e. alpha=9.135e+298, with an active set of 95 regressors, and the smallest cholesky pivot element being 2.220e-16. Reduce max_iter or increase eps parameters.
  warnings.warn(

2026-03-08 19:46:39,757:WARNING:/Users/lisanguyen/Documents/MLOps-project/.venv/lib/python3.10/site-packages/sklearn/linear_model/_least_angle.py:688: ConvergenceWarning: Regressors in active set degenerate. Dropping a regressor, after 241 iterations, i.e. alpha=9.106e+298, with an active set of 97 regressors, and the smallest cholesky pivot element being 2.220e-16. Reduce max_iter or increase eps parameters.
  warnings.warn(

2026-03-08 19:46:39,757:WARNING:/Users/lisanguyen/Documents/MLOps-project/.venv/lib/python3.10/site-packages/sklearn/linear_model/_least_angle.py:688: ConvergenceWarning: Regressors in active set degenerate. Dropping a regressor, after 242 iterations, i.e. alpha=8.642e+298, with an active set of 98 regressors, and the smallest cholesky pivot element being 2.220e-16. Reduce max_iter or increase eps parameters.
  warnings.warn(

2026-03-08 19:46:39,758:WARNING:/Users/lisanguyen/Documents/MLOps-project/.venv/lib/python3.10/site-packages/sklearn/linear_model/_least_angle.py:688: ConvergenceWarning: Regressors in active set degenerate. Dropping a regressor, after 243 iterations, i.e. alpha=8.479e+298, with an active set of 99 regressors, and the smallest cholesky pivot element being 2.220e-16. Reduce max_iter or increase eps parameters.
  warnings.warn(

2026-03-08 19:46:39,758:WARNING:/Users/lisanguyen/Documents/MLOps-project/.venv/lib/python3.10/site-packages/sklearn/linear_model/_least_angle.py:688: ConvergenceWarning: Regressors in active set degenerate. Dropping a regressor, after 245 iterations, i.e. alpha=7.053e+298, with an active set of 101 regressors, and the smallest cholesky pivot element being 2.220e-16. Reduce max_iter or increase eps parameters.
  warnings.warn(

2026-03-08 19:46:39,758:WARNING:/Users/lisanguyen/Documents/MLOps-project/.venv/lib/python3.10/site-packages/sklearn/linear_model/_least_angle.py:688: ConvergenceWarning: Regressors in active set degenerate. Dropping a regressor, after 246 iterations, i.e. alpha=7.014e+298, with an active set of 102 regressors, and the smallest cholesky pivot element being 2.220e-16. Reduce max_iter or increase eps parameters.
  warnings.warn(

2026-03-08 19:46:39,759:WARNING:/Users/lisanguyen/Documents/MLOps-project/.venv/lib/python3.10/site-packages/sklearn/linear_model/_least_angle.py:688: ConvergenceWarning: Regressors in active set degenerate. Dropping a regressor, after 248 iterations, i.e. alpha=6.910e+298, with an active set of 104 regressors, and the smallest cholesky pivot element being 2.220e-16. Reduce max_iter or increase eps parameters.
  warnings.warn(

2026-03-08 19:46:39,759:WARNING:/Users/lisanguyen/Documents/MLOps-project/.venv/lib/python3.10/site-packages/sklearn/linear_model/_least_angle.py:688: ConvergenceWarning: Regressors in active set degenerate. Dropping a regressor, after 251 iterations, i.e. alpha=8.994e+04, with an active set of 196 regressors, and the smallest cholesky pivot element being 2.220e-16. Reduce max_iter or increase eps parameters.
  warnings.warn(

2026-03-08 19:46:39,760:WARNING:/Users/lisanguyen/Documents/MLOps-project/.venv/lib/python3.10/site-packages/sklearn/linear_model/_least_angle.py:688: ConvergenceWarning: Regressors in active set degenerate. Dropping a regressor, after 249 iterations, i.e. alpha=6.645e+298, with an active set of 105 regressors, and the smallest cholesky pivot element being 2.220e-16. Reduce max_iter or increase eps parameters.
  warnings.warn(

2026-03-08 19:46:39,760:WARNING:/Users/lisanguyen/Documents/MLOps-project/.venv/lib/python3.10/site-packages/sklearn/linear_model/_least_angle.py:688: ConvergenceWarning: Regressors in active set degenerate. Dropping a regressor, after 250 iterations, i.e. alpha=6.317e+298, with an active set of 106 regressors, and the smallest cholesky pivot element being 2.220e-16. Reduce max_iter or increase eps parameters.
  warnings.warn(

2026-03-08 19:46:39,760:WARNING:/Users/lisanguyen/Documents/MLOps-project/.venv/lib/python3.10/site-packages/sklearn/linear_model/_least_angle.py:688: ConvergenceWarning: Regressors in active set degenerate. Dropping a regressor, after 251 iterations, i.e. alpha=6.198e+298, with an active set of 107 regressors, and the smallest cholesky pivot element being 2.220e-16. Reduce max_iter or increase eps parameters.
  warnings.warn(

2026-03-08 19:46:39,761:WARNING:/Users/lisanguyen/Documents/MLOps-project/.venv/lib/python3.10/site-packages/sklearn/linear_model/_least_angle.py:688: ConvergenceWarning: Regressors in active set degenerate. Dropping a regressor, after 252 iterations, i.e. alpha=6.189e+298, with an active set of 108 regressors, and the smallest cholesky pivot element being 2.220e-16. Reduce max_iter or increase eps parameters.
  warnings.warn(

2026-03-08 19:46:39,761:WARNING:/Users/lisanguyen/Documents/MLOps-project/.venv/lib/python3.10/site-packages/sklearn/linear_model/_least_angle.py:688: ConvergenceWarning: Regressors in active set degenerate. Dropping a regressor, after 255 iterations, i.e. alpha=6.136e+298, with an active set of 111 regressors, and the smallest cholesky pivot element being 2.220e-16. Reduce max_iter or increase eps parameters.
  warnings.warn(

2026-03-08 19:46:39,761:WARNING:/Users/lisanguyen/Documents/MLOps-project/.venv/lib/python3.10/site-packages/sklearn/linear_model/_least_angle.py:688: ConvergenceWarning: Regressors in active set degenerate. Dropping a regressor, after 256 iterations, i.e. alpha=5.708e+298, with an active set of 112 regressors, and the smallest cholesky pivot element being 2.220e-16. Reduce max_iter or increase eps parameters.
  warnings.warn(

2026-03-08 19:46:39,761:WARNING:/Users/lisanguyen/Documents/MLOps-project/.venv/lib/python3.10/site-packages/sklearn/linear_model/_least_angle.py:688: ConvergenceWarning: Regressors in active set degenerate. Dropping a regressor, after 257 iterations, i.e. alpha=5.513e+298, with an active set of 113 regressors, and the smallest cholesky pivot element being 2.220e-16. Reduce max_iter or increase eps parameters.
  warnings.warn(

2026-03-08 19:46:39,761:WARNING:/Users/lisanguyen/Documents/MLOps-project/.venv/lib/python3.10/site-packages/sklearn/linear_model/_least_angle.py:688: ConvergenceWarning: Regressors in active set degenerate. Dropping a regressor, after 259 iterations, i.e. alpha=5.450e+298, with an active set of 115 regressors, and the smallest cholesky pivot element being 2.220e-16. Reduce max_iter or increase eps parameters.
  warnings.warn(

2026-03-08 19:46:39,762:WARNING:/Users/lisanguyen/Documents/MLOps-project/.venv/lib/python3.10/site-packages/sklearn/linear_model/_least_angle.py:688: ConvergenceWarning: Regressors in active set degenerate. Dropping a regressor, after 260 iterations, i.e. alpha=5.228e+298, with an active set of 116 regressors, and the smallest cholesky pivot element being 2.220e-16. Reduce max_iter or increase eps parameters.
  warnings.warn(

2026-03-08 19:46:39,762:WARNING:/Users/lisanguyen/Documents/MLOps-project/.venv/lib/python3.10/site-packages/sklearn/linear_model/_least_angle.py:688: ConvergenceWarning: Regressors in active set degenerate. Dropping a regressor, after 261 iterations, i.e. alpha=5.113e+298, with an active set of 117 regressors, and the smallest cholesky pivot element being 2.220e-16. Reduce max_iter or increase eps parameters.
  warnings.warn(

2026-03-08 19:46:39,762:WARNING:/Users/lisanguyen/Documents/MLOps-project/.venv/lib/python3.10/site-packages/sklearn/linear_model/_least_angle.py:688: ConvergenceWarning: Regressors in active set degenerate. Dropping a regressor, after 269 iterations, i.e. alpha=6.208e+301, with an active set of 118 regressors, and the smallest cholesky pivot element being 2.220e-16. Reduce max_iter or increase eps parameters.
  warnings.warn(

2026-03-08 19:46:39,762:WARNING:/Users/lisanguyen/Documents/MLOps-project/.venv/lib/python3.10/site-packages/sklearn/linear_model/_least_angle.py:688: ConvergenceWarning: Regressors in active set degenerate. Dropping a regressor, after 270 iterations, i.e. alpha=4.912e+299, with an active set of 119 regressors, and the smallest cholesky pivot element being 2.220e-16. Reduce max_iter or increase eps parameters.
  warnings.warn(

2026-03-08 19:46:39,763:WARNING:/Users/lisanguyen/Documents/MLOps-project/.venv/lib/python3.10/site-packages/sklearn/linear_model/_least_angle.py:688: ConvergenceWarning: Regressors in active set degenerate. Dropping a regressor, after 271 iterations, i.e. alpha=4.769e+299, with an active set of 120 regressors, and the smallest cholesky pivot element being 2.220e-16. Reduce max_iter or increase eps parameters.
  warnings.warn(

2026-03-08 19:46:39,763:WARNING:/Users/lisanguyen/Documents/MLOps-project/.venv/lib/python3.10/site-packages/sklearn/linear_model/_least_angle.py:688: ConvergenceWarning: Regressors in active set degenerate. Dropping a regressor, after 272 iterations, i.e. alpha=4.437e+299, with an active set of 121 regressors, and the smallest cholesky pivot element being 2.220e-16. Reduce max_iter or increase eps parameters.
  warnings.warn(

2026-03-08 19:46:39,763:WARNING:/Users/lisanguyen/Documents/MLOps-project/.venv/lib/python3.10/site-packages/sklearn/linear_model/_least_angle.py:688: ConvergenceWarning: Regressors in active set degenerate. Dropping a regressor, after 274 iterations, i.e. alpha=1.637e+301, with an active set of 122 regressors, and the smallest cholesky pivot element being 2.220e-16. Reduce max_iter or increase eps parameters.
  warnings.warn(

2026-03-08 19:46:39,764:WARNING:/Users/lisanguyen/Documents/MLOps-project/.venv/lib/python3.10/site-packages/sklearn/linear_model/_least_angle.py:688: ConvergenceWarning: Regressors in active set degenerate. Dropping a regressor, after 199 iterations, i.e. alpha=5.203e+03, with an active set of 150 regressors, and the smallest cholesky pivot element being 1.490e-08. Reduce max_iter or increase eps parameters.
  warnings.warn(

2026-03-08 19:46:39,767:WARNING:/Users/lisanguyen/Documents/MLOps-project/.venv/lib/python3.10/site-packages/sklearn/linear_model/_least_angle.py:688: ConvergenceWarning: Regressors in active set degenerate. Dropping a regressor, after 319 iterations, i.e. alpha=6.525e+04, with an active set of 272 regressors, and the smallest cholesky pivot element being 2.220e-16. Reduce max_iter or increase eps parameters.
  warnings.warn(

2026-03-08 19:46:39,767:WARNING:/Users/lisanguyen/Documents/MLOps-project/.venv/lib/python3.10/site-packages/sklearn/linear_model/_least_angle.py:688: ConvergenceWarning: Regressors in active set degenerate. Dropping a regressor, after 319 iterations, i.e. alpha=5.817e+04, with an active set of 272 regressors, and the smallest cholesky pivot element being 2.980e-08. Reduce max_iter or increase eps parameters.
  warnings.warn(

2026-03-08 19:46:39,767:WARNING:/Users/lisanguyen/Documents/MLOps-project/.venv/lib/python3.10/site-packages/sklearn/linear_model/_least_angle.py:688: ConvergenceWarning: Regressors in active set degenerate. Dropping a regressor, after 319 iterations, i.e. alpha=1.828e+04, with an active set of 272 regressors, and the smallest cholesky pivot element being 1.490e-08. Reduce max_iter or increase eps parameters.
  warnings.warn(

2026-03-08 19:46:39,776:WARNING:/Users/lisanguyen/Documents/MLOps-project/.venv/lib/python3.10/site-packages/sklearn/linear_model/_least_angle.py:688: ConvergenceWarning: Regressors in active set degenerate. Dropping a regressor, after 298 iterations, i.e. alpha=7.408e+02, with an active set of 245 regressors, and the smallest cholesky pivot element being 1.825e-08. Reduce max_iter or increase eps parameters.
  warnings.warn(

2026-03-08 19:46:39,777:WARNING:/Users/lisanguyen/Documents/MLOps-project/.venv/lib/python3.10/site-packages/sklearn/linear_model/_least_angle.py:688: ConvergenceWarning: Regressors in active set degenerate. Dropping a regressor, after 302 iterations, i.e. alpha=7.263e+02, with an active set of 248 regressors, and the smallest cholesky pivot element being 2.220e-16. Reduce max_iter or increase eps parameters.
  warnings.warn(

2026-03-08 19:46:39,778:WARNING:/Users/lisanguyen/Documents/MLOps-project/.venv/lib/python3.10/site-packages/sklearn/linear_model/_least_angle.py:688: ConvergenceWarning: Regressors in active set degenerate. Dropping a regressor, after 260 iterations, i.e. alpha=3.835e+04, with an active set of 188 regressors, and the smallest cholesky pivot element being 1.490e-08. Reduce max_iter or increase eps parameters.
  warnings.warn(

2026-03-08 19:46:39,779:WARNING:/Users/lisanguyen/Documents/MLOps-project/.venv/lib/python3.10/site-packages/sklearn/linear_model/_least_angle.py:688: ConvergenceWarning: Regressors in active set degenerate. Dropping a regressor, after 340 iterations, i.e. alpha=5.543e+06, with an active set of 267 regressors, and the smallest cholesky pivot element being 1.054e-08. Reduce max_iter or increase eps parameters.
  warnings.warn(

2026-03-08 19:46:39,779:WARNING:/Users/lisanguyen/Documents/MLOps-project/.venv/lib/python3.10/site-packages/sklearn/linear_model/_least_angle.py:688: ConvergenceWarning: Regressors in active set degenerate. Dropping a regressor, after 292 iterations, i.e. alpha=1.389e+06, with an active set of 221 regressors, and the smallest cholesky pivot element being 2.980e-08. Reduce max_iter or increase eps parameters.
  warnings.warn(

2026-03-08 19:46:39,779:WARNING:/Users/lisanguyen/Documents/MLOps-project/.venv/lib/python3.10/site-packages/sklearn/linear_model/_least_angle.py:688: ConvergenceWarning: Regressors in active set degenerate. Dropping a regressor, after 340 iterations, i.e. alpha=1.134e+06, with an active set of 267 regressors, and the smallest cholesky pivot element being 2.581e-08. Reduce max_iter or increase eps parameters.
  warnings.warn(

2026-03-08 19:46:39,780:WARNING:/Users/lisanguyen/Documents/MLOps-project/.venv/lib/python3.10/site-packages/sklearn/linear_model/_least_angle.py:688: ConvergenceWarning: Regressors in active set degenerate. Dropping a regressor, after 341 iterations, i.e. alpha=3.002e+05, with an active set of 268 regressors, and the smallest cholesky pivot element being 1.054e-08. Reduce max_iter or increase eps parameters.
  warnings.warn(

2026-03-08 19:46:39,780:WARNING:/Users/lisanguyen/Documents/MLOps-project/.venv/lib/python3.10/site-packages/sklearn/linear_model/_least_angle.py:688: ConvergenceWarning: Regressors in active set degenerate. Dropping a regressor, after 341 iterations, i.e. alpha=1.244e+05, with an active set of 268 regressors, and the smallest cholesky pivot element being 1.054e-08. Reduce max_iter or increase eps parameters.
  warnings.warn(

2026-03-08 19:46:39,781:WARNING:/Users/lisanguyen/Documents/MLOps-project/.venv/lib/python3.10/site-packages/sklearn/linear_model/_least_angle.py:688: ConvergenceWarning: Regressors in active set degenerate. Dropping a regressor, after 341 iterations, i.e. alpha=8.004e+04, with an active set of 268 regressors, and the smallest cholesky pivot element being 2.581e-08. Reduce max_iter or increase eps parameters.
  warnings.warn(

2026-03-08 19:46:39,789:WARNING:/Users/lisanguyen/Documents/MLOps-project/.venv/lib/python3.10/site-packages/sklearn/linear_model/_least_angle.py:688: ConvergenceWarning: Regressors in active set degenerate. Dropping a regressor, after 359 iterations, i.e. alpha=2.377e+09, with an active set of 274 regressors, and the smallest cholesky pivot element being 2.220e-16. Reduce max_iter or increase eps parameters.
  warnings.warn(

2026-03-08 19:46:39,790:WARNING:/Users/lisanguyen/Documents/MLOps-project/.venv/lib/python3.10/site-packages/sklearn/linear_model/_least_angle.py:688: ConvergenceWarning: Regressors in active set degenerate. Dropping a regressor, after 338 iterations, i.e. alpha=8.663e+03, with an active set of 272 regressors, and the smallest cholesky pivot element being 5.576e-08. Reduce max_iter or increase eps parameters.
  warnings.warn(

2026-03-08 19:46:39,790:WARNING:/Users/lisanguyen/Documents/MLOps-project/.venv/lib/python3.10/site-packages/sklearn/linear_model/_least_angle.py:688: ConvergenceWarning: Regressors in active set degenerate. Dropping a regressor, after 338 iterations, i.e. alpha=7.571e+03, with an active set of 272 regressors, and the smallest cholesky pivot element being 2.220e-16. Reduce max_iter or increase eps parameters.
  warnings.warn(

2026-03-08 19:46:39,790:WARNING:/Users/lisanguyen/Documents/MLOps-project/.venv/lib/python3.10/site-packages/sklearn/linear_model/_least_angle.py:688: ConvergenceWarning: Regressors in active set degenerate. Dropping a regressor, after 338 iterations, i.e. alpha=7.441e+03, with an active set of 272 regressors, and the smallest cholesky pivot element being 1.825e-08. Reduce max_iter or increase eps parameters.
  warnings.warn(

2026-03-08 19:46:39,794:WARNING:/Users/lisanguyen/Documents/MLOps-project/.venv/lib/python3.10/site-packages/sklearn/linear_model/_least_angle.py:688: ConvergenceWarning: Regressors in active set degenerate. Dropping a regressor, after 338 iterations, i.e. alpha=5.348e+04, with an active set of 262 regressors, and the smallest cholesky pivot element being 1.490e-08. Reduce max_iter or increase eps parameters.
  warnings.warn(

2026-03-08 19:46:39,795:WARNING:/Users/lisanguyen/Documents/MLOps-project/.venv/lib/python3.10/site-packages/sklearn/linear_model/_least_angle.py:688: ConvergenceWarning: Regressors in active set degenerate. Dropping a regressor, after 351 iterations, i.e. alpha=3.817e+05, with an active set of 272 regressors, and the smallest cholesky pivot element being 2.220e-16. Reduce max_iter or increase eps parameters.
  warnings.warn(

2026-03-08 19:46:39,795:WARNING:/Users/lisanguyen/Documents/MLOps-project/.venv/lib/python3.10/site-packages/sklearn/linear_model/_least_angle.py:688: ConvergenceWarning: Regressors in active set degenerate. Dropping a regressor, after 351 iterations, i.e. alpha=6.194e+04, with an active set of 272 regressors, and the smallest cholesky pivot element being 1.490e-08. Reduce max_iter or increase eps parameters.
  warnings.warn(

2026-03-08 19:46:39,799:WARNING:/Users/lisanguyen/Documents/MLOps-project/.venv/lib/python3.10/site-packages/sklearn/linear_model/_least_angle.py:812: RuntimeWarning: overflow encountered in add
  coef[active] = prev_coef[active] + gamma_ * least_squares

2026-03-08 19:46:39,804:WARNING:/Users/lisanguyen/Documents/MLOps-project/.venv/lib/python3.10/site-packages/sklearn/linear_model/_least_angle.py:688: ConvergenceWarning: Regressors in active set degenerate. Dropping a regressor, after 481 iterations, i.e. alpha=5.145e+302, with an active set of 269 regressors, and the smallest cholesky pivot element being 1.490e-08. Reduce max_iter or increase eps parameters.
  warnings.warn(

2026-03-08 19:46:39,805:WARNING:/Users/lisanguyen/Documents/MLOps-project/.venv/lib/python3.10/site-packages/sklearn/linear_model/_least_angle.py:688: ConvergenceWarning: Regressors in active set degenerate. Dropping a regressor, after 246 iterations, i.e. alpha=4.103e+04, with an active set of 187 regressors, and the smallest cholesky pivot element being 2.220e-16. Reduce max_iter or increase eps parameters.
  warnings.warn(

2026-03-08 19:46:39,806:WARNING:/Users/lisanguyen/Documents/MLOps-project/.venv/lib/python3.10/site-packages/sklearn/linear_model/_least_angle.py:688: ConvergenceWarning: Regressors in active set degenerate. Dropping a regressor, after 483 iterations, i.e. alpha=5.010e+302, with an active set of 270 regressors, and the smallest cholesky pivot element being 1.490e-08. Reduce max_iter or increase eps parameters.
  warnings.warn(

2026-03-08 19:46:39,825:WARNING:/Users/lisanguyen/Documents/MLOps-project/.venv/lib/python3.10/site-packages/sklearn/linear_model/_least_angle.py:688: ConvergenceWarning: Regressors in active set degenerate. Dropping a regressor, after 340 iterations, i.e. alpha=4.002e+05, with an active set of 260 regressors, and the smallest cholesky pivot element being 1.490e-08. Reduce max_iter or increase eps parameters.
  warnings.warn(

2026-03-08 19:46:39,827:WARNING:/Users/lisanguyen/Documents/MLOps-project/.venv/lib/python3.10/site-packages/sklearn/linear_model/_least_angle.py:688: ConvergenceWarning: Regressors in active set degenerate. Dropping a regressor, after 355 iterations, i.e. alpha=5.939e+05, with an active set of 271 regressors, and the smallest cholesky pivot element being 2.220e-16. Reduce max_iter or increase eps parameters.
  warnings.warn(

2026-03-08 19:46:39,827:WARNING:/Users/lisanguyen/Documents/MLOps-project/.venv/lib/python3.10/site-packages/sklearn/linear_model/_least_angle.py:688: ConvergenceWarning: Regressors in active set degenerate. Dropping a regressor, after 355 iterations, i.e. alpha=4.932e+05, with an active set of 271 regressors, and the smallest cholesky pivot element being 1.490e-08. Reduce max_iter or increase eps parameters.
  warnings.warn(

2026-03-08 19:46:39,832:WARNING:/Users/lisanguyen/Documents/MLOps-project/.venv/lib/python3.10/site-packages/sklearn/linear_model/_least_angle.py:688: ConvergenceWarning: Regressors in active set degenerate. Dropping a regressor, after 230 iterations, i.e. alpha=7.580e+03, with an active set of 176 regressors, and the smallest cholesky pivot element being 2.980e-08. Reduce max_iter or increase eps parameters.
  warnings.warn(

2026-03-08 19:46:39,849:WARNING:/Users/lisanguyen/Documents/MLOps-project/.venv/lib/python3.10/site-packages/sklearn/linear_model/_least_angle.py:688: ConvergenceWarning: Regressors in active set degenerate. Dropping a regressor, after 342 iterations, i.e. alpha=3.976e+04, with an active set of 263 regressors, and the smallest cholesky pivot element being 2.107e-08. Reduce max_iter or increase eps parameters.
  warnings.warn(

2026-03-08 19:46:39,850:WARNING:/Users/lisanguyen/Documents/MLOps-project/.venv/lib/python3.10/site-packages/sklearn/linear_model/_least_angle.py:688: ConvergenceWarning: Regressors in active set degenerate. Dropping a regressor, after 283 iterations, i.e. alpha=9.925e+02, with an active set of 232 regressors, and the smallest cholesky pivot element being 1.054e-08. Reduce max_iter or increase eps parameters.
  warnings.warn(

2026-03-08 19:46:39,854:WARNING:/Users/lisanguyen/Documents/MLOps-project/.venv/lib/python3.10/site-packages/sklearn/linear_model/_least_angle.py:688: ConvergenceWarning: Regressors in active set degenerate. Dropping a regressor, after 354 iterations, i.e. alpha=1.701e+06, with an active set of 272 regressors, and the smallest cholesky pivot element being 2.980e-08. Reduce max_iter or increase eps parameters.
  warnings.warn(

2026-03-08 19:46:39,854:WARNING:/Users/lisanguyen/Documents/MLOps-project/.venv/lib/python3.10/site-packages/sklearn/linear_model/_least_angle.py:688: ConvergenceWarning: Regressors in active set degenerate. Dropping a regressor, after 354 iterations, i.e. alpha=5.384e+05, with an active set of 272 regressors, and the smallest cholesky pivot element being 2.581e-08. Reduce max_iter or increase eps parameters.
  warnings.warn(

2026-03-08 19:46:39,854:WARNING:/Users/lisanguyen/Documents/MLOps-project/.venv/lib/python3.10/site-packages/sklearn/linear_model/_least_angle.py:688: ConvergenceWarning: Regressors in active set degenerate. Dropping a regressor, after 354 iterations, i.e. alpha=5.100e+05, with an active set of 272 regressors, and the smallest cholesky pivot element being 2.581e-08. Reduce max_iter or increase eps parameters.
  warnings.warn(

2026-03-08 19:46:39,857:WARNING:/Users/lisanguyen/Documents/MLOps-project/.venv/lib/python3.10/site-packages/sklearn/linear_model/_least_angle.py:688: ConvergenceWarning: Regressors in active set degenerate. Dropping a regressor, after 348 iterations, i.e. alpha=1.157e+06, with an active set of 271 regressors, and the smallest cholesky pivot element being 1.490e-08. Reduce max_iter or increase eps parameters.
  warnings.warn(

2026-03-08 19:46:39,857:WARNING:/Users/lisanguyen/Documents/MLOps-project/.venv/lib/python3.10/site-packages/sklearn/linear_model/_least_angle.py:688: ConvergenceWarning: Regressors in active set degenerate. Dropping a regressor, after 348 iterations, i.e. alpha=1.142e+06, with an active set of 271 regressors, and the smallest cholesky pivot element being 1.490e-08. Reduce max_iter or increase eps parameters.
  warnings.warn(

2026-03-08 19:46:39,857:WARNING:/Users/lisanguyen/Documents/MLOps-project/.venv/lib/python3.10/site-packages/sklearn/linear_model/_least_angle.py:688: ConvergenceWarning: Regressors in active set degenerate. Dropping a regressor, after 348 iterations, i.e. alpha=2.506e+05, with an active set of 271 regressors, and the smallest cholesky pivot element being 1.054e-08. Reduce max_iter or increase eps parameters.
  warnings.warn(

2026-03-08 19:46:39,886:WARNING:/Users/lisanguyen/Documents/MLOps-project/.venv/lib/python3.10/site-packages/sklearn/utils/extmath.py:208: RuntimeWarning: invalid value encountered in matmul
  ret = a @ b

2026-03-08 19:46:39,889:WARNING:/Users/lisanguyen/Documents/MLOps-project/.venv/lib/python3.10/site-packages/pycaret/internal/metrics.py:204: FitFailedWarning: Metric 'make_scorer(root_mean_squared_log_error, greater_is_better=False, response_method='predict')' failed and error score 0.0 has been returned instead. If this is a custom metric, this usually means that the error is in the metric code. Full exception below:
Traceback (most recent call last):
  File "/Users/lisanguyen/Documents/MLOps-project/.venv/lib/python3.10/site-packages/pycaret/internal/metrics.py", line 196, in _score
    return super()._score(
  File "/Users/lisanguyen/Documents/MLOps-project/.venv/lib/python3.10/site-packages/sklearn/metrics/_scorer.py", line 350, in _score
    return self._sign * self._score_func(y_true, y_pred, **scoring_kwargs)
  File "/Users/lisanguyen/Documents/MLOps-project/.venv/lib/python3.10/site-packages/pycaret/containers/metrics/regression.py", line 209, in root_mean_squared_log_error
    metrics.mean_squared_log_error(
  File "/Users/lisanguyen/Documents/MLOps-project/.venv/lib/python3.10/site-packages/sklearn/utils/_param_validation.py", line 213, in wrapper
    return func(*args, **kwargs)
  File "/Users/lisanguyen/Documents/MLOps-project/.venv/lib/python3.10/site-packages/sklearn/metrics/_regression.py", line 680, in mean_squared_log_error
    y_type, y_true, y_pred, multioutput = _check_reg_targets(
  File "/Users/lisanguyen/Documents/MLOps-project/.venv/lib/python3.10/site-packages/sklearn/metrics/_regression.py", line 104, in _check_reg_targets
    y_pred = check_array(y_pred, ensure_2d=False, dtype=dtype)
  File "/Users/lisanguyen/Documents/MLOps-project/.venv/lib/python3.10/site-packages/sklearn/utils/validation.py", line 1049, in check_array
    _assert_all_finite(
  File "/Users/lisanguyen/Documents/MLOps-project/.venv/lib/python3.10/site-packages/sklearn/utils/validation.py", line 126, in _assert_all_finite
    _assert_all_finite_element_wise(
  File "/Users/lisanguyen/Documents/MLOps-project/.venv/lib/python3.10/site-packages/sklearn/utils/validation.py", line 175, in _assert_all_finite_element_wise
    raise ValueError(msg_err)
ValueError: Input contains NaN.

  warnings.warn(

2026-03-08 19:46:39,889:WARNING:/Users/lisanguyen/Documents/MLOps-project/.venv/lib/python3.10/site-packages/pycaret/internal/metrics.py:204: FitFailedWarning: Metric 'make_scorer(mean_absolute_percentage_error, greater_is_better=False, response_method='predict')' failed and error score 0.0 has been returned instead. If this is a custom metric, this usually means that the error is in the metric code. Full exception below:
Traceback (most recent call last):
  File "/Users/lisanguyen/Documents/MLOps-project/.venv/lib/python3.10/site-packages/pycaret/internal/metrics.py", line 196, in _score
    return super()._score(
  File "/Users/lisanguyen/Documents/MLOps-project/.venv/lib/python3.10/site-packages/sklearn/metrics/_scorer.py", line 350, in _score
    return self._sign * self._score_func(y_true, y_pred, **scoring_kwargs)
  File "/Users/lisanguyen/Documents/MLOps-project/.venv/lib/python3.10/site-packages/pycaret/containers/metrics/regression.py", line 233, in mean_absolute_percentage_error
    y_type, y_true, y_pred, multioutput = _check_reg_targets(
  File "/Users/lisanguyen/Documents/MLOps-project/.venv/lib/python3.10/site-packages/sklearn/metrics/_regression.py", line 104, in _check_reg_targets
    y_pred = check_array(y_pred, ensure_2d=False, dtype=dtype)
  File "/Users/lisanguyen/Documents/MLOps-project/.venv/lib/python3.10/site-packages/sklearn/utils/validation.py", line 1049, in check_array
    _assert_all_finite(
  File "/Users/lisanguyen/Documents/MLOps-project/.venv/lib/python3.10/site-packages/sklearn/utils/validation.py", line 126, in _assert_all_finite
    _assert_all_finite_element_wise(
  File "/Users/lisanguyen/Documents/MLOps-project/.venv/lib/python3.10/site-packages/sklearn/utils/validation.py", line 175, in _assert_all_finite_element_wise
    raise ValueError(msg_err)
ValueError: Input contains NaN.

  warnings.warn(

2026-03-08 19:46:39,890:WARNING:/Users/lisanguyen/Documents/MLOps-project/.venv/lib/python3.10/site-packages/sklearn/model_selection/_validation.py:1011: UserWarning: Scoring failed. The score on this train-test partition for these parameters will be set to 0.0. Details: 
Traceback (most recent call last):
  File "/Users/lisanguyen/Documents/MLOps-project/.venv/lib/python3.10/site-packages/sklearn/metrics/_scorer.py", line 137, in __call__
    score = scorer._score(
  File "/Users/lisanguyen/Documents/MLOps-project/.venv/lib/python3.10/site-packages/sklearn/metrics/_scorer.py", line 350, in _score
    return self._sign * self._score_func(y_true, y_pred, **scoring_kwargs)
  File "/Users/lisanguyen/Documents/MLOps-project/.venv/lib/python3.10/site-packages/sklearn/utils/_param_validation.py", line 213, in wrapper
    return func(*args, **kwargs)
  File "/Users/lisanguyen/Documents/MLOps-project/.venv/lib/python3.10/site-packages/sklearn/metrics/_regression.py", line 207, in mean_absolute_error
    y_type, y_true, y_pred, multioutput = _check_reg_targets(
  File "/Users/lisanguyen/Documents/MLOps-project/.venv/lib/python3.10/site-packages/sklearn/metrics/_regression.py", line 104, in _check_reg_targets
    y_pred = check_array(y_pred, ensure_2d=False, dtype=dtype)
  File "/Users/lisanguyen/Documents/MLOps-project/.venv/lib/python3.10/site-packages/sklearn/utils/validation.py", line 1049, in check_array
    _assert_all_finite(
  File "/Users/lisanguyen/Documents/MLOps-project/.venv/lib/python3.10/site-packages/sklearn/utils/validation.py", line 126, in _assert_all_finite
    _assert_all_finite_element_wise(
  File "/Users/lisanguyen/Documents/MLOps-project/.venv/lib/python3.10/site-packages/sklearn/utils/validation.py", line 175, in _assert_all_finite_element_wise
    raise ValueError(msg_err)
ValueError: Input contains NaN.

  warnings.warn(

2026-03-08 19:46:39,890:WARNING:/Users/lisanguyen/Documents/MLOps-project/.venv/lib/python3.10/site-packages/sklearn/model_selection/_validation.py:1011: UserWarning: Scoring failed. The score on this train-test partition for these parameters will be set to 0.0. Details: 
Traceback (most recent call last):
  File "/Users/lisanguyen/Documents/MLOps-project/.venv/lib/python3.10/site-packages/sklearn/metrics/_scorer.py", line 137, in __call__
    score = scorer._score(
  File "/Users/lisanguyen/Documents/MLOps-project/.venv/lib/python3.10/site-packages/sklearn/metrics/_scorer.py", line 350, in _score
    return self._sign * self._score_func(y_true, y_pred, **scoring_kwargs)
  File "/Users/lisanguyen/Documents/MLOps-project/.venv/lib/python3.10/site-packages/sklearn/utils/_param_validation.py", line 213, in wrapper
    return func(*args, **kwargs)
  File "/Users/lisanguyen/Documents/MLOps-project/.venv/lib/python3.10/site-packages/sklearn/metrics/_regression.py", line 497, in mean_squared_error
    y_type, y_true, y_pred, multioutput = _check_reg_targets(
  File "/Users/lisanguyen/Documents/MLOps-project/.venv/lib/python3.10/site-packages/sklearn/metrics/_regression.py", line 104, in _check_reg_targets
    y_pred = check_array(y_pred, ensure_2d=False, dtype=dtype)
  File "/Users/lisanguyen/Documents/MLOps-project/.venv/lib/python3.10/site-packages/sklearn/utils/validation.py", line 1049, in check_array
    _assert_all_finite(
  File "/Users/lisanguyen/Documents/MLOps-project/.venv/lib/python3.10/site-packages/sklearn/utils/validation.py", line 126, in _assert_all_finite
    _assert_all_finite_element_wise(
  File "/Users/lisanguyen/Documents/MLOps-project/.venv/lib/python3.10/site-packages/sklearn/utils/validation.py", line 175, in _assert_all_finite_element_wise
    raise ValueError(msg_err)
ValueError: Input contains NaN.

  warnings.warn(

2026-03-08 19:46:39,890:WARNING:/Users/lisanguyen/Documents/MLOps-project/.venv/lib/python3.10/site-packages/sklearn/model_selection/_validation.py:1011: UserWarning: Scoring failed. The score on this train-test partition for these parameters will be set to 0.0. Details: 
Traceback (most recent call last):
  File "/Users/lisanguyen/Documents/MLOps-project/.venv/lib/python3.10/site-packages/sklearn/metrics/_scorer.py", line 137, in __call__
    score = scorer._score(
  File "/Users/lisanguyen/Documents/MLOps-project/.venv/lib/python3.10/site-packages/sklearn/metrics/_scorer.py", line 350, in _score
    return self._sign * self._score_func(y_true, y_pred, **scoring_kwargs)
  File "/Users/lisanguyen/Documents/MLOps-project/.venv/lib/python3.10/site-packages/sklearn/utils/_param_validation.py", line 213, in wrapper
    return func(*args, **kwargs)
  File "/Users/lisanguyen/Documents/MLOps-project/.venv/lib/python3.10/site-packages/sklearn/metrics/_regression.py", line 572, in root_mean_squared_error
    mean_squared_error(
  File "/Users/lisanguyen/Documents/MLOps-project/.venv/lib/python3.10/site-packages/sklearn/utils/_param_validation.py", line 186, in wrapper
    return func(*args, **kwargs)
  File "/Users/lisanguyen/Documents/MLOps-project/.venv/lib/python3.10/site-packages/sklearn/metrics/_regression.py", line 497, in mean_squared_error
    y_type, y_true, y_pred, multioutput = _check_reg_targets(
  File "/Users/lisanguyen/Documents/MLOps-project/.venv/lib/python3.10/site-packages/sklearn/metrics/_regression.py", line 104, in _check_reg_targets
    y_pred = check_array(y_pred, ensure_2d=False, dtype=dtype)
  File "/Users/lisanguyen/Documents/MLOps-project/.venv/lib/python3.10/site-packages/sklearn/utils/validation.py", line 1049, in check_array
    _assert_all_finite(
  File "/Users/lisanguyen/Documents/MLOps-project/.venv/lib/python3.10/site-packages/sklearn/utils/validation.py", line 126, in _assert_all_finite
    _assert_all_finite_element_wise(
  File "/Users/lisanguyen/Documents/MLOps-project/.venv/lib/python3.10/site-packages/sklearn/utils/validation.py", line 175, in _assert_all_finite_element_wise
    raise ValueError(msg_err)
ValueError: Input contains NaN.

  warnings.warn(

2026-03-08 19:46:39,890:WARNING:/Users/lisanguyen/Documents/MLOps-project/.venv/lib/python3.10/site-packages/sklearn/model_selection/_validation.py:1011: UserWarning: Scoring failed. The score on this train-test partition for these parameters will be set to 0.0. Details: 
Traceback (most recent call last):
  File "/Users/lisanguyen/Documents/MLOps-project/.venv/lib/python3.10/site-packages/sklearn/metrics/_scorer.py", line 137, in __call__
    score = scorer._score(
  File "/Users/lisanguyen/Documents/MLOps-project/.venv/lib/python3.10/site-packages/sklearn/metrics/_scorer.py", line 350, in _score
    return self._sign * self._score_func(y_true, y_pred, **scoring_kwargs)
  File "/Users/lisanguyen/Documents/MLOps-project/.venv/lib/python3.10/site-packages/sklearn/utils/_param_validation.py", line 213, in wrapper
    return func(*args, **kwargs)
  File "/Users/lisanguyen/Documents/MLOps-project/.venv/lib/python3.10/site-packages/sklearn/metrics/_regression.py", line 1180, in r2_score
    y_type, y_true, y_pred, multioutput = _check_reg_targets(
  File "/Users/lisanguyen/Documents/MLOps-project/.venv/lib/python3.10/site-packages/sklearn/metrics/_regression.py", line 104, in _check_reg_targets
    y_pred = check_array(y_pred, ensure_2d=False, dtype=dtype)
  File "/Users/lisanguyen/Documents/MLOps-project/.venv/lib/python3.10/site-packages/sklearn/utils/validation.py", line 1049, in check_array
    _assert_all_finite(
  File "/Users/lisanguyen/Documents/MLOps-project/.venv/lib/python3.10/site-packages/sklearn/utils/validation.py", line 126, in _assert_all_finite
    _assert_all_finite_element_wise(
  File "/Users/lisanguyen/Documents/MLOps-project/.venv/lib/python3.10/site-packages/sklearn/utils/validation.py", line 175, in _assert_all_finite_element_wise
    raise ValueError(msg_err)
ValueError: Input contains NaN.

  warnings.warn(

2026-03-08 19:46:39,913:INFO:Calculating mean and std
2026-03-08 19:46:39,913:INFO:Creating metrics dataframe
2026-03-08 19:46:39,914:INFO:Uploading results into container
2026-03-08 19:46:39,914:INFO:Uploading model into container now
2026-03-08 19:46:39,915:INFO:_master_model_container: 5
2026-03-08 19:46:39,915:INFO:_display_container: 2
2026-03-08 19:46:39,915:INFO:Lars(random_state=7393)
2026-03-08 19:46:39,915:INFO:create_model() successfully completed......................................
2026-03-08 19:46:39,953:INFO:SubProcess create_model() end ==================================
2026-03-08 19:46:39,953:INFO:Creating metrics dataframe
2026-03-08 19:46:39,954:INFO:Initializing Lasso Least Angle Regression
2026-03-08 19:46:39,954:INFO:Total runtime is 0.10214935143788657 minutes
2026-03-08 19:46:39,954:INFO:SubProcess create_model() called ==================================
2026-03-08 19:46:39,954:INFO:Initializing create_model()
2026-03-08 19:46:39,954:INFO:create_model(self=<pycaret.regression.oop.RegressionExperiment object at 0x12777f550>, estimator=llar, fold=KFold(n_splits=10, random_state=None, shuffle=False), round=4, cross_validation=True, predict=True, fit_kwargs={}, groups=None, refit=False, probability_threshold=None, experiment_custom_tags=None, verbose=False, system=False, add_to_model_list=True, metrics=None, display=<pycaret.internal.display.display.CommonDisplay object at 0x29a0c5ed0>, model_only=True, return_train_score=False, error_score=0.0, kwargs={})
2026-03-08 19:46:39,955:INFO:Checking exceptions
2026-03-08 19:46:39,955:INFO:Importing libraries
2026-03-08 19:46:39,955:INFO:Copying training dataset
2026-03-08 19:46:39,959:INFO:Defining folds
2026-03-08 19:46:39,959:INFO:Declaring metric variables
2026-03-08 19:46:39,959:INFO:Importing untrained model
2026-03-08 19:46:39,959:INFO:Lasso Least Angle Regression Imported successfully
2026-03-08 19:46:39,959:INFO:Starting cross validation
2026-03-08 19:46:39,962:INFO:Cross validating with KFold(n_splits=10, random_state=None, shuffle=False), n_jobs=-1
2026-03-08 19:46:40,266:WARNING:/Users/lisanguyen/Documents/MLOps-project/.venv/lib/python3.10/site-packages/sklearn/linear_model/_least_angle.py:718: ConvergenceWarning: Early stopping the lars path, as the residues are small and the current value of alpha is no longer well controlled. 105 iterations, alpha=8.973e+02, previous alpha=2.993e+02, with an active set of 76 regressors.
  warnings.warn(

2026-03-08 19:46:40,290:WARNING:/Users/lisanguyen/Documents/MLOps-project/.venv/lib/python3.10/site-packages/sklearn/linear_model/_least_angle.py:718: ConvergenceWarning: Early stopping the lars path, as the residues are small and the current value of alpha is no longer well controlled. 83 iterations, alpha=1.153e+03, previous alpha=3.847e+02, with an active set of 64 regressors.
  warnings.warn(

2026-03-08 19:46:40,296:WARNING:/Users/lisanguyen/Documents/MLOps-project/.venv/lib/python3.10/site-packages/sklearn/linear_model/_least_angle.py:688: ConvergenceWarning: Regressors in active set degenerate. Dropping a regressor, after 95 iterations, i.e. alpha=3.205e+02, with an active set of 73 regressors, and the smallest cholesky pivot element being 1.490e-08. Reduce max_iter or increase eps parameters.
  warnings.warn(

2026-03-08 19:46:40,302:WARNING:/Users/lisanguyen/Documents/MLOps-project/.venv/lib/python3.10/site-packages/sklearn/linear_model/_least_angle.py:718: ConvergenceWarning: Early stopping the lars path, as the residues are small and the current value of alpha is no longer well controlled. 139 iterations, alpha=1.557e+02, previous alpha=1.549e+02, with an active set of 96 regressors.
  warnings.warn(

2026-03-08 19:46:40,307:WARNING:/Users/lisanguyen/Documents/MLOps-project/.venv/lib/python3.10/site-packages/sklearn/linear_model/_least_angle.py:688: ConvergenceWarning: Regressors in active set degenerate. Dropping a regressor, after 146 iterations, i.e. alpha=7.931e+01, with an active set of 126 regressors, and the smallest cholesky pivot element being 2.980e-08. Reduce max_iter or increase eps parameters.
  warnings.warn(

2026-03-08 19:46:40,310:WARNING:/Users/lisanguyen/Documents/MLOps-project/.venv/lib/python3.10/site-packages/sklearn/linear_model/_least_angle.py:688: ConvergenceWarning: Regressors in active set degenerate. Dropping a regressor, after 168 iterations, i.e. alpha=5.950e+01, with an active set of 146 regressors, and the smallest cholesky pivot element being 3.332e-08. Reduce max_iter or increase eps parameters.
  warnings.warn(

2026-03-08 19:46:40,312:WARNING:/Users/lisanguyen/Documents/MLOps-project/.venv/lib/python3.10/site-packages/sklearn/linear_model/_least_angle.py:688: ConvergenceWarning: Regressors in active set degenerate. Dropping a regressor, after 171 iterations, i.e. alpha=5.884e+01, with an active set of 149 regressors, and the smallest cholesky pivot element being 3.332e-08. Reduce max_iter or increase eps parameters.
  warnings.warn(

2026-03-08 19:46:40,315:WARNING:/Users/lisanguyen/Documents/MLOps-project/.venv/lib/python3.10/site-packages/sklearn/linear_model/_least_angle.py:718: ConvergenceWarning: Early stopping the lars path, as the residues are small and the current value of alpha is no longer well controlled. 180 iterations, alpha=4.921e+01, previous alpha=4.921e+01, with an active set of 155 regressors.
  warnings.warn(

2026-03-08 19:46:40,319:WARNING:/Users/lisanguyen/Documents/MLOps-project/.venv/lib/python3.10/site-packages/sklearn/linear_model/_least_angle.py:718: ConvergenceWarning: Early stopping the lars path, as the residues are small and the current value of alpha is no longer well controlled. 121 iterations, alpha=6.113e+02, previous alpha=2.039e+02, with an active set of 86 regressors.
  warnings.warn(

2026-03-08 19:46:40,331:WARNING:/Users/lisanguyen/Documents/MLOps-project/.venv/lib/python3.10/site-packages/sklearn/linear_model/_least_angle.py:718: ConvergenceWarning: Early stopping the lars path, as the residues are small and the current value of alpha is no longer well controlled. 99 iterations, alpha=8.175e+02, previous alpha=2.728e+02, with an active set of 76 regressors.
  warnings.warn(

2026-03-08 19:46:40,333:WARNING:/Users/lisanguyen/Documents/MLOps-project/.venv/lib/python3.10/site-packages/sklearn/linear_model/_least_angle.py:718: ConvergenceWarning: Early stopping the lars path, as the residues are small and the current value of alpha is no longer well controlled. 104 iterations, alpha=7.879e+02, previous alpha=2.629e+02, with an active set of 79 regressors.
  warnings.warn(

2026-03-08 19:46:40,348:WARNING:/Users/lisanguyen/Documents/MLOps-project/.venv/lib/python3.10/site-packages/sklearn/linear_model/_least_angle.py:688: ConvergenceWarning: Regressors in active set degenerate. Dropping a regressor, after 194 iterations, i.e. alpha=3.702e+01, with an active set of 156 regressors, and the smallest cholesky pivot element being 1.490e-08. Reduce max_iter or increase eps parameters.
  warnings.warn(

2026-03-08 19:46:40,350:WARNING:/Users/lisanguyen/Documents/MLOps-project/.venv/lib/python3.10/site-packages/sklearn/linear_model/_least_angle.py:688: ConvergenceWarning: Regressors in active set degenerate. Dropping a regressor, after 236 iterations, i.e. alpha=2.607e+01, with an active set of 166 regressors, and the smallest cholesky pivot element being 1.825e-08. Reduce max_iter or increase eps parameters.
  warnings.warn(

2026-03-08 19:46:40,350:WARNING:/Users/lisanguyen/Documents/MLOps-project/.venv/lib/python3.10/site-packages/sklearn/linear_model/_least_angle.py:688: ConvergenceWarning: Regressors in active set degenerate. Dropping a regressor, after 236 iterations, i.e. alpha=2.607e+01, with an active set of 166 regressors, and the smallest cholesky pivot element being 2.107e-08. Reduce max_iter or increase eps parameters.
  warnings.warn(

2026-03-08 19:46:40,352:WARNING:/Users/lisanguyen/Documents/MLOps-project/.venv/lib/python3.10/site-packages/sklearn/linear_model/_least_angle.py:688: ConvergenceWarning: Regressors in active set degenerate. Dropping a regressor, after 243 iterations, i.e. alpha=2.277e+01, with an active set of 173 regressors, and the smallest cholesky pivot element being 1.054e-08. Reduce max_iter or increase eps parameters.
  warnings.warn(

2026-03-08 19:46:40,355:WARNING:/Users/lisanguyen/Documents/MLOps-project/.venv/lib/python3.10/site-packages/sklearn/linear_model/_least_angle.py:688: ConvergenceWarning: Regressors in active set degenerate. Dropping a regressor, after 261 iterations, i.e. alpha=1.746e+01, with an active set of 187 regressors, and the smallest cholesky pivot element being 2.220e-16. Reduce max_iter or increase eps parameters.
  warnings.warn(

2026-03-08 19:46:40,355:WARNING:/Users/lisanguyen/Documents/MLOps-project/.venv/lib/python3.10/site-packages/sklearn/linear_model/_least_angle.py:688: ConvergenceWarning: Regressors in active set degenerate. Dropping a regressor, after 261 iterations, i.e. alpha=1.746e+01, with an active set of 187 regressors, and the smallest cholesky pivot element being 1.054e-08. Reduce max_iter or increase eps parameters.
  warnings.warn(

2026-03-08 19:46:40,355:WARNING:/Users/lisanguyen/Documents/MLOps-project/.venv/lib/python3.10/site-packages/sklearn/linear_model/_least_angle.py:688: ConvergenceWarning: Regressors in active set degenerate. Dropping a regressor, after 237 iterations, i.e. alpha=1.785e+01, with an active set of 187 regressors, and the smallest cholesky pivot element being 5.960e-08. Reduce max_iter or increase eps parameters.
  warnings.warn(

2026-03-08 19:46:40,358:WARNING:/Users/lisanguyen/Documents/MLOps-project/.venv/lib/python3.10/site-packages/sklearn/linear_model/_least_angle.py:688: ConvergenceWarning: Regressors in active set degenerate. Dropping a regressor, after 250 iterations, i.e. alpha=1.202e+01, with an active set of 200 regressors, and the smallest cholesky pivot element being 2.107e-08. Reduce max_iter or increase eps parameters.
  warnings.warn(

2026-03-08 19:46:40,360:WARNING:/Users/lisanguyen/Documents/MLOps-project/.venv/lib/python3.10/site-packages/sklearn/linear_model/_least_angle.py:688: ConvergenceWarning: Regressors in active set degenerate. Dropping a regressor, after 257 iterations, i.e. alpha=1.098e+01, with an active set of 203 regressors, and the smallest cholesky pivot element being 1.490e-08. Reduce max_iter or increase eps parameters.
  warnings.warn(

2026-03-08 19:46:40,360:WARNING:/Users/lisanguyen/Documents/MLOps-project/.venv/lib/python3.10/site-packages/sklearn/linear_model/_least_angle.py:688: ConvergenceWarning: Regressors in active set degenerate. Dropping a regressor, after 274 iterations, i.e. alpha=1.440e+01, with an active set of 192 regressors, and the smallest cholesky pivot element being 2.107e-08. Reduce max_iter or increase eps parameters.
  warnings.warn(

2026-03-08 19:46:40,360:WARNING:/Users/lisanguyen/Documents/MLOps-project/.venv/lib/python3.10/site-packages/sklearn/linear_model/_least_angle.py:688: ConvergenceWarning: Regressors in active set degenerate. Dropping a regressor, after 264 iterations, i.e. alpha=8.714e+00, with an active set of 210 regressors, and the smallest cholesky pivot element being 1.054e-08. Reduce max_iter or increase eps parameters.
  warnings.warn(

2026-03-08 19:46:40,362:WARNING:/Users/lisanguyen/Documents/MLOps-project/.venv/lib/python3.10/site-packages/sklearn/linear_model/_least_angle.py:688: ConvergenceWarning: Regressors in active set degenerate. Dropping a regressor, after 279 iterations, i.e. alpha=1.303e+01, with an active set of 195 regressors, and the smallest cholesky pivot element being 1.490e-08. Reduce max_iter or increase eps parameters.
  warnings.warn(

2026-03-08 19:46:40,364:WARNING:/Users/lisanguyen/Documents/MLOps-project/.venv/lib/python3.10/site-packages/sklearn/linear_model/_least_angle.py:688: ConvergenceWarning: Regressors in active set degenerate. Dropping a regressor, after 283 iterations, i.e. alpha=4.357e+00, with an active set of 219 regressors, and the smallest cholesky pivot element being 2.220e-16. Reduce max_iter or increase eps parameters.
  warnings.warn(

2026-03-08 19:46:40,364:WARNING:/Users/lisanguyen/Documents/MLOps-project/.venv/lib/python3.10/site-packages/sklearn/linear_model/_least_angle.py:688: ConvergenceWarning: Regressors in active set degenerate. Dropping a regressor, after 289 iterations, i.e. alpha=1.140e+01, with an active set of 197 regressors, and the smallest cholesky pivot element being 1.054e-08. Reduce max_iter or increase eps parameters.
  warnings.warn(

2026-03-08 19:46:40,364:WARNING:/Users/lisanguyen/Documents/MLOps-project/.venv/lib/python3.10/site-packages/sklearn/linear_model/_least_angle.py:688: ConvergenceWarning: Regressors in active set degenerate. Dropping a regressor, after 287 iterations, i.e. alpha=3.713e+00, with an active set of 223 regressors, and the smallest cholesky pivot element being 2.220e-16. Reduce max_iter or increase eps parameters.
  warnings.warn(

2026-03-08 19:46:40,364:WARNING:/Users/lisanguyen/Documents/MLOps-project/.venv/lib/python3.10/site-packages/sklearn/linear_model/_least_angle.py:688: ConvergenceWarning: Regressors in active set degenerate. Dropping a regressor, after 291 iterations, i.e. alpha=1.128e+01, with an active set of 199 regressors, and the smallest cholesky pivot element being 1.054e-08. Reduce max_iter or increase eps parameters.
  warnings.warn(

2026-03-08 19:46:40,365:WARNING:/Users/lisanguyen/Documents/MLOps-project/.venv/lib/python3.10/site-packages/sklearn/linear_model/_least_angle.py:688: ConvergenceWarning: Regressors in active set degenerate. Dropping a regressor, after 293 iterations, i.e. alpha=1.118e+01, with an active set of 201 regressors, and the smallest cholesky pivot element being 1.054e-08. Reduce max_iter or increase eps parameters.
  warnings.warn(

2026-03-08 19:46:40,365:WARNING:/Users/lisanguyen/Documents/MLOps-project/.venv/lib/python3.10/site-packages/sklearn/linear_model/_least_angle.py:718: ConvergenceWarning: Early stopping the lars path, as the residues are small and the current value of alpha is no longer well controlled. 296 iterations, alpha=1.106e+01, previous alpha=1.106e+01, with an active set of 203 regressors.
  warnings.warn(

2026-03-08 19:46:40,366:WARNING:/Users/lisanguyen/Documents/MLOps-project/.venv/lib/python3.10/site-packages/sklearn/linear_model/_least_angle.py:718: ConvergenceWarning: Early stopping the lars path, as the residues are small and the current value of alpha is no longer well controlled. 290 iterations, alpha=3.556e+00, previous alpha=3.556e+00, with an active set of 225 regressors.
  warnings.warn(

2026-03-08 19:46:40,367:WARNING:/Users/lisanguyen/Documents/MLOps-project/.venv/lib/python3.10/site-packages/sklearn/linear_model/_least_angle.py:718: ConvergenceWarning: Early stopping the lars path, as the residues are small and the current value of alpha is no longer well controlled. 143 iterations, alpha=1.286e+02, previous alpha=1.286e+02, with an active set of 102 regressors.
  warnings.warn(

2026-03-08 19:46:40,434:INFO:Calculating mean and std
2026-03-08 19:46:40,435:INFO:Creating metrics dataframe
2026-03-08 19:46:40,436:INFO:Uploading results into container
2026-03-08 19:46:40,436:INFO:Uploading model into container now
2026-03-08 19:46:40,436:INFO:_master_model_container: 6
2026-03-08 19:46:40,436:INFO:_display_container: 2
2026-03-08 19:46:40,436:INFO:LassoLars(random_state=7393)
2026-03-08 19:46:40,436:INFO:create_model() successfully completed......................................
2026-03-08 19:46:40,476:INFO:SubProcess create_model() end ==================================
2026-03-08 19:46:40,476:INFO:Creating metrics dataframe
2026-03-08 19:46:40,477:INFO:Initializing Orthogonal Matching Pursuit
2026-03-08 19:46:40,477:INFO:Total runtime is 0.11085783640543621 minutes
2026-03-08 19:46:40,477:INFO:SubProcess create_model() called ==================================
2026-03-08 19:46:40,477:INFO:Initializing create_model()
2026-03-08 19:46:40,477:INFO:create_model(self=<pycaret.regression.oop.RegressionExperiment object at 0x12777f550>, estimator=omp, fold=KFold(n_splits=10, random_state=None, shuffle=False), round=4, cross_validation=True, predict=True, fit_kwargs={}, groups=None, refit=False, probability_threshold=None, experiment_custom_tags=None, verbose=False, system=False, add_to_model_list=True, metrics=None, display=<pycaret.internal.display.display.CommonDisplay object at 0x29a0c5ed0>, model_only=True, return_train_score=False, error_score=0.0, kwargs={})
2026-03-08 19:46:40,477:INFO:Checking exceptions
2026-03-08 19:46:40,477:INFO:Importing libraries
2026-03-08 19:46:40,477:INFO:Copying training dataset
2026-03-08 19:46:40,481:INFO:Defining folds
2026-03-08 19:46:40,481:INFO:Declaring metric variables
2026-03-08 19:46:40,481:INFO:Importing untrained model
2026-03-08 19:46:40,481:INFO:Orthogonal Matching Pursuit Imported successfully
2026-03-08 19:46:40,481:INFO:Starting cross validation
2026-03-08 19:46:40,484:INFO:Cross validating with KFold(n_splits=10, random_state=None, shuffle=False), n_jobs=-1
2026-03-08 19:46:40,923:INFO:Calculating mean and std
2026-03-08 19:46:40,923:INFO:Creating metrics dataframe
2026-03-08 19:46:40,924:INFO:Uploading results into container
2026-03-08 19:46:40,924:INFO:Uploading model into container now
2026-03-08 19:46:40,925:INFO:_master_model_container: 7
2026-03-08 19:46:40,925:INFO:_display_container: 2
2026-03-08 19:46:40,925:INFO:OrthogonalMatchingPursuit()
2026-03-08 19:46:40,925:INFO:create_model() successfully completed......................................
2026-03-08 19:46:40,962:INFO:SubProcess create_model() end ==================================
2026-03-08 19:46:40,962:INFO:Creating metrics dataframe
2026-03-08 19:46:40,963:INFO:Initializing Bayesian Ridge
2026-03-08 19:46:40,963:INFO:Total runtime is 0.11895929972330731 minutes
2026-03-08 19:46:40,963:INFO:SubProcess create_model() called ==================================
2026-03-08 19:46:40,963:INFO:Initializing create_model()
2026-03-08 19:46:40,963:INFO:create_model(self=<pycaret.regression.oop.RegressionExperiment object at 0x12777f550>, estimator=br, fold=KFold(n_splits=10, random_state=None, shuffle=False), round=4, cross_validation=True, predict=True, fit_kwargs={}, groups=None, refit=False, probability_threshold=None, experiment_custom_tags=None, verbose=False, system=False, add_to_model_list=True, metrics=None, display=<pycaret.internal.display.display.CommonDisplay object at 0x29a0c5ed0>, model_only=True, return_train_score=False, error_score=0.0, kwargs={})
2026-03-08 19:46:40,963:INFO:Checking exceptions
2026-03-08 19:46:40,963:INFO:Importing libraries
2026-03-08 19:46:40,963:INFO:Copying training dataset
2026-03-08 19:46:40,968:INFO:Defining folds
2026-03-08 19:46:40,968:INFO:Declaring metric variables
2026-03-08 19:46:40,968:INFO:Importing untrained model
2026-03-08 19:46:40,968:INFO:Bayesian Ridge Imported successfully
2026-03-08 19:46:40,968:INFO:Starting cross validation
2026-03-08 19:46:40,970:INFO:Cross validating with KFold(n_splits=10, random_state=None, shuffle=False), n_jobs=-1
2026-03-08 19:46:41,458:INFO:Calculating mean and std
2026-03-08 19:46:41,458:INFO:Creating metrics dataframe
2026-03-08 19:46:41,459:INFO:Uploading results into container
2026-03-08 19:46:41,459:INFO:Uploading model into container now
2026-03-08 19:46:41,459:INFO:_master_model_container: 8
2026-03-08 19:46:41,459:INFO:_display_container: 2
2026-03-08 19:46:41,459:INFO:BayesianRidge()
2026-03-08 19:46:41,459:INFO:create_model() successfully completed......................................
2026-03-08 19:46:41,496:INFO:SubProcess create_model() end ==================================
2026-03-08 19:46:41,496:INFO:Creating metrics dataframe
2026-03-08 19:46:41,497:INFO:Initializing Passive Aggressive Regressor
2026-03-08 19:46:41,497:INFO:Total runtime is 0.1278639038403829 minutes
2026-03-08 19:46:41,497:INFO:SubProcess create_model() called ==================================
2026-03-08 19:46:41,497:INFO:Initializing create_model()
2026-03-08 19:46:41,497:INFO:create_model(self=<pycaret.regression.oop.RegressionExperiment object at 0x12777f550>, estimator=par, fold=KFold(n_splits=10, random_state=None, shuffle=False), round=4, cross_validation=True, predict=True, fit_kwargs={}, groups=None, refit=False, probability_threshold=None, experiment_custom_tags=None, verbose=False, system=False, add_to_model_list=True, metrics=None, display=<pycaret.internal.display.display.CommonDisplay object at 0x29a0c5ed0>, model_only=True, return_train_score=False, error_score=0.0, kwargs={})
2026-03-08 19:46:41,497:INFO:Checking exceptions
2026-03-08 19:46:41,497:INFO:Importing libraries
2026-03-08 19:46:41,497:INFO:Copying training dataset
2026-03-08 19:46:41,502:INFO:Defining folds
2026-03-08 19:46:41,502:INFO:Declaring metric variables
2026-03-08 19:46:41,502:INFO:Importing untrained model
2026-03-08 19:46:41,502:INFO:Passive Aggressive Regressor Imported successfully
2026-03-08 19:46:41,502:INFO:Starting cross validation
2026-03-08 19:46:41,504:INFO:Cross validating with KFold(n_splits=10, random_state=None, shuffle=False), n_jobs=-1
2026-03-08 19:46:41,973:INFO:Calculating mean and std
2026-03-08 19:46:41,973:INFO:Creating metrics dataframe
2026-03-08 19:46:41,974:INFO:Uploading results into container
2026-03-08 19:46:41,974:INFO:Uploading model into container now
2026-03-08 19:46:41,974:INFO:_master_model_container: 9
2026-03-08 19:46:41,974:INFO:_display_container: 2
2026-03-08 19:46:41,974:INFO:PassiveAggressiveRegressor(random_state=7393)
2026-03-08 19:46:41,974:INFO:create_model() successfully completed......................................
2026-03-08 19:46:42,011:INFO:SubProcess create_model() end ==================================
2026-03-08 19:46:42,011:INFO:Creating metrics dataframe
2026-03-08 19:46:42,012:INFO:Initializing Huber Regressor
2026-03-08 19:46:42,012:INFO:Total runtime is 0.1364456335703532 minutes
2026-03-08 19:46:42,012:INFO:SubProcess create_model() called ==================================
2026-03-08 19:46:42,012:INFO:Initializing create_model()
2026-03-08 19:46:42,012:INFO:create_model(self=<pycaret.regression.oop.RegressionExperiment object at 0x12777f550>, estimator=huber, fold=KFold(n_splits=10, random_state=None, shuffle=False), round=4, cross_validation=True, predict=True, fit_kwargs={}, groups=None, refit=False, probability_threshold=None, experiment_custom_tags=None, verbose=False, system=False, add_to_model_list=True, metrics=None, display=<pycaret.internal.display.display.CommonDisplay object at 0x29a0c5ed0>, model_only=True, return_train_score=False, error_score=0.0, kwargs={})
2026-03-08 19:46:42,012:INFO:Checking exceptions
2026-03-08 19:46:42,012:INFO:Importing libraries
2026-03-08 19:46:42,012:INFO:Copying training dataset
2026-03-08 19:46:42,017:INFO:Defining folds
2026-03-08 19:46:42,017:INFO:Declaring metric variables
2026-03-08 19:46:42,017:INFO:Importing untrained model
2026-03-08 19:46:42,017:INFO:Huber Regressor Imported successfully
2026-03-08 19:46:42,017:INFO:Starting cross validation
2026-03-08 19:46:42,019:INFO:Cross validating with KFold(n_splits=10, random_state=None, shuffle=False), n_jobs=-1
2026-03-08 19:46:42,391:WARNING:/Users/lisanguyen/Documents/MLOps-project/.venv/lib/python3.10/site-packages/sklearn/linear_model/_huber.py:342: ConvergenceWarning: lbfgs failed to converge (status=1):
STOP: TOTAL NO. of ITERATIONS REACHED LIMIT.

Increase the number of iterations (max_iter) or scale the data as shown in:
    https://scikit-learn.org/stable/modules/preprocessing.html
  self.n_iter_ = _check_optimize_result("lbfgs", opt_res, self.max_iter)

2026-03-08 19:46:42,400:WARNING:/Users/lisanguyen/Documents/MLOps-project/.venv/lib/python3.10/site-packages/sklearn/linear_model/_huber.py:342: ConvergenceWarning: lbfgs failed to converge (status=1):
STOP: TOTAL NO. of ITERATIONS REACHED LIMIT.

Increase the number of iterations (max_iter) or scale the data as shown in:
    https://scikit-learn.org/stable/modules/preprocessing.html
  self.n_iter_ = _check_optimize_result("lbfgs", opt_res, self.max_iter)

2026-03-08 19:46:42,409:WARNING:/Users/lisanguyen/Documents/MLOps-project/.venv/lib/python3.10/site-packages/sklearn/linear_model/_huber.py:342: ConvergenceWarning: lbfgs failed to converge (status=1):
STOP: TOTAL NO. of ITERATIONS REACHED LIMIT.

Increase the number of iterations (max_iter) or scale the data as shown in:
    https://scikit-learn.org/stable/modules/preprocessing.html
  self.n_iter_ = _check_optimize_result("lbfgs", opt_res, self.max_iter)

2026-03-08 19:46:42,440:WARNING:/Users/lisanguyen/Documents/MLOps-project/.venv/lib/python3.10/site-packages/sklearn/linear_model/_huber.py:342: ConvergenceWarning: lbfgs failed to converge (status=1):
STOP: TOTAL NO. of ITERATIONS REACHED LIMIT.

Increase the number of iterations (max_iter) or scale the data as shown in:
    https://scikit-learn.org/stable/modules/preprocessing.html
  self.n_iter_ = _check_optimize_result("lbfgs", opt_res, self.max_iter)

2026-03-08 19:46:42,460:WARNING:/Users/lisanguyen/Documents/MLOps-project/.venv/lib/python3.10/site-packages/sklearn/linear_model/_huber.py:342: ConvergenceWarning: lbfgs failed to converge (status=1):
STOP: TOTAL NO. of ITERATIONS REACHED LIMIT.

Increase the number of iterations (max_iter) or scale the data as shown in:
    https://scikit-learn.org/stable/modules/preprocessing.html
  self.n_iter_ = _check_optimize_result("lbfgs", opt_res, self.max_iter)

2026-03-08 19:46:42,491:WARNING:/Users/lisanguyen/Documents/MLOps-project/.venv/lib/python3.10/site-packages/sklearn/linear_model/_huber.py:342: ConvergenceWarning: lbfgs failed to converge (status=1):
STOP: TOTAL NO. of ITERATIONS REACHED LIMIT.

Increase the number of iterations (max_iter) or scale the data as shown in:
    https://scikit-learn.org/stable/modules/preprocessing.html
  self.n_iter_ = _check_optimize_result("lbfgs", opt_res, self.max_iter)

2026-03-08 19:46:42,495:WARNING:/Users/lisanguyen/Documents/MLOps-project/.venv/lib/python3.10/site-packages/sklearn/linear_model/_huber.py:342: ConvergenceWarning: lbfgs failed to converge (status=1):
STOP: TOTAL NO. of ITERATIONS REACHED LIMIT.

Increase the number of iterations (max_iter) or scale the data as shown in:
    https://scikit-learn.org/stable/modules/preprocessing.html
  self.n_iter_ = _check_optimize_result("lbfgs", opt_res, self.max_iter)

2026-03-08 19:46:42,500:WARNING:/Users/lisanguyen/Documents/MLOps-project/.venv/lib/python3.10/site-packages/sklearn/linear_model/_huber.py:342: ConvergenceWarning: lbfgs failed to converge (status=1):
STOP: TOTAL NO. of ITERATIONS REACHED LIMIT.

Increase the number of iterations (max_iter) or scale the data as shown in:
    https://scikit-learn.org/stable/modules/preprocessing.html
  self.n_iter_ = _check_optimize_result("lbfgs", opt_res, self.max_iter)

2026-03-08 19:46:42,521:WARNING:/Users/lisanguyen/Documents/MLOps-project/.venv/lib/python3.10/site-packages/sklearn/linear_model/_huber.py:342: ConvergenceWarning: lbfgs failed to converge (status=1):
STOP: TOTAL NO. of ITERATIONS REACHED LIMIT.

Increase the number of iterations (max_iter) or scale the data as shown in:
    https://scikit-learn.org/stable/modules/preprocessing.html
  self.n_iter_ = _check_optimize_result("lbfgs", opt_res, self.max_iter)

2026-03-08 19:46:42,529:WARNING:/Users/lisanguyen/Documents/MLOps-project/.venv/lib/python3.10/site-packages/sklearn/linear_model/_huber.py:342: ConvergenceWarning: lbfgs failed to converge (status=1):
STOP: TOTAL NO. of ITERATIONS REACHED LIMIT.

Increase the number of iterations (max_iter) or scale the data as shown in:
    https://scikit-learn.org/stable/modules/preprocessing.html
  self.n_iter_ = _check_optimize_result("lbfgs", opt_res, self.max_iter)

2026-03-08 19:46:42,636:INFO:Calculating mean and std
2026-03-08 19:46:42,637:INFO:Creating metrics dataframe
2026-03-08 19:46:42,638:INFO:Uploading results into container
2026-03-08 19:46:42,638:INFO:Uploading model into container now
2026-03-08 19:46:42,638:INFO:_master_model_container: 10
2026-03-08 19:46:42,638:INFO:_display_container: 2
2026-03-08 19:46:42,638:INFO:HuberRegressor()
2026-03-08 19:46:42,638:INFO:create_model() successfully completed......................................
2026-03-08 19:46:42,677:INFO:SubProcess create_model() end ==================================
2026-03-08 19:46:42,677:INFO:Creating metrics dataframe
2026-03-08 19:46:42,678:INFO:Initializing K Neighbors Regressor
2026-03-08 19:46:42,678:INFO:Total runtime is 0.14753848314285278 minutes
2026-03-08 19:46:42,678:INFO:SubProcess create_model() called ==================================
2026-03-08 19:46:42,678:INFO:Initializing create_model()
2026-03-08 19:46:42,678:INFO:create_model(self=<pycaret.regression.oop.RegressionExperiment object at 0x12777f550>, estimator=knn, fold=KFold(n_splits=10, random_state=None, shuffle=False), round=4, cross_validation=True, predict=True, fit_kwargs={}, groups=None, refit=False, probability_threshold=None, experiment_custom_tags=None, verbose=False, system=False, add_to_model_list=True, metrics=None, display=<pycaret.internal.display.display.CommonDisplay object at 0x29a0c5ed0>, model_only=True, return_train_score=False, error_score=0.0, kwargs={})
2026-03-08 19:46:42,678:INFO:Checking exceptions
2026-03-08 19:46:42,678:INFO:Importing libraries
2026-03-08 19:46:42,678:INFO:Copying training dataset
2026-03-08 19:46:42,682:INFO:Defining folds
2026-03-08 19:46:42,682:INFO:Declaring metric variables
2026-03-08 19:46:42,682:INFO:Importing untrained model
2026-03-08 19:46:42,682:INFO:K Neighbors Regressor Imported successfully
2026-03-08 19:46:42,682:INFO:Starting cross validation
2026-03-08 19:46:42,685:INFO:Cross validating with KFold(n_splits=10, random_state=None, shuffle=False), n_jobs=-1
2026-03-08 19:46:43,134:INFO:Calculating mean and std
2026-03-08 19:46:43,134:INFO:Creating metrics dataframe
2026-03-08 19:46:43,135:INFO:Uploading results into container
2026-03-08 19:46:43,135:INFO:Uploading model into container now
2026-03-08 19:46:43,135:INFO:_master_model_container: 11
2026-03-08 19:46:43,135:INFO:_display_container: 2
2026-03-08 19:46:43,136:INFO:KNeighborsRegressor(n_jobs=-1)
2026-03-08 19:46:43,136:INFO:create_model() successfully completed......................................
2026-03-08 19:46:43,174:INFO:SubProcess create_model() end ==================================
2026-03-08 19:46:43,175:INFO:Creating metrics dataframe
2026-03-08 19:46:43,175:INFO:Initializing Decision Tree Regressor
2026-03-08 19:46:43,175:INFO:Total runtime is 0.15583406686782836 minutes
2026-03-08 19:46:43,175:INFO:SubProcess create_model() called ==================================
2026-03-08 19:46:43,176:INFO:Initializing create_model()
2026-03-08 19:46:43,176:INFO:create_model(self=<pycaret.regression.oop.RegressionExperiment object at 0x12777f550>, estimator=dt, fold=KFold(n_splits=10, random_state=None, shuffle=False), round=4, cross_validation=True, predict=True, fit_kwargs={}, groups=None, refit=False, probability_threshold=None, experiment_custom_tags=None, verbose=False, system=False, add_to_model_list=True, metrics=None, display=<pycaret.internal.display.display.CommonDisplay object at 0x29a0c5ed0>, model_only=True, return_train_score=False, error_score=0.0, kwargs={})
2026-03-08 19:46:43,176:INFO:Checking exceptions
2026-03-08 19:46:43,176:INFO:Importing libraries
2026-03-08 19:46:43,176:INFO:Copying training dataset
2026-03-08 19:46:43,180:INFO:Defining folds
2026-03-08 19:46:43,180:INFO:Declaring metric variables
2026-03-08 19:46:43,180:INFO:Importing untrained model
2026-03-08 19:46:43,180:INFO:Decision Tree Regressor Imported successfully
2026-03-08 19:46:43,180:INFO:Starting cross validation
2026-03-08 19:46:43,182:INFO:Cross validating with KFold(n_splits=10, random_state=None, shuffle=False), n_jobs=-1
2026-03-08 19:46:43,627:INFO:Calculating mean and std
2026-03-08 19:46:43,628:INFO:Creating metrics dataframe
2026-03-08 19:46:43,629:INFO:Uploading results into container
2026-03-08 19:46:43,629:INFO:Uploading model into container now
2026-03-08 19:46:43,629:INFO:_master_model_container: 12
2026-03-08 19:46:43,629:INFO:_display_container: 2
2026-03-08 19:46:43,629:INFO:DecisionTreeRegressor(random_state=7393)
2026-03-08 19:46:43,629:INFO:create_model() successfully completed......................................
2026-03-08 19:46:43,669:INFO:SubProcess create_model() end ==================================
2026-03-08 19:46:43,669:INFO:Creating metrics dataframe
2026-03-08 19:46:43,670:INFO:Initializing Random Forest Regressor
2026-03-08 19:46:43,670:INFO:Total runtime is 0.1640706181526184 minutes
2026-03-08 19:46:43,670:INFO:SubProcess create_model() called ==================================
2026-03-08 19:46:43,670:INFO:Initializing create_model()
2026-03-08 19:46:43,670:INFO:create_model(self=<pycaret.regression.oop.RegressionExperiment object at 0x12777f550>, estimator=rf, fold=KFold(n_splits=10, random_state=None, shuffle=False), round=4, cross_validation=True, predict=True, fit_kwargs={}, groups=None, refit=False, probability_threshold=None, experiment_custom_tags=None, verbose=False, system=False, add_to_model_list=True, metrics=None, display=<pycaret.internal.display.display.CommonDisplay object at 0x29a0c5ed0>, model_only=True, return_train_score=False, error_score=0.0, kwargs={})
2026-03-08 19:46:43,670:INFO:Checking exceptions
2026-03-08 19:46:43,670:INFO:Importing libraries
2026-03-08 19:46:43,670:INFO:Copying training dataset
2026-03-08 19:46:43,674:INFO:Defining folds
2026-03-08 19:46:43,674:INFO:Declaring metric variables
2026-03-08 19:46:43,674:INFO:Importing untrained model
2026-03-08 19:46:43,674:INFO:Random Forest Regressor Imported successfully
2026-03-08 19:46:43,674:INFO:Starting cross validation
2026-03-08 19:46:43,677:INFO:Cross validating with KFold(n_splits=10, random_state=None, shuffle=False), n_jobs=-1
2026-03-08 19:46:45,403:INFO:Calculating mean and std
2026-03-08 19:46:45,404:INFO:Creating metrics dataframe
2026-03-08 19:46:45,405:INFO:Uploading results into container
2026-03-08 19:46:45,405:INFO:Uploading model into container now
2026-03-08 19:46:45,405:INFO:_master_model_container: 13
2026-03-08 19:46:45,405:INFO:_display_container: 2
2026-03-08 19:46:45,405:INFO:RandomForestRegressor(n_jobs=-1, random_state=7393)
2026-03-08 19:46:45,405:INFO:create_model() successfully completed......................................
2026-03-08 19:46:45,444:INFO:SubProcess create_model() end ==================================
2026-03-08 19:46:45,444:INFO:Creating metrics dataframe
2026-03-08 19:46:45,445:INFO:Initializing Extra Trees Regressor
2026-03-08 19:46:45,445:INFO:Total runtime is 0.19366145133972165 minutes
2026-03-08 19:46:45,445:INFO:SubProcess create_model() called ==================================
2026-03-08 19:46:45,445:INFO:Initializing create_model()
2026-03-08 19:46:45,445:INFO:create_model(self=<pycaret.regression.oop.RegressionExperiment object at 0x12777f550>, estimator=et, fold=KFold(n_splits=10, random_state=None, shuffle=False), round=4, cross_validation=True, predict=True, fit_kwargs={}, groups=None, refit=False, probability_threshold=None, experiment_custom_tags=None, verbose=False, system=False, add_to_model_list=True, metrics=None, display=<pycaret.internal.display.display.CommonDisplay object at 0x29a0c5ed0>, model_only=True, return_train_score=False, error_score=0.0, kwargs={})
2026-03-08 19:46:45,445:INFO:Checking exceptions
2026-03-08 19:46:45,445:INFO:Importing libraries
2026-03-08 19:46:45,445:INFO:Copying training dataset
2026-03-08 19:46:45,450:INFO:Defining folds
2026-03-08 19:46:45,450:INFO:Declaring metric variables
2026-03-08 19:46:45,450:INFO:Importing untrained model
2026-03-08 19:46:45,450:INFO:Extra Trees Regressor Imported successfully
2026-03-08 19:46:45,450:INFO:Starting cross validation
2026-03-08 19:46:45,452:INFO:Cross validating with KFold(n_splits=10, random_state=None, shuffle=False), n_jobs=-1
2026-03-08 19:46:47,174:INFO:Calculating mean and std
2026-03-08 19:46:47,175:INFO:Creating metrics dataframe
2026-03-08 19:46:47,176:INFO:Uploading results into container
2026-03-08 19:46:47,176:INFO:Uploading model into container now
2026-03-08 19:46:47,176:INFO:_master_model_container: 14
2026-03-08 19:46:47,176:INFO:_display_container: 2
2026-03-08 19:46:47,176:INFO:ExtraTreesRegressor(n_jobs=-1, random_state=7393)
2026-03-08 19:46:47,176:INFO:create_model() successfully completed......................................
2026-03-08 19:46:47,215:INFO:SubProcess create_model() end ==================================
2026-03-08 19:46:47,215:INFO:Creating metrics dataframe
2026-03-08 19:46:47,216:INFO:Initializing AdaBoost Regressor
2026-03-08 19:46:47,216:INFO:Total runtime is 0.22317648331324258 minutes
2026-03-08 19:46:47,216:INFO:SubProcess create_model() called ==================================
2026-03-08 19:46:47,216:INFO:Initializing create_model()
2026-03-08 19:46:47,216:INFO:create_model(self=<pycaret.regression.oop.RegressionExperiment object at 0x12777f550>, estimator=ada, fold=KFold(n_splits=10, random_state=None, shuffle=False), round=4, cross_validation=True, predict=True, fit_kwargs={}, groups=None, refit=False, probability_threshold=None, experiment_custom_tags=None, verbose=False, system=False, add_to_model_list=True, metrics=None, display=<pycaret.internal.display.display.CommonDisplay object at 0x29a0c5ed0>, model_only=True, return_train_score=False, error_score=0.0, kwargs={})
2026-03-08 19:46:47,216:INFO:Checking exceptions
2026-03-08 19:46:47,216:INFO:Importing libraries
2026-03-08 19:46:47,216:INFO:Copying training dataset
2026-03-08 19:46:47,220:INFO:Defining folds
2026-03-08 19:46:47,220:INFO:Declaring metric variables
2026-03-08 19:46:47,220:INFO:Importing untrained model
2026-03-08 19:46:47,221:INFO:AdaBoost Regressor Imported successfully
2026-03-08 19:46:47,221:INFO:Starting cross validation
2026-03-08 19:46:47,223:INFO:Cross validating with KFold(n_splits=10, random_state=None, shuffle=False), n_jobs=-1
2026-03-08 19:46:47,978:INFO:Calculating mean and std
2026-03-08 19:46:47,978:INFO:Creating metrics dataframe
2026-03-08 19:46:47,979:INFO:Uploading results into container
2026-03-08 19:46:47,979:INFO:Uploading model into container now
2026-03-08 19:46:47,979:INFO:_master_model_container: 15
2026-03-08 19:46:47,979:INFO:_display_container: 2
2026-03-08 19:46:47,979:INFO:AdaBoostRegressor(random_state=7393)
2026-03-08 19:46:47,979:INFO:create_model() successfully completed......................................
2026-03-08 19:46:48,018:INFO:SubProcess create_model() end ==================================
2026-03-08 19:46:48,018:INFO:Creating metrics dataframe
2026-03-08 19:46:48,019:INFO:Initializing Gradient Boosting Regressor
2026-03-08 19:46:48,019:INFO:Total runtime is 0.23655515114466347 minutes
2026-03-08 19:46:48,019:INFO:SubProcess create_model() called ==================================
2026-03-08 19:46:48,019:INFO:Initializing create_model()
2026-03-08 19:46:48,019:INFO:create_model(self=<pycaret.regression.oop.RegressionExperiment object at 0x12777f550>, estimator=gbr, fold=KFold(n_splits=10, random_state=None, shuffle=False), round=4, cross_validation=True, predict=True, fit_kwargs={}, groups=None, refit=False, probability_threshold=None, experiment_custom_tags=None, verbose=False, system=False, add_to_model_list=True, metrics=None, display=<pycaret.internal.display.display.CommonDisplay object at 0x29a0c5ed0>, model_only=True, return_train_score=False, error_score=0.0, kwargs={})
2026-03-08 19:46:48,019:INFO:Checking exceptions
2026-03-08 19:46:48,019:INFO:Importing libraries
2026-03-08 19:46:48,019:INFO:Copying training dataset
2026-03-08 19:46:48,023:INFO:Defining folds
2026-03-08 19:46:48,023:INFO:Declaring metric variables
2026-03-08 19:46:48,023:INFO:Importing untrained model
2026-03-08 19:46:48,023:INFO:Gradient Boosting Regressor Imported successfully
2026-03-08 19:46:48,023:INFO:Starting cross validation
2026-03-08 19:46:48,026:INFO:Cross validating with KFold(n_splits=10, random_state=None, shuffle=False), n_jobs=-1
2026-03-08 19:46:48,948:INFO:Calculating mean and std
2026-03-08 19:46:48,948:INFO:Creating metrics dataframe
2026-03-08 19:46:48,949:INFO:Uploading results into container
2026-03-08 19:46:48,949:INFO:Uploading model into container now
2026-03-08 19:46:48,949:INFO:_master_model_container: 16
2026-03-08 19:46:48,949:INFO:_display_container: 2
2026-03-08 19:46:48,949:INFO:GradientBoostingRegressor(random_state=7393)
2026-03-08 19:46:48,949:INFO:create_model() successfully completed......................................
2026-03-08 19:46:48,988:INFO:SubProcess create_model() end ==================================
2026-03-08 19:46:48,988:INFO:Creating metrics dataframe
2026-03-08 19:46:48,989:INFO:Initializing Light Gradient Boosting Machine
2026-03-08 19:46:48,989:INFO:Total runtime is 0.2527221163113912 minutes
2026-03-08 19:46:48,989:INFO:SubProcess create_model() called ==================================
2026-03-08 19:46:48,989:INFO:Initializing create_model()
2026-03-08 19:46:48,989:INFO:create_model(self=<pycaret.regression.oop.RegressionExperiment object at 0x12777f550>, estimator=lightgbm, fold=KFold(n_splits=10, random_state=None, shuffle=False), round=4, cross_validation=True, predict=True, fit_kwargs={}, groups=None, refit=False, probability_threshold=None, experiment_custom_tags=None, verbose=False, system=False, add_to_model_list=True, metrics=None, display=<pycaret.internal.display.display.CommonDisplay object at 0x29a0c5ed0>, model_only=True, return_train_score=False, error_score=0.0, kwargs={})
2026-03-08 19:46:48,989:INFO:Checking exceptions
2026-03-08 19:46:48,989:INFO:Importing libraries
2026-03-08 19:46:48,989:INFO:Copying training dataset
2026-03-08 19:46:48,993:INFO:Defining folds
2026-03-08 19:46:48,993:INFO:Declaring metric variables
2026-03-08 19:46:48,993:INFO:Importing untrained model
2026-03-08 19:46:48,993:INFO:Light Gradient Boosting Machine Imported successfully
2026-03-08 19:46:48,993:INFO:Starting cross validation
2026-03-08 19:46:48,996:INFO:Cross validating with KFold(n_splits=10, random_state=None, shuffle=False), n_jobs=-1
2026-03-08 19:46:53,076:INFO:Calculating mean and std
2026-03-08 19:46:53,077:INFO:Creating metrics dataframe
2026-03-08 19:46:53,077:INFO:Uploading results into container
2026-03-08 19:46:53,077:INFO:Uploading model into container now
2026-03-08 19:46:53,078:INFO:_master_model_container: 17
2026-03-08 19:46:53,078:INFO:_display_container: 2
2026-03-08 19:46:53,078:INFO:LGBMRegressor(n_jobs=-1, random_state=7393)
2026-03-08 19:46:53,078:INFO:create_model() successfully completed......................................
2026-03-08 19:46:53,116:INFO:SubProcess create_model() end ==================================
2026-03-08 19:46:53,116:INFO:Creating metrics dataframe
2026-03-08 19:46:53,117:INFO:Initializing Dummy Regressor
2026-03-08 19:46:53,117:INFO:Total runtime is 0.3215337832768758 minutes
2026-03-08 19:46:53,117:INFO:SubProcess create_model() called ==================================
2026-03-08 19:46:53,118:INFO:Initializing create_model()
2026-03-08 19:46:53,118:INFO:create_model(self=<pycaret.regression.oop.RegressionExperiment object at 0x12777f550>, estimator=dummy, fold=KFold(n_splits=10, random_state=None, shuffle=False), round=4, cross_validation=True, predict=True, fit_kwargs={}, groups=None, refit=False, probability_threshold=None, experiment_custom_tags=None, verbose=False, system=False, add_to_model_list=True, metrics=None, display=<pycaret.internal.display.display.CommonDisplay object at 0x29a0c5ed0>, model_only=True, return_train_score=False, error_score=0.0, kwargs={})
2026-03-08 19:46:53,118:INFO:Checking exceptions
2026-03-08 19:46:53,118:INFO:Importing libraries
2026-03-08 19:46:53,118:INFO:Copying training dataset
2026-03-08 19:46:53,122:INFO:Defining folds
2026-03-08 19:46:53,122:INFO:Declaring metric variables
2026-03-08 19:46:53,122:INFO:Importing untrained model
2026-03-08 19:46:53,122:INFO:Dummy Regressor Imported successfully
2026-03-08 19:46:53,122:INFO:Starting cross validation
2026-03-08 19:46:53,124:INFO:Cross validating with KFold(n_splits=10, random_state=None, shuffle=False), n_jobs=-1
2026-03-08 19:46:53,571:INFO:Calculating mean and std
2026-03-08 19:46:53,571:INFO:Creating metrics dataframe
2026-03-08 19:46:53,572:INFO:Uploading results into container
2026-03-08 19:46:53,572:INFO:Uploading model into container now
2026-03-08 19:46:53,572:INFO:_master_model_container: 18
2026-03-08 19:46:53,572:INFO:_display_container: 2
2026-03-08 19:46:53,572:INFO:DummyRegressor()
2026-03-08 19:46:53,572:INFO:create_model() successfully completed......................................
2026-03-08 19:46:53,611:INFO:SubProcess create_model() end ==================================
2026-03-08 19:46:53,611:INFO:Creating metrics dataframe
2026-03-08 19:46:53,613:WARNING:/Users/lisanguyen/Documents/MLOps-project/.venv/lib/python3.10/site-packages/pycaret/internal/pycaret_experiment/supervised_experiment.py:323: FutureWarning: Styler.applymap has been deprecated. Use Styler.map instead.
  master_display_.apply(

2026-03-08 19:46:53,614:INFO:Initializing create_model()
2026-03-08 19:46:53,614:INFO:create_model(self=<pycaret.regression.oop.RegressionExperiment object at 0x12777f550>, estimator=GradientBoostingRegressor(random_state=7393), fold=KFold(n_splits=10, random_state=None, shuffle=False), round=4, cross_validation=False, predict=False, fit_kwargs={}, groups=None, refit=True, probability_threshold=None, experiment_custom_tags=None, verbose=False, system=False, add_to_model_list=True, metrics=None, display=None, model_only=True, return_train_score=False, error_score=0.0, kwargs={})
2026-03-08 19:46:53,614:INFO:Checking exceptions
2026-03-08 19:46:53,614:INFO:Importing libraries
2026-03-08 19:46:53,614:INFO:Copying training dataset
2026-03-08 19:46:53,619:INFO:Defining folds
2026-03-08 19:46:53,619:INFO:Declaring metric variables
2026-03-08 19:46:53,619:INFO:Importing untrained model
2026-03-08 19:46:53,619:INFO:Declaring custom model
2026-03-08 19:46:53,619:INFO:Gradient Boosting Regressor Imported successfully
2026-03-08 19:46:53,621:INFO:Cross validation set to False
2026-03-08 19:46:53,621:INFO:Fitting Model
2026-03-08 19:46:54,167:INFO:GradientBoostingRegressor(random_state=7393)
2026-03-08 19:46:54,167:INFO:create_model() successfully completed......................................
2026-03-08 19:46:54,208:INFO:_master_model_container: 18
2026-03-08 19:46:54,208:INFO:_display_container: 2
2026-03-08 19:46:54,208:INFO:GradientBoostingRegressor(random_state=7393)
2026-03-08 19:46:54,208:INFO:compare_models() successfully completed......................................
2026-03-08 19:46:54,222:INFO:Initializing save_model()
2026-03-08 19:46:54,222:INFO:save_model(model=GradientBoostingRegressor(random_state=7393), model_name=property_evaluator_model, prep_pipe_=Pipeline(memory=FastMemory(location=/var/folders/k6/8ngcf3nx77l7c565qr86j25m0000gn/T/joblib),
         steps=[('numerical_imputer',
                 TransformerWrapper(include=['Id', 'MSSubClass', 'LotFrontage',
                                             'LotArea', 'OverallQual',
                                             'OverallCond', 'YearBuilt',
                                             'YearRemodAdd', 'MasVnrArea',
                                             'BsmtFinSF1', 'BsmtFinSF2',
                                             'BsmtUnfSF', 'TotalBsmtSF',
                                             '1stFlrSF', '2ndFlrSF',
                                             'LowQualFinSF', 'G...
                                                                    'Condition1',
                                                                    'Condition2',
                                                                    'BldgType',
                                                                    'HouseStyle',
                                                                    'RoofStyle',
                                                                    'RoofMatl',
                                                                    'Exterior1st',
                                                                    'Exterior2nd',
                                                                    'MasVnrType',
                                                                    'ExterQual',
                                                                    'ExterCond',
                                                                    'Foundation',
                                                                    'BsmtQual',
                                                                    'BsmtCond',
                                                                    'BsmtExposure',
                                                                    'BsmtFinType1',
                                                                    'BsmtFinType2',
                                                                    'Heating',
                                                                    'HeatingQC',
                                                                    'Electrical',
                                                                    'KitchenQual',
                                                                    'Functional',
                                                                    'FireplaceQu', ...],
                                                              handle_missing='return_nan',
                                                              use_cat_names=True)))]), verbose=True, use_case=MLUsecase.REGRESSION, kwargs={})
2026-03-08 19:46:54,222:INFO:Adding model into prep_pipe
2026-03-08 19:46:54,241:INFO:property_evaluator_model.pkl saved in current working directory
2026-03-08 19:46:54,254:INFO:Pipeline(memory=Memory(location=None),
         steps=[('numerical_imputer',
                 TransformerWrapper(include=['Id', 'MSSubClass', 'LotFrontage',
                                             'LotArea', 'OverallQual',
                                             'OverallCond', 'YearBuilt',
                                             'YearRemodAdd', 'MasVnrArea',
                                             'BsmtFinSF1', 'BsmtFinSF2',
                                             'BsmtUnfSF', 'TotalBsmtSF',
                                             '1stFlrSF', '2ndFlrSF',
                                             'LowQualFinSF', 'GrLivArea',
                                             'BsmtFullBath', 'BsmtHalfBath',
                                             'FullBath', 'Hal...
                                                                    'RoofMatl',
                                                                    'Exterior1st',
                                                                    'Exterior2nd',
                                                                    'MasVnrType',
                                                                    'ExterQual',
                                                                    'ExterCond',
                                                                    'Foundation',
                                                                    'BsmtQual',
                                                                    'BsmtCond',
                                                                    'BsmtExposure',
                                                                    'BsmtFinType1',
                                                                    'BsmtFinType2',
                                                                    'Heating',
                                                                    'HeatingQC',
                                                                    'Electrical',
                                                                    'KitchenQual',
                                                                    'Functional',
                                                                    'FireplaceQu', ...],
                                                              handle_missing='return_nan',
                                                              use_cat_names=True))),
                ('trained_model',
                 GradientBoostingRegressor(random_state=7393))])
2026-03-08 19:46:54,254:INFO:save_model() successfully completed......................................
2026-03-08 19:46:54,291:INFO:Soft dependency imported: fastapi: 0.135.1
2026-03-08 19:46:54,292:INFO:Soft dependency imported: uvicorn: 0.41.0
2026-03-08 19:46:54,292:INFO:Soft dependency imported: pydantic: 2.12.5
2026-03-08 19:46:54,305:INFO:Initializing save_model()
2026-03-08 19:46:54,305:INFO:save_model(model=GradientBoostingRegressor(random_state=7393), model_name=property_evaluator_api, prep_pipe_=Pipeline(memory=FastMemory(location=/var/folders/k6/8ngcf3nx77l7c565qr86j25m0000gn/T/joblib),
         steps=[('numerical_imputer',
                 TransformerWrapper(include=['Id', 'MSSubClass', 'LotFrontage',
                                             'LotArea', 'OverallQual',
                                             'OverallCond', 'YearBuilt',
                                             'YearRemodAdd', 'MasVnrArea',
                                             'BsmtFinSF1', 'BsmtFinSF2',
                                             'BsmtUnfSF', 'TotalBsmtSF',
                                             '1stFlrSF', '2ndFlrSF',
                                             'LowQualFinSF', 'G...
                                                                    'Condition1',
                                                                    'Condition2',
                                                                    'BldgType',
                                                                    'HouseStyle',
                                                                    'RoofStyle',
                                                                    'RoofMatl',
                                                                    'Exterior1st',
                                                                    'Exterior2nd',
                                                                    'MasVnrType',
                                                                    'ExterQual',
                                                                    'ExterCond',
                                                                    'Foundation',
                                                                    'BsmtQual',
                                                                    'BsmtCond',
                                                                    'BsmtExposure',
                                                                    'BsmtFinType1',
                                                                    'BsmtFinType2',
                                                                    'Heating',
                                                                    'HeatingQC',
                                                                    'Electrical',
                                                                    'KitchenQual',
                                                                    'Functional',
                                                                    'FireplaceQu', ...],
                                                              handle_missing='return_nan',
                                                              use_cat_names=True)))]), verbose=False, use_case=MLUsecase.REGRESSION, kwargs={})
2026-03-08 19:46:54,305:INFO:Adding model into prep_pipe
2026-03-08 19:46:54,324:INFO:property_evaluator_api.pkl saved in current working directory
2026-03-08 19:46:54,337:INFO:Pipeline(memory=Memory(location=None),
         steps=[('numerical_imputer',
                 TransformerWrapper(include=['Id', 'MSSubClass', 'LotFrontage',
                                             'LotArea', 'OverallQual',
                                             'OverallCond', 'YearBuilt',
                                             'YearRemodAdd', 'MasVnrArea',
                                             'BsmtFinSF1', 'BsmtFinSF2',
                                             'BsmtUnfSF', 'TotalBsmtSF',
                                             '1stFlrSF', '2ndFlrSF',
                                             'LowQualFinSF', 'GrLivArea',
                                             'BsmtFullBath', 'BsmtHalfBath',
                                             'FullBath', 'Hal...
                                                                    'RoofMatl',
                                                                    'Exterior1st',
                                                                    'Exterior2nd',
                                                                    'MasVnrType',
                                                                    'ExterQual',
                                                                    'ExterCond',
                                                                    'Foundation',
                                                                    'BsmtQual',
                                                                    'BsmtCond',
                                                                    'BsmtExposure',
                                                                    'BsmtFinType1',
                                                                    'BsmtFinType2',
                                                                    'Heating',
                                                                    'HeatingQC',
                                                                    'Electrical',
                                                                    'KitchenQual',
                                                                    'Functional',
                                                                    'FireplaceQu', ...],
                                                              handle_missing='return_nan',
                                                              use_cat_names=True))),
                ('trained_model',
                 GradientBoostingRegressor(random_state=7393))])
2026-03-08 19:46:54,337:INFO:save_model() successfully completed......................................
2026-03-08 19:47:44,877:WARNING:
'cuml' is a soft dependency and not included in the pycaret installation. Please run: `pip install cuml` to install.
2026-03-08 19:47:44,877:WARNING:
'cuml' is a soft dependency and not included in the pycaret installation. Please run: `pip install cuml` to install.
2026-03-08 19:47:44,877:WARNING:
'cuml' is a soft dependency and not included in the pycaret installation. Please run: `pip install cuml` to install.
2026-03-08 19:47:44,877:WARNING:
'cuml' is a soft dependency and not included in the pycaret installation. Please run: `pip install cuml` to install.
2026-03-08 19:47:45,093:INFO:Initializing load_model()
2026-03-08 19:47:45,093:INFO:load_model(model_name=property_evaluator_api, platform=None, authentication=None, verbose=True)
2026-03-08 19:50:19,528:WARNING:
'cuml' is a soft dependency and not included in the pycaret installation. Please run: `pip install cuml` to install.
2026-03-08 19:50:19,529:WARNING:
'cuml' is a soft dependency and not included in the pycaret installation. Please run: `pip install cuml` to install.
2026-03-08 19:50:19,529:WARNING:
'cuml' is a soft dependency and not included in the pycaret installation. Please run: `pip install cuml` to install.
2026-03-08 19:50:19,529:WARNING:
'cuml' is a soft dependency and not included in the pycaret installation. Please run: `pip install cuml` to install.
2026-03-08 19:50:19,745:INFO:Initializing load_model()
2026-03-08 19:50:19,746:INFO:load_model(model_name=property_evaluator_api, platform=None, authentication=None, verbose=True)
2026-03-08 19:54:42,389:WARNING:
'cuml' is a soft dependency and not included in the pycaret installation. Please run: `pip install cuml` to install.
2026-03-08 19:54:42,390:WARNING:
'cuml' is a soft dependency and not included in the pycaret installation. Please run: `pip install cuml` to install.
2026-03-08 19:54:42,390:WARNING:
'cuml' is a soft dependency and not included in the pycaret installation. Please run: `pip install cuml` to install.
2026-03-08 19:54:42,390:WARNING:
'cuml' is a soft dependency and not included in the pycaret installation. Please run: `pip install cuml` to install.
2026-03-08 19:54:42,616:INFO:Initializing load_model()
2026-03-08 19:54:42,616:INFO:load_model(model_name=property_evaluator_api, platform=None, authentication=None, verbose=True)
2026-03-08 19:59:01,537:WARNING:
'cuml' is a soft dependency and not included in the pycaret installation. Please run: `pip install cuml` to install.
2026-03-08 19:59:01,537:WARNING:
'cuml' is a soft dependency and not included in the pycaret installation. Please run: `pip install cuml` to install.
2026-03-08 19:59:01,537:WARNING:
'cuml' is a soft dependency and not included in the pycaret installation. Please run: `pip install cuml` to install.
2026-03-08 19:59:01,537:WARNING:
'cuml' is a soft dependency and not included in the pycaret installation. Please run: `pip install cuml` to install.
2026-03-08 19:59:01,760:INFO:Initializing load_model()
2026-03-08 19:59:01,760:INFO:load_model(model_name=property_evaluator_api, platform=None, authentication=None, verbose=True)
2026-03-08 20:05:39,697:WARNING:
'cuml' is a soft dependency and not included in the pycaret installation. Please run: `pip install cuml` to install.
2026-03-08 20:05:39,697:WARNING:
'cuml' is a soft dependency and not included in the pycaret installation. Please run: `pip install cuml` to install.
2026-03-08 20:05:39,697:WARNING:
'cuml' is a soft dependency and not included in the pycaret installation. Please run: `pip install cuml` to install.
2026-03-08 20:05:39,697:WARNING:
'cuml' is a soft dependency and not included in the pycaret installation. Please run: `pip install cuml` to install.
2026-03-08 20:05:39,924:INFO:Initializing load_model()
2026-03-08 20:05:39,924:INFO:load_model(model_name=property_evaluator_api, platform=None, authentication=None, verbose=True)
2026-03-08 20:20:06,797:INFO:Initializing predict_model()
2026-03-08 20:20:06,798:INFO:predict_model(self=<pycaret.regression.oop.RegressionExperiment object at 0x28ce0ad70>, estimator=Pipeline(memory=Memory(location=None),
         steps=[('numerical_imputer',
                 TransformerWrapper(include=['Id', 'MSSubClass', 'LotFrontage',
                                             'LotArea', 'OverallQual',
                                             'OverallCond', 'YearBuilt',
                                             'YearRemodAdd', 'MasVnrArea',
                                             'BsmtFinSF1', 'BsmtFinSF2',
                                             'BsmtUnfSF', 'TotalBsmtSF',
                                             '1stFlrSF', '2ndFlrSF',
                                             'LowQualFinSF', 'GrLivArea',
                                             'BsmtFullBath', 'BsmtHalfBath',
                                             'FullBath', 'Hal...
                                                                    'RoofMatl',
                                                                    'Exterior1st',
                                                                    'Exterior2nd',
                                                                    'MasVnrType',
                                                                    'ExterQual',
                                                                    'ExterCond',
                                                                    'Foundation',
                                                                    'BsmtQual',
                                                                    'BsmtCond',
                                                                    'BsmtExposure',
                                                                    'BsmtFinType1',
                                                                    'BsmtFinType2',
                                                                    'Heating',
                                                                    'HeatingQC',
                                                                    'Electrical',
                                                                    'KitchenQual',
                                                                    'Functional',
                                                                    'FireplaceQu', ...],
                                                              handle_missing='return_nan',
                                                              use_cat_names=True))),
                ('trained_model',
                 GradientBoostingRegressor(random_state=7393))]), probability_threshold=None, encoded_labels=False, raw_score=False, round=4, verbose=True, ml_usecase=None, preprocess=True, encode_labels=<function _SupervisedExperiment.predict_model.<locals>.encode_labels at 0x28cdbb760>)
2026-03-08 20:20:06,798:INFO:Checking exceptions
2026-03-08 20:20:06,798:INFO:Preloading libraries
2026-03-08 20:20:06,799:INFO:Set up data.
2026-03-08 20:20:06,808:INFO:Set up index.
2026-03-08 20:28:17,435:WARNING:
'cuml' is a soft dependency and not included in the pycaret installation. Please run: `pip install cuml` to install.
2026-03-08 20:28:17,435:WARNING:
'cuml' is a soft dependency and not included in the pycaret installation. Please run: `pip install cuml` to install.
2026-03-08 20:28:17,435:WARNING:
'cuml' is a soft dependency and not included in the pycaret installation. Please run: `pip install cuml` to install.
2026-03-08 20:28:17,435:WARNING:
'cuml' is a soft dependency and not included in the pycaret installation. Please run: `pip install cuml` to install.
2026-03-08 20:28:17,650:INFO:Initializing load_model()
2026-03-08 20:28:17,650:INFO:load_model(model_name=property_evaluator_api, platform=None, authentication=None, verbose=True)
2026-03-08 20:30:13,921:WARNING:
'cuml' is a soft dependency and not included in the pycaret installation. Please run: `pip install cuml` to install.
2026-03-08 20:30:13,921:WARNING:
'cuml' is a soft dependency and not included in the pycaret installation. Please run: `pip install cuml` to install.
2026-03-08 20:30:13,921:WARNING:
'cuml' is a soft dependency and not included in the pycaret installation. Please run: `pip install cuml` to install.
2026-03-08 20:30:13,921:WARNING:
'cuml' is a soft dependency and not included in the pycaret installation. Please run: `pip install cuml` to install.
2026-03-08 20:30:14,141:INFO:Initializing load_model()
2026-03-08 20:30:14,141:INFO:load_model(model_name=property_evaluator_api, platform=None, authentication=None, verbose=True)
2026-03-08 20:30:37,156:INFO:Initializing predict_model()
2026-03-08 20:30:37,157:INFO:predict_model(self=<pycaret.regression.oop.RegressionExperiment object at 0x29460ae00>, estimator=Pipeline(memory=Memory(location=None),
         steps=[('numerical_imputer',
                 TransformerWrapper(include=['Id', 'MSSubClass', 'LotFrontage',
                                             'LotArea', 'OverallQual',
                                             'OverallCond', 'YearBuilt',
                                             'YearRemodAdd', 'MasVnrArea',
                                             'BsmtFinSF1', 'BsmtFinSF2',
                                             'BsmtUnfSF', 'TotalBsmtSF',
                                             '1stFlrSF', '2ndFlrSF',
                                             'LowQualFinSF', 'GrLivArea',
                                             'BsmtFullBath', 'BsmtHalfBath',
                                             'FullBath', 'Hal...
                                                                    'RoofMatl',
                                                                    'Exterior1st',
                                                                    'Exterior2nd',
                                                                    'MasVnrType',
                                                                    'ExterQual',
                                                                    'ExterCond',
                                                                    'Foundation',
                                                                    'BsmtQual',
                                                                    'BsmtCond',
                                                                    'BsmtExposure',
                                                                    'BsmtFinType1',
                                                                    'BsmtFinType2',
                                                                    'Heating',
                                                                    'HeatingQC',
                                                                    'Electrical',
                                                                    'KitchenQual',
                                                                    'Functional',
                                                                    'FireplaceQu', ...],
                                                              handle_missing='return_nan',
                                                              use_cat_names=True))),
                ('trained_model',
                 GradientBoostingRegressor(random_state=7393))]), probability_threshold=None, encoded_labels=False, raw_score=False, round=4, verbose=True, ml_usecase=None, preprocess=True, encode_labels=<function _SupervisedExperiment.predict_model.<locals>.encode_labels at 0x2945bb760>)
2026-03-08 20:30:37,157:INFO:Checking exceptions
2026-03-08 20:30:37,157:INFO:Preloading libraries
2026-03-08 20:30:37,163:INFO:Set up data.
2026-03-08 20:30:37,177:INFO:Set up index.
2026-03-08 20:32:03,929:INFO:Initializing predict_model()
2026-03-08 20:32:03,930:INFO:predict_model(self=<pycaret.regression.oop.RegressionExperiment object at 0x291d2ee30>, estimator=Pipeline(memory=Memory(location=None),
         steps=[('numerical_imputer',
                 TransformerWrapper(include=['Id', 'MSSubClass', 'LotFrontage',
                                             'LotArea', 'OverallQual',
                                             'OverallCond', 'YearBuilt',
                                             'YearRemodAdd', 'MasVnrArea',
                                             'BsmtFinSF1', 'BsmtFinSF2',
                                             'BsmtUnfSF', 'TotalBsmtSF',
                                             '1stFlrSF', '2ndFlrSF',
                                             'LowQualFinSF', 'GrLivArea',
                                             'BsmtFullBath', 'BsmtHalfBath',
                                             'FullBath', 'Hal...
                                                                    'RoofMatl',
                                                                    'Exterior1st',
                                                                    'Exterior2nd',
                                                                    'MasVnrType',
                                                                    'ExterQual',
                                                                    'ExterCond',
                                                                    'Foundation',
                                                                    'BsmtQual',
                                                                    'BsmtCond',
                                                                    'BsmtExposure',
                                                                    'BsmtFinType1',
                                                                    'BsmtFinType2',
                                                                    'Heating',
                                                                    'HeatingQC',
                                                                    'Electrical',
                                                                    'KitchenQual',
                                                                    'Functional',
                                                                    'FireplaceQu', ...],
                                                              handle_missing='return_nan',
                                                              use_cat_names=True))),
                ('trained_model',
                 GradientBoostingRegressor(random_state=7393))]), probability_threshold=None, encoded_labels=False, raw_score=False, round=4, verbose=True, ml_usecase=None, preprocess=True, encode_labels=<function _SupervisedExperiment.predict_model.<locals>.encode_labels at 0x2945e4430>)
2026-03-08 20:32:03,930:INFO:Checking exceptions
2026-03-08 20:32:03,930:INFO:Preloading libraries
2026-03-08 20:32:03,931:INFO:Set up data.
2026-03-08 20:32:03,941:INFO:Set up index.
2026-03-26 13:49:33,140:WARNING:
'cuml' is a soft dependency and not included in the pycaret installation. Please run: `pip install cuml` to install.
2026-03-26 13:49:33,140:WARNING:
'cuml' is a soft dependency and not included in the pycaret installation. Please run: `pip install cuml` to install.
2026-03-26 13:49:33,140:WARNING:
'cuml' is a soft dependency and not included in the pycaret installation. Please run: `pip install cuml` to install.
2026-03-26 13:49:33,140:WARNING:
'cuml' is a soft dependency and not included in the pycaret installation. Please run: `pip install cuml` to install.
2026-03-26 13:49:33,584:INFO:Initializing load_model()
2026-03-26 13:49:33,584:INFO:load_model(model_name=property_evaluator_api, platform=None, authentication=None, verbose=True)
2026-03-26 13:50:18,058:WARNING:
'cuml' is a soft dependency and not included in the pycaret installation. Please run: `pip install cuml` to install.
2026-03-26 13:50:18,058:WARNING:
'cuml' is a soft dependency and not included in the pycaret installation. Please run: `pip install cuml` to install.
2026-03-26 13:50:18,058:WARNING:
'cuml' is a soft dependency and not included in the pycaret installation. Please run: `pip install cuml` to install.
2026-03-26 13:50:18,058:WARNING:
'cuml' is a soft dependency and not included in the pycaret installation. Please run: `pip install cuml` to install.
2026-03-26 13:50:18,314:INFO:Initializing load_model()
2026-03-26 13:50:18,314:INFO:load_model(model_name=property_evaluator_api, platform=None, authentication=None, verbose=True)
2026-03-26 13:51:19,456:INFO:Initializing predict_model()
2026-03-26 13:51:19,457:INFO:predict_model(self=<pycaret.regression.oop.RegressionExperiment object at 0x16e007d60>, estimator=Pipeline(memory=Memory(location=None),
         steps=[('numerical_imputer',
                 TransformerWrapper(include=['Id', 'MSSubClass', 'LotFrontage',
                                             'LotArea', 'OverallQual',
                                             'OverallCond', 'YearBuilt',
                                             'YearRemodAdd', 'MasVnrArea',
                                             'BsmtFinSF1', 'BsmtFinSF2',
                                             'BsmtUnfSF', 'TotalBsmtSF',
                                             '1stFlrSF', '2ndFlrSF',
                                             'LowQualFinSF', 'GrLivArea',
                                             'BsmtFullBath', 'BsmtHalfBath',
                                             'FullBath', 'Hal...
                                                                    'RoofMatl',
                                                                    'Exterior1st',
                                                                    'Exterior2nd',
                                                                    'MasVnrType',
                                                                    'ExterQual',
                                                                    'ExterCond',
                                                                    'Foundation',
                                                                    'BsmtQual',
                                                                    'BsmtCond',
                                                                    'BsmtExposure',
                                                                    'BsmtFinType1',
                                                                    'BsmtFinType2',
                                                                    'Heating',
                                                                    'HeatingQC',
                                                                    'Electrical',
                                                                    'KitchenQual',
                                                                    'Functional',
                                                                    'FireplaceQu', ...],
                                                              handle_missing='return_nan',
                                                              use_cat_names=True))),
                ('trained_model',
                 GradientBoostingRegressor(random_state=7393))]), probability_threshold=None, encoded_labels=False, raw_score=False, round=4, verbose=True, ml_usecase=None, preprocess=True, encode_labels=<function _SupervisedExperiment.predict_model.<locals>.encode_labels at 0x16dfbf1c0>)
2026-03-26 13:51:19,457:INFO:Checking exceptions
2026-03-26 13:51:19,457:INFO:Preloading libraries
2026-03-26 13:51:19,457:INFO:Set up data.
2026-03-26 13:51:19,467:INFO:Set up index.
2026-03-26 15:16:59,686:WARNING:
'cuml' is a soft dependency and not included in the pycaret installation. Please run: `pip install cuml` to install.
2026-03-26 15:16:59,687:WARNING:
'cuml' is a soft dependency and not included in the pycaret installation. Please run: `pip install cuml` to install.
2026-03-26 15:16:59,687:WARNING:
'cuml' is a soft dependency and not included in the pycaret installation. Please run: `pip install cuml` to install.
2026-03-26 15:16:59,687:WARNING:
'cuml' is a soft dependency and not included in the pycaret installation. Please run: `pip install cuml` to install.
2026-03-26 15:16:59,784:INFO:PyCaret RegressionExperiment
2026-03-26 15:16:59,784:INFO:Logging name: reg-default-name
2026-03-26 15:16:59,784:INFO:ML Usecase: MLUsecase.REGRESSION
2026-03-26 15:16:59,784:INFO:version 3.3.2
2026-03-26 15:16:59,784:INFO:Initializing setup()
2026-03-26 15:16:59,784:INFO:self.USI: ab02
2026-03-26 15:16:59,784:INFO:self._variable_keys: {'X_test', 'X', 'fold_groups_param', 'fold_shuffle_param', 'target_param', 'y_train', 'seed', 'exp_id', 'n_jobs_param', '_available_plots', 'y', 'pipeline', 'gpu_n_jobs_param', 'fold_generator', 'idx', 'log_plots_param', 'memory', 'X_train', 'exp_name_log', 'transform_target_param', 'USI', 'logging_param', 'html_param', 'gpu_param', 'y_test', '_ml_usecase', 'data'}
2026-03-26 15:16:59,784:INFO:Checking environment
2026-03-26 15:16:59,784:INFO:python_version: 3.10.6
2026-03-26 15:16:59,784:INFO:python_build: ('v3.10.6:9c7b4bd164', 'Aug  1 2022 17:13:48')
2026-03-26 15:16:59,784:INFO:machine: arm64
2026-03-26 15:16:59,801:INFO:platform: macOS-14.3-arm64-arm-64bit
2026-03-26 15:16:59,801:INFO:Memory: svmem(total=19327352832, available=4992040960, percent=74.2, used=7287472128, free=55590912, active=4925423616, inactive=4850663424, wired=2362048512)
2026-03-26 15:16:59,801:INFO:Physical Core: 11
2026-03-26 15:16:59,801:INFO:Logical Core: 11
2026-03-26 15:16:59,801:INFO:Checking libraries
2026-03-26 15:16:59,801:INFO:System:
2026-03-26 15:16:59,801:INFO:    python: 3.10.6 (v3.10.6:9c7b4bd164, Aug  1 2022, 17:13:48) [Clang 13.0.0 (clang-1300.0.29.30)]
2026-03-26 15:16:59,801:INFO:executable: /Users/lisanguyen/Documents/MLOps-project/.venv/bin/python
2026-03-26 15:16:59,801:INFO:   machine: macOS-14.3-arm64-arm-64bit
2026-03-26 15:16:59,801:INFO:PyCaret required dependencies:
2026-03-26 15:16:59,817:INFO:                 pip: 22.2.1
2026-03-26 15:16:59,817:INFO:          setuptools: 63.2.0
2026-03-26 15:16:59,817:INFO:             pycaret: 3.3.2
2026-03-26 15:16:59,817:INFO:             IPython: 8.38.0
2026-03-26 15:16:59,817:INFO:          ipywidgets: 8.1.8
2026-03-26 15:16:59,817:INFO:                tqdm: 4.67.3
2026-03-26 15:16:59,817:INFO:               numpy: 1.26.4
2026-03-26 15:16:59,817:INFO:              pandas: 2.1.4
2026-03-26 15:16:59,817:INFO:              jinja2: 3.1.6
2026-03-26 15:16:59,817:INFO:               scipy: 1.11.4
2026-03-26 15:16:59,817:INFO:              joblib: 1.3.2
2026-03-26 15:16:59,817:INFO:             sklearn: 1.4.2
2026-03-26 15:16:59,817:INFO:                pyod: 2.0.7
2026-03-26 15:16:59,817:INFO:            imblearn: 0.14.1
2026-03-26 15:16:59,817:INFO:   category_encoders: 2.7.0
2026-03-26 15:16:59,817:INFO:            lightgbm: 4.6.0
2026-03-26 15:16:59,817:INFO:               numba: 0.64.0
2026-03-26 15:16:59,817:INFO:            requests: 2.32.5
2026-03-26 15:16:59,817:INFO:          matplotlib: 3.7.5
2026-03-26 15:16:59,817:INFO:          scikitplot: 0.3.7
2026-03-26 15:16:59,817:INFO:         yellowbrick: 1.5
2026-03-26 15:16:59,817:INFO:              plotly: 6.6.0
2026-03-26 15:16:59,817:INFO:    plotly-resampler: Not installed
2026-03-26 15:16:59,817:INFO:             kaleido: 1.2.0
2026-03-26 15:16:59,817:INFO:           schemdraw: 0.15
2026-03-26 15:16:59,817:INFO:         statsmodels: 0.14.6
2026-03-26 15:16:59,817:INFO:              sktime: 0.26.0
2026-03-26 15:16:59,817:INFO:               tbats: 1.1.3
2026-03-26 15:16:59,817:INFO:            pmdarima: 2.0.4
2026-03-26 15:16:59,817:INFO:              psutil: 7.2.2
2026-03-26 15:16:59,817:INFO:          markupsafe: 3.0.3
2026-03-26 15:16:59,818:INFO:             pickle5: Not installed
2026-03-26 15:16:59,818:INFO:         cloudpickle: 3.1.2
2026-03-26 15:16:59,818:INFO:         deprecation: 2.1.0
2026-03-26 15:16:59,818:INFO:              xxhash: 3.6.0
2026-03-26 15:16:59,818:INFO:           wurlitzer: 3.1.1
2026-03-26 15:16:59,818:INFO:PyCaret optional dependencies:
2026-03-26 15:16:59,955:INFO:                shap: Not installed
2026-03-26 15:16:59,955:INFO:           interpret: Not installed
2026-03-26 15:16:59,955:INFO:                umap: Not installed
2026-03-26 15:16:59,955:INFO:     ydata_profiling: Not installed
2026-03-26 15:16:59,955:INFO:  explainerdashboard: Not installed
2026-03-26 15:16:59,955:INFO:             autoviz: Not installed
2026-03-26 15:16:59,955:INFO:           fairlearn: Not installed
2026-03-26 15:16:59,955:INFO:          deepchecks: Not installed
2026-03-26 15:16:59,955:INFO:             xgboost: Not installed
2026-03-26 15:16:59,955:INFO:            catboost: Not installed
2026-03-26 15:16:59,955:INFO:              kmodes: Not installed
2026-03-26 15:16:59,955:INFO:             mlxtend: Not installed
2026-03-26 15:16:59,955:INFO:       statsforecast: Not installed
2026-03-26 15:16:59,955:INFO:        tune_sklearn: Not installed
2026-03-26 15:16:59,955:INFO:                 ray: Not installed
2026-03-26 15:16:59,955:INFO:            hyperopt: Not installed
2026-03-26 15:16:59,955:INFO:              optuna: Not installed
2026-03-26 15:16:59,955:INFO:               skopt: Not installed
2026-03-26 15:16:59,955:INFO:              mlflow: Not installed
2026-03-26 15:16:59,955:INFO:              gradio: Not installed
2026-03-26 15:16:59,955:INFO:             fastapi: 0.135.1
2026-03-26 15:16:59,955:INFO:             uvicorn: 0.41.0
2026-03-26 15:16:59,955:INFO:              m2cgen: Not installed
2026-03-26 15:16:59,955:INFO:           evidently: Not installed
2026-03-26 15:16:59,955:INFO:               fugue: Not installed
2026-03-26 15:16:59,955:INFO:           streamlit: Not installed
2026-03-26 15:16:59,955:INFO:             prophet: Not installed
2026-03-26 15:16:59,955:INFO:None
2026-03-26 15:16:59,955:INFO:Set up data.
2026-03-26 15:16:59,966:INFO:Set up folding strategy.
2026-03-26 15:16:59,966:INFO:Set up train/test split.
2026-03-26 15:16:59,975:INFO:Set up index.
2026-03-26 15:16:59,975:INFO:Assigning column types.
2026-03-26 15:16:59,978:INFO:Engine successfully changes for model 'lr' to 'sklearn'.
2026-03-26 15:16:59,978:INFO:Engine for model 'lasso' has not been set explicitly, hence returning None.
2026-03-26 15:16:59,980:INFO:Engine for model 'ridge' has not been set explicitly, hence returning None.
2026-03-26 15:16:59,981:INFO:Engine for model 'en' has not been set explicitly, hence returning None.
2026-03-26 15:17:00,004:INFO:Engine for model 'svm' has not been set explicitly, hence returning None.
2026-03-26 15:17:00,019:INFO:Engine for model 'knn' has not been set explicitly, hence returning None.
2026-03-26 15:17:00,020:WARNING:
'xgboost' is a soft dependency and not included in the pycaret installation. Please run: `pip install xgboost` to install.
Alternately, you can install this by running `pip install pycaret[models]`
2026-03-26 15:17:00,020:WARNING:
'catboost' is a soft dependency and not included in the pycaret installation. Please run: `pip install catboost` to install.
Alternately, you can install this by running `pip install pycaret[models]`
2026-03-26 15:17:00,020:INFO:Engine for model 'lasso' has not been set explicitly, hence returning None.
2026-03-26 15:17:00,021:INFO:Engine for model 'ridge' has not been set explicitly, hence returning None.
2026-03-26 15:17:00,023:INFO:Engine for model 'en' has not been set explicitly, hence returning None.
2026-03-26 15:17:00,044:INFO:Engine for model 'svm' has not been set explicitly, hence returning None.
2026-03-26 15:17:00,058:INFO:Engine for model 'knn' has not been set explicitly, hence returning None.
2026-03-26 15:17:00,058:WARNING:
'xgboost' is a soft dependency and not included in the pycaret installation. Please run: `pip install xgboost` to install.
Alternately, you can install this by running `pip install pycaret[models]`
2026-03-26 15:17:00,058:WARNING:
'catboost' is a soft dependency and not included in the pycaret installation. Please run: `pip install catboost` to install.
Alternately, you can install this by running `pip install pycaret[models]`
2026-03-26 15:17:00,058:INFO:Engine successfully changes for model 'lasso' to 'sklearn'.
2026-03-26 15:17:00,060:INFO:Engine for model 'ridge' has not been set explicitly, hence returning None.
2026-03-26 15:17:00,061:INFO:Engine for model 'en' has not been set explicitly, hence returning None.
2026-03-26 15:17:00,082:INFO:Engine for model 'svm' has not been set explicitly, hence returning None.
2026-03-26 15:17:00,096:INFO:Engine for model 'knn' has not been set explicitly, hence returning None.
2026-03-26 15:17:00,096:WARNING:
'xgboost' is a soft dependency and not included in the pycaret installation. Please run: `pip install xgboost` to install.
Alternately, you can install this by running `pip install pycaret[models]`
2026-03-26 15:17:00,096:WARNING:
'catboost' is a soft dependency and not included in the pycaret installation. Please run: `pip install catboost` to install.
Alternately, you can install this by running `pip install pycaret[models]`
2026-03-26 15:17:00,098:INFO:Engine for model 'ridge' has not been set explicitly, hence returning None.
2026-03-26 15:17:00,099:INFO:Engine for model 'en' has not been set explicitly, hence returning None.
2026-03-26 15:17:00,119:INFO:Engine for model 'svm' has not been set explicitly, hence returning None.
2026-03-26 15:17:00,134:INFO:Engine for model 'knn' has not been set explicitly, hence returning None.
2026-03-26 15:17:00,134:WARNING:
'xgboost' is a soft dependency and not included in the pycaret installation. Please run: `pip install xgboost` to install.
Alternately, you can install this by running `pip install pycaret[models]`
2026-03-26 15:17:00,134:WARNING:
'catboost' is a soft dependency and not included in the pycaret installation. Please run: `pip install catboost` to install.
Alternately, you can install this by running `pip install pycaret[models]`
2026-03-26 15:17:00,134:INFO:Engine successfully changes for model 'ridge' to 'sklearn'.
2026-03-26 15:17:00,137:INFO:Engine for model 'en' has not been set explicitly, hence returning None.
2026-03-26 15:17:00,158:INFO:Engine for model 'svm' has not been set explicitly, hence returning None.
2026-03-26 15:17:00,172:INFO:Engine for model 'knn' has not been set explicitly, hence returning None.
2026-03-26 15:17:00,172:WARNING:
'xgboost' is a soft dependency and not included in the pycaret installation. Please run: `pip install xgboost` to install.
Alternately, you can install this by running `pip install pycaret[models]`
2026-03-26 15:17:00,172:WARNING:
'catboost' is a soft dependency and not included in the pycaret installation. Please run: `pip install catboost` to install.
Alternately, you can install this by running `pip install pycaret[models]`
2026-03-26 15:17:00,175:INFO:Engine for model 'en' has not been set explicitly, hence returning None.
2026-03-26 15:17:00,196:INFO:Engine for model 'svm' has not been set explicitly, hence returning None.
2026-03-26 15:17:00,210:INFO:Engine for model 'knn' has not been set explicitly, hence returning None.
2026-03-26 15:17:00,210:WARNING:
'xgboost' is a soft dependency and not included in the pycaret installation. Please run: `pip install xgboost` to install.
Alternately, you can install this by running `pip install pycaret[models]`
2026-03-26 15:17:00,210:WARNING:
'catboost' is a soft dependency and not included in the pycaret installation. Please run: `pip install catboost` to install.
Alternately, you can install this by running `pip install pycaret[models]`
2026-03-26 15:17:00,210:INFO:Engine successfully changes for model 'en' to 'sklearn'.
2026-03-26 15:17:00,233:INFO:Engine for model 'svm' has not been set explicitly, hence returning None.
2026-03-26 15:17:00,247:INFO:Engine for model 'knn' has not been set explicitly, hence returning None.
2026-03-26 15:17:00,247:WARNING:
'xgboost' is a soft dependency and not included in the pycaret installation. Please run: `pip install xgboost` to install.
Alternately, you can install this by running `pip install pycaret[models]`
2026-03-26 15:17:00,247:WARNING:
'catboost' is a soft dependency and not included in the pycaret installation. Please run: `pip install catboost` to install.
Alternately, you can install this by running `pip install pycaret[models]`
2026-03-26 15:17:00,272:INFO:Engine for model 'svm' has not been set explicitly, hence returning None.
2026-03-26 15:17:00,286:INFO:Engine for model 'knn' has not been set explicitly, hence returning None.
2026-03-26 15:17:00,286:WARNING:
'xgboost' is a soft dependency and not included in the pycaret installation. Please run: `pip install xgboost` to install.
Alternately, you can install this by running `pip install pycaret[models]`
2026-03-26 15:17:00,286:WARNING:
'catboost' is a soft dependency and not included in the pycaret installation. Please run: `pip install catboost` to install.
Alternately, you can install this by running `pip install pycaret[models]`
2026-03-26 15:17:00,286:INFO:Engine successfully changes for model 'knn' to 'sklearn'.
2026-03-26 15:17:00,310:INFO:Engine for model 'svm' has not been set explicitly, hence returning None.
2026-03-26 15:17:00,324:WARNING:
'xgboost' is a soft dependency and not included in the pycaret installation. Please run: `pip install xgboost` to install.
Alternately, you can install this by running `pip install pycaret[models]`
2026-03-26 15:17:00,324:WARNING:
'catboost' is a soft dependency and not included in the pycaret installation. Please run: `pip install catboost` to install.
Alternately, you can install this by running `pip install pycaret[models]`
2026-03-26 15:17:00,347:INFO:Engine for model 'svm' has not been set explicitly, hence returning None.
2026-03-26 15:17:00,362:WARNING:
'xgboost' is a soft dependency and not included in the pycaret installation. Please run: `pip install xgboost` to install.
Alternately, you can install this by running `pip install pycaret[models]`
2026-03-26 15:17:00,362:WARNING:
'catboost' is a soft dependency and not included in the pycaret installation. Please run: `pip install catboost` to install.
Alternately, you can install this by running `pip install pycaret[models]`
2026-03-26 15:17:00,362:INFO:Engine successfully changes for model 'svm' to 'sklearn'.
2026-03-26 15:17:00,399:WARNING:
'xgboost' is a soft dependency and not included in the pycaret installation. Please run: `pip install xgboost` to install.
Alternately, you can install this by running `pip install pycaret[models]`
2026-03-26 15:17:00,399:WARNING:
'catboost' is a soft dependency and not included in the pycaret installation. Please run: `pip install catboost` to install.
Alternately, you can install this by running `pip install pycaret[models]`
2026-03-26 15:17:00,437:WARNING:
'xgboost' is a soft dependency and not included in the pycaret installation. Please run: `pip install xgboost` to install.
Alternately, you can install this by running `pip install pycaret[models]`
2026-03-26 15:17:00,437:WARNING:
'catboost' is a soft dependency and not included in the pycaret installation. Please run: `pip install catboost` to install.
Alternately, you can install this by running `pip install pycaret[models]`
2026-03-26 15:17:00,438:INFO:Preparing preprocessing pipeline...
2026-03-26 15:17:00,438:INFO:Set up simple imputation.
2026-03-26 15:17:00,442:INFO:Set up encoding of ordinal features.
2026-03-26 15:17:00,445:INFO:Set up encoding of categorical features.
2026-03-26 15:17:00,592:INFO:Finished creating preprocessing pipeline.
2026-03-26 15:17:00,607:INFO:Pipeline: Pipeline(memory=FastMemory(location=/var/folders/k6/8ngcf3nx77l7c565qr86j25m0000gn/T/joblib),
         steps=[('numerical_imputer',
                 TransformerWrapper(include=['Id', 'MSSubClass', 'LotFrontage',
                                             'LotArea', 'OverallQual',
                                             'OverallCond', 'YearBuilt',
                                             'YearRemodAdd', 'MasVnrArea',
                                             'BsmtFinSF1', 'BsmtFinSF2',
                                             'BsmtUnfSF', 'TotalBsmtSF',
                                             '1stFlrSF', '2ndFlrSF',
                                             'LowQualFinSF', 'G...
                                                                    'Condition2',
                                                                    'BldgType',
                                                                    'HouseStyle',
                                                                    'RoofStyle',
                                                                    'RoofMatl',
                                                                    'Exterior1st',
                                                                    'Exterior2nd',
                                                                    'MasVnrType',
                                                                    'ExterQual',
                                                                    'ExterCond',
                                                                    'Foundation',
                                                                    'BsmtQual',
                                                                    'BsmtCond',
                                                                    'BsmtExposure',
                                                                    'BsmtFinType1',
                                                                    'BsmtFinType2',
                                                                    'Heating',
                                                                    'HeatingQC',
                                                                    'Electrical',
                                                                    'KitchenQual',
                                                                    'Functional',
                                                                    'FireplaceQu',
                                                                    'GarageType', ...],
                                                              handle_missing='return_nan',
                                                              use_cat_names=True)))])
2026-03-26 15:17:00,607:INFO:Creating final display dataframe.
2026-03-26 15:17:01,135:INFO:Setup _display_container:                     Description             Value
0                    Session id              5694
1                        Target         SalePrice
2                   Target type        Regression
3           Original data shape        (1460, 81)
4        Transformed data shape       (1460, 278)
5   Transformed train set shape       (1021, 278)
6    Transformed test set shape        (439, 278)
7              Numeric features                37
8          Categorical features                43
9      Rows with missing values            100.0%
10                   Preprocess              True
11              Imputation type            simple
12           Numeric imputation              mean
13       Categorical imputation              mode
14     Maximum one-hot encoding                25
15              Encoding method              None
16               Fold Generator             KFold
17                  Fold Number                10
18                     CPU Jobs                -1
19                      Use GPU             False
20               Log Experiment             False
21              Experiment Name  reg-default-name
22                          USI              ab02
2026-03-26 15:17:01,176:WARNING:
'xgboost' is a soft dependency and not included in the pycaret installation. Please run: `pip install xgboost` to install.
Alternately, you can install this by running `pip install pycaret[models]`
2026-03-26 15:17:01,176:WARNING:
'catboost' is a soft dependency and not included in the pycaret installation. Please run: `pip install catboost` to install.
Alternately, you can install this by running `pip install pycaret[models]`
2026-03-26 15:17:01,214:WARNING:
'xgboost' is a soft dependency and not included in the pycaret installation. Please run: `pip install xgboost` to install.
Alternately, you can install this by running `pip install pycaret[models]`
2026-03-26 15:17:01,215:WARNING:
'catboost' is a soft dependency and not included in the pycaret installation. Please run: `pip install catboost` to install.
Alternately, you can install this by running `pip install pycaret[models]`
2026-03-26 15:17:01,215:INFO:setup() successfully completed in 1.43s...............
2026-03-26 15:17:01,215:INFO:Initializing compare_models()
2026-03-26 15:17:01,215:INFO:compare_models(self=<pycaret.regression.oop.RegressionExperiment object at 0x1236d3550>, include=None, fold=None, round=4, cross_validation=True, sort=RMSE, n_select=1, budget_time=None, turbo=True, errors=ignore, fit_kwargs=None, groups=None, experiment_custom_tags=None, probability_threshold=None, verbose=True, parallel=None, caller_params={'self': <pycaret.regression.oop.RegressionExperiment object at 0x1236d3550>, 'include': None, 'exclude': None, 'fold': None, 'round': 4, 'cross_validation': True, 'sort': 'RMSE', 'n_select': 1, 'budget_time': None, 'turbo': True, 'errors': 'ignore', 'fit_kwargs': None, 'groups': None, 'experiment_custom_tags': None, 'engine': None, 'verbose': True, 'parallel': None, '__class__': <class 'pycaret.regression.oop.RegressionExperiment'>}, exclude=None)
2026-03-26 15:17:01,215:INFO:Checking exceptions
2026-03-26 15:17:01,216:INFO:Preparing display monitor
2026-03-26 15:17:01,270:INFO:Initializing Linear Regression
2026-03-26 15:17:01,270:INFO:Total runtime is 1.8517176310221354e-06 minutes
2026-03-26 15:17:01,270:INFO:SubProcess create_model() called ==================================
2026-03-26 15:17:01,270:INFO:Initializing create_model()
2026-03-26 15:17:01,270:INFO:create_model(self=<pycaret.regression.oop.RegressionExperiment object at 0x1236d3550>, estimator=lr, fold=KFold(n_splits=10, random_state=None, shuffle=False), round=4, cross_validation=True, predict=True, fit_kwargs={}, groups=None, refit=False, probability_threshold=None, experiment_custom_tags=None, verbose=False, system=False, add_to_model_list=True, metrics=None, display=<pycaret.internal.display.display.CommonDisplay object at 0x29dc52a40>, model_only=True, return_train_score=False, error_score=0.0, kwargs={})
2026-03-26 15:17:01,270:INFO:Checking exceptions
2026-03-26 15:17:01,270:INFO:Importing libraries
2026-03-26 15:17:01,270:INFO:Copying training dataset
2026-03-26 15:17:01,275:INFO:Defining folds
2026-03-26 15:17:01,275:INFO:Declaring metric variables
2026-03-26 15:17:01,275:INFO:Importing untrained model
2026-03-26 15:17:01,275:INFO:Linear Regression Imported successfully
2026-03-26 15:17:01,276:INFO:Starting cross validation
2026-03-26 15:17:01,281:INFO:Cross validating with KFold(n_splits=10, random_state=None, shuffle=False), n_jobs=-1
2026-03-26 15:17:04,203:INFO:Calculating mean and std
2026-03-26 15:17:04,204:INFO:Creating metrics dataframe
2026-03-26 15:17:04,208:INFO:Uploading results into container
2026-03-26 15:17:04,209:INFO:Uploading model into container now
2026-03-26 15:17:04,209:INFO:_master_model_container: 1
2026-03-26 15:17:04,210:INFO:_display_container: 2
2026-03-26 15:17:04,210:INFO:LinearRegression(n_jobs=-1)
2026-03-26 15:17:04,210:INFO:create_model() successfully completed......................................
2026-03-26 15:17:04,274:INFO:SubProcess create_model() end ==================================
2026-03-26 15:17:04,275:INFO:Creating metrics dataframe
2026-03-26 15:17:04,276:INFO:Initializing Lasso Regression
2026-03-26 15:17:04,276:INFO:Total runtime is 0.05010031461715698 minutes
2026-03-26 15:17:04,276:INFO:SubProcess create_model() called ==================================
2026-03-26 15:17:04,276:INFO:Initializing create_model()
2026-03-26 15:17:04,276:INFO:create_model(self=<pycaret.regression.oop.RegressionExperiment object at 0x1236d3550>, estimator=lasso, fold=KFold(n_splits=10, random_state=None, shuffle=False), round=4, cross_validation=True, predict=True, fit_kwargs={}, groups=None, refit=False, probability_threshold=None, experiment_custom_tags=None, verbose=False, system=False, add_to_model_list=True, metrics=None, display=<pycaret.internal.display.display.CommonDisplay object at 0x29dc52a40>, model_only=True, return_train_score=False, error_score=0.0, kwargs={})
2026-03-26 15:17:04,276:INFO:Checking exceptions
2026-03-26 15:17:04,276:INFO:Importing libraries
2026-03-26 15:17:04,276:INFO:Copying training dataset
2026-03-26 15:17:04,280:INFO:Defining folds
2026-03-26 15:17:04,280:INFO:Declaring metric variables
2026-03-26 15:17:04,280:INFO:Importing untrained model
2026-03-26 15:17:04,280:INFO:Lasso Regression Imported successfully
2026-03-26 15:17:04,280:INFO:Starting cross validation
2026-03-26 15:17:04,282:INFO:Cross validating with KFold(n_splits=10, random_state=None, shuffle=False), n_jobs=-1
2026-03-26 15:17:04,835:WARNING:/Users/lisanguyen/Documents/MLOps-project/.venv/lib/python3.10/site-packages/sklearn/linear_model/_coordinate_descent.py:678: ConvergenceWarning: Objective did not converge. You might want to increase the number of iterations, check the scale of the features or consider increasing regularisation. Duality gap: 1.151e+11, tolerance: 6.262e+08
  model = cd_fast.enet_coordinate_descent(

2026-03-26 15:17:04,879:WARNING:/Users/lisanguyen/Documents/MLOps-project/.venv/lib/python3.10/site-packages/sklearn/linear_model/_coordinate_descent.py:678: ConvergenceWarning: Objective did not converge. You might want to increase the number of iterations, check the scale of the features or consider increasing regularisation. Duality gap: 7.039e+10, tolerance: 6.101e+08
  model = cd_fast.enet_coordinate_descent(

2026-03-26 15:17:04,880:WARNING:/Users/lisanguyen/Documents/MLOps-project/.venv/lib/python3.10/site-packages/sklearn/linear_model/_coordinate_descent.py:678: ConvergenceWarning: Objective did not converge. You might want to increase the number of iterations, check the scale of the features or consider increasing regularisation. Duality gap: 1.404e+11, tolerance: 5.995e+08
  model = cd_fast.enet_coordinate_descent(

2026-03-26 15:17:04,885:WARNING:/Users/lisanguyen/Documents/MLOps-project/.venv/lib/python3.10/site-packages/sklearn/linear_model/_coordinate_descent.py:678: ConvergenceWarning: Objective did not converge. You might want to increase the number of iterations, check the scale of the features or consider increasing regularisation. Duality gap: 1.264e+11, tolerance: 5.876e+08
  model = cd_fast.enet_coordinate_descent(

2026-03-26 15:17:04,893:WARNING:/Users/lisanguyen/Documents/MLOps-project/.venv/lib/python3.10/site-packages/sklearn/linear_model/_coordinate_descent.py:678: ConvergenceWarning: Objective did not converge. You might want to increase the number of iterations, check the scale of the features or consider increasing regularisation. Duality gap: 1.595e+11, tolerance: 6.390e+08
  model = cd_fast.enet_coordinate_descent(

2026-03-26 15:17:04,914:WARNING:/Users/lisanguyen/Documents/MLOps-project/.venv/lib/python3.10/site-packages/sklearn/linear_model/_coordinate_descent.py:678: ConvergenceWarning: Objective did not converge. You might want to increase the number of iterations, check the scale of the features or consider increasing regularisation. Duality gap: 1.511e+11, tolerance: 6.145e+08
  model = cd_fast.enet_coordinate_descent(

2026-03-26 15:17:04,927:WARNING:/Users/lisanguyen/Documents/MLOps-project/.venv/lib/python3.10/site-packages/sklearn/linear_model/_coordinate_descent.py:678: ConvergenceWarning: Objective did not converge. You might want to increase the number of iterations, check the scale of the features or consider increasing regularisation. Duality gap: 1.171e+11, tolerance: 6.356e+08
  model = cd_fast.enet_coordinate_descent(

2026-03-26 15:17:04,937:WARNING:/Users/lisanguyen/Documents/MLOps-project/.venv/lib/python3.10/site-packages/sklearn/linear_model/_coordinate_descent.py:678: ConvergenceWarning: Objective did not converge. You might want to increase the number of iterations, check the scale of the features or consider increasing regularisation. Duality gap: 5.914e+10, tolerance: 6.331e+08
  model = cd_fast.enet_coordinate_descent(

2026-03-26 15:17:05,586:WARNING:/Users/lisanguyen/Documents/MLOps-project/.venv/lib/python3.10/site-packages/sklearn/linear_model/_coordinate_descent.py:678: ConvergenceWarning: Objective did not converge. You might want to increase the number of iterations, check the scale of the features or consider increasing regularisation. Duality gap: 1.390e+11, tolerance: 6.215e+08
  model = cd_fast.enet_coordinate_descent(

2026-03-26 15:17:05,631:INFO:Calculating mean and std
2026-03-26 15:17:05,631:INFO:Creating metrics dataframe
2026-03-26 15:17:05,632:INFO:Uploading results into container
2026-03-26 15:17:05,632:INFO:Uploading model into container now
2026-03-26 15:17:05,632:INFO:_master_model_container: 2
2026-03-26 15:17:05,632:INFO:_display_container: 2
2026-03-26 15:17:05,632:INFO:Lasso(random_state=5694)
2026-03-26 15:17:05,632:INFO:create_model() successfully completed......................................
2026-03-26 15:17:05,672:INFO:SubProcess create_model() end ==================================
2026-03-26 15:17:05,672:INFO:Creating metrics dataframe
2026-03-26 15:17:05,673:INFO:Initializing Ridge Regression
2026-03-26 15:17:05,673:INFO:Total runtime is 0.07338410218556722 minutes
2026-03-26 15:17:05,673:INFO:SubProcess create_model() called ==================================
2026-03-26 15:17:05,673:INFO:Initializing create_model()
2026-03-26 15:17:05,673:INFO:create_model(self=<pycaret.regression.oop.RegressionExperiment object at 0x1236d3550>, estimator=ridge, fold=KFold(n_splits=10, random_state=None, shuffle=False), round=4, cross_validation=True, predict=True, fit_kwargs={}, groups=None, refit=False, probability_threshold=None, experiment_custom_tags=None, verbose=False, system=False, add_to_model_list=True, metrics=None, display=<pycaret.internal.display.display.CommonDisplay object at 0x29dc52a40>, model_only=True, return_train_score=False, error_score=0.0, kwargs={})
2026-03-26 15:17:05,673:INFO:Checking exceptions
2026-03-26 15:17:05,673:INFO:Importing libraries
2026-03-26 15:17:05,673:INFO:Copying training dataset
2026-03-26 15:17:05,677:INFO:Defining folds
2026-03-26 15:17:05,677:INFO:Declaring metric variables
2026-03-26 15:17:05,677:INFO:Importing untrained model
2026-03-26 15:17:05,677:INFO:Ridge Regression Imported successfully
2026-03-26 15:17:05,677:INFO:Starting cross validation
2026-03-26 15:17:05,680:INFO:Cross validating with KFold(n_splits=10, random_state=None, shuffle=False), n_jobs=-1
2026-03-26 15:17:06,189:INFO:Calculating mean and std
2026-03-26 15:17:06,190:INFO:Creating metrics dataframe
2026-03-26 15:17:06,190:INFO:Uploading results into container
2026-03-26 15:17:06,191:INFO:Uploading model into container now
2026-03-26 15:17:06,191:INFO:_master_model_container: 3
2026-03-26 15:17:06,191:INFO:_display_container: 2
2026-03-26 15:17:06,191:INFO:Ridge(random_state=5694)
2026-03-26 15:17:06,191:INFO:create_model() successfully completed......................................
2026-03-26 15:17:06,231:INFO:SubProcess create_model() end ==================================
2026-03-26 15:17:06,231:INFO:Creating metrics dataframe
2026-03-26 15:17:06,232:INFO:Initializing Elastic Net
2026-03-26 15:17:06,232:INFO:Total runtime is 0.08270504872004192 minutes
2026-03-26 15:17:06,232:INFO:SubProcess create_model() called ==================================
2026-03-26 15:17:06,232:INFO:Initializing create_model()
2026-03-26 15:17:06,232:INFO:create_model(self=<pycaret.regression.oop.RegressionExperiment object at 0x1236d3550>, estimator=en, fold=KFold(n_splits=10, random_state=None, shuffle=False), round=4, cross_validation=True, predict=True, fit_kwargs={}, groups=None, refit=False, probability_threshold=None, experiment_custom_tags=None, verbose=False, system=False, add_to_model_list=True, metrics=None, display=<pycaret.internal.display.display.CommonDisplay object at 0x29dc52a40>, model_only=True, return_train_score=False, error_score=0.0, kwargs={})
2026-03-26 15:17:06,232:INFO:Checking exceptions
2026-03-26 15:17:06,232:INFO:Importing libraries
2026-03-26 15:17:06,232:INFO:Copying training dataset
2026-03-26 15:17:06,237:INFO:Defining folds
2026-03-26 15:17:06,237:INFO:Declaring metric variables
2026-03-26 15:17:06,237:INFO:Importing untrained model
2026-03-26 15:17:06,237:INFO:Elastic Net Imported successfully
2026-03-26 15:17:06,237:INFO:Starting cross validation
2026-03-26 15:17:06,239:INFO:Cross validating with KFold(n_splits=10, random_state=None, shuffle=False), n_jobs=-1
2026-03-26 15:17:06,833:WARNING:/Users/lisanguyen/Documents/MLOps-project/.venv/lib/python3.10/site-packages/sklearn/linear_model/_coordinate_descent.py:678: ConvergenceWarning: Objective did not converge. You might want to increase the number of iterations, check the scale of the features or consider increasing regularisation. Duality gap: 3.795e+11, tolerance: 6.215e+08
  model = cd_fast.enet_coordinate_descent(

2026-03-26 15:17:06,864:WARNING:/Users/lisanguyen/Documents/MLOps-project/.venv/lib/python3.10/site-packages/sklearn/linear_model/_coordinate_descent.py:678: ConvergenceWarning: Objective did not converge. You might want to increase the number of iterations, check the scale of the features or consider increasing regularisation. Duality gap: 3.579e+11, tolerance: 6.101e+08
  model = cd_fast.enet_coordinate_descent(

2026-03-26 15:17:06,870:WARNING:/Users/lisanguyen/Documents/MLOps-project/.venv/lib/python3.10/site-packages/sklearn/linear_model/_coordinate_descent.py:678: ConvergenceWarning: Objective did not converge. You might want to increase the number of iterations, check the scale of the features or consider increasing regularisation. Duality gap: 3.845e+11, tolerance: 5.995e+08
  model = cd_fast.enet_coordinate_descent(

2026-03-26 15:17:06,899:WARNING:/Users/lisanguyen/Documents/MLOps-project/.venv/lib/python3.10/site-packages/sklearn/linear_model/_coordinate_descent.py:678: ConvergenceWarning: Objective did not converge. You might want to increase the number of iterations, check the scale of the features or consider increasing regularisation. Duality gap: 3.832e+11, tolerance: 6.262e+08
  model = cd_fast.enet_coordinate_descent(

2026-03-26 15:17:06,901:WARNING:/Users/lisanguyen/Documents/MLOps-project/.venv/lib/python3.10/site-packages/sklearn/linear_model/_coordinate_descent.py:678: ConvergenceWarning: Objective did not converge. You might want to increase the number of iterations, check the scale of the features or consider increasing regularisation. Duality gap: 3.842e+11, tolerance: 6.300e+08
  model = cd_fast.enet_coordinate_descent(

2026-03-26 15:17:06,912:WARNING:/Users/lisanguyen/Documents/MLOps-project/.venv/lib/python3.10/site-packages/sklearn/linear_model/_coordinate_descent.py:678: ConvergenceWarning: Objective did not converge. You might want to increase the number of iterations, check the scale of the features or consider increasing regularisation. Duality gap: 3.998e+11, tolerance: 6.331e+08
  model = cd_fast.enet_coordinate_descent(

2026-03-26 15:17:06,921:WARNING:/Users/lisanguyen/Documents/MLOps-project/.venv/lib/python3.10/site-packages/sklearn/linear_model/_coordinate_descent.py:678: ConvergenceWarning: Objective did not converge. You might want to increase the number of iterations, check the scale of the features or consider increasing regularisation. Duality gap: 3.832e+11, tolerance: 5.876e+08
  model = cd_fast.enet_coordinate_descent(

2026-03-26 15:17:06,924:WARNING:/Users/lisanguyen/Documents/MLOps-project/.venv/lib/python3.10/site-packages/sklearn/linear_model/_coordinate_descent.py:678: ConvergenceWarning: Objective did not converge. You might want to increase the number of iterations, check the scale of the features or consider increasing regularisation. Duality gap: 3.910e+11, tolerance: 6.145e+08
  model = cd_fast.enet_coordinate_descent(

2026-03-26 15:17:06,948:WARNING:/Users/lisanguyen/Documents/MLOps-project/.venv/lib/python3.10/site-packages/sklearn/linear_model/_coordinate_descent.py:678: ConvergenceWarning: Objective did not converge. You might want to increase the number of iterations, check the scale of the features or consider increasing regularisation. Duality gap: 4.048e+11, tolerance: 6.390e+08
  model = cd_fast.enet_coordinate_descent(

2026-03-26 15:17:06,964:WARNING:/Users/lisanguyen/Documents/MLOps-project/.venv/lib/python3.10/site-packages/sklearn/linear_model/_coordinate_descent.py:678: ConvergenceWarning: Objective did not converge. You might want to increase the number of iterations, check the scale of the features or consider increasing regularisation. Duality gap: 4.075e+11, tolerance: 6.356e+08
  model = cd_fast.enet_coordinate_descent(

2026-03-26 15:17:07,015:INFO:Calculating mean and std
2026-03-26 15:17:07,015:INFO:Creating metrics dataframe
2026-03-26 15:17:07,016:INFO:Uploading results into container
2026-03-26 15:17:07,016:INFO:Uploading model into container now
2026-03-26 15:17:07,016:INFO:_master_model_container: 4
2026-03-26 15:17:07,016:INFO:_display_container: 2
2026-03-26 15:17:07,016:INFO:ElasticNet(random_state=5694)
2026-03-26 15:17:07,016:INFO:create_model() successfully completed......................................
2026-03-26 15:17:07,051:INFO:SubProcess create_model() end ==================================
2026-03-26 15:17:07,051:INFO:Creating metrics dataframe
2026-03-26 15:17:07,052:INFO:Initializing Least Angle Regression
2026-03-26 15:17:07,052:INFO:Total runtime is 0.09637669722239177 minutes
2026-03-26 15:17:07,052:INFO:SubProcess create_model() called ==================================
2026-03-26 15:17:07,052:INFO:Initializing create_model()
2026-03-26 15:17:07,052:INFO:create_model(self=<pycaret.regression.oop.RegressionExperiment object at 0x1236d3550>, estimator=lar, fold=KFold(n_splits=10, random_state=None, shuffle=False), round=4, cross_validation=True, predict=True, fit_kwargs={}, groups=None, refit=False, probability_threshold=None, experiment_custom_tags=None, verbose=False, system=False, add_to_model_list=True, metrics=None, display=<pycaret.internal.display.display.CommonDisplay object at 0x29dc52a40>, model_only=True, return_train_score=False, error_score=0.0, kwargs={})
2026-03-26 15:17:07,052:INFO:Checking exceptions
2026-03-26 15:17:07,052:INFO:Importing libraries
2026-03-26 15:17:07,052:INFO:Copying training dataset
2026-03-26 15:17:07,056:INFO:Defining folds
2026-03-26 15:17:07,056:INFO:Declaring metric variables
2026-03-26 15:17:07,056:INFO:Importing untrained model
2026-03-26 15:17:07,056:INFO:Least Angle Regression Imported successfully
2026-03-26 15:17:07,056:INFO:Starting cross validation
2026-03-26 15:17:07,059:INFO:Cross validating with KFold(n_splits=10, random_state=None, shuffle=False), n_jobs=-1
2026-03-26 15:17:07,401:WARNING:/Users/lisanguyen/Documents/MLOps-project/.venv/lib/python3.10/site-packages/sklearn/linear_model/_least_angle.py:688: ConvergenceWarning: Regressors in active set degenerate. Dropping a regressor, after 259 iterations, i.e. alpha=1.277e+03, with an active set of 209 regressors, and the smallest cholesky pivot element being 1.054e-08. Reduce max_iter or increase eps parameters.
  warnings.warn(

2026-03-26 15:17:07,413:WARNING:/Users/lisanguyen/Documents/MLOps-project/.venv/lib/python3.10/site-packages/sklearn/linear_model/_least_angle.py:688: ConvergenceWarning: Regressors in active set degenerate. Dropping a regressor, after 117 iterations, i.e. alpha=1.373e+02, with an active set of 109 regressors, and the smallest cholesky pivot element being 2.220e-16. Reduce max_iter or increase eps parameters.
  warnings.warn(

2026-03-26 15:17:07,414:WARNING:/Users/lisanguyen/Documents/MLOps-project/.venv/lib/python3.10/site-packages/sklearn/linear_model/_least_angle.py:688: ConvergenceWarning: Regressors in active set degenerate. Dropping a regressor, after 118 iterations, i.e. alpha=1.361e+02, with an active set of 110 regressors, and the smallest cholesky pivot element being 2.220e-16. Reduce max_iter or increase eps parameters.
  warnings.warn(

2026-03-26 15:17:07,414:WARNING:/Users/lisanguyen/Documents/MLOps-project/.venv/lib/python3.10/site-packages/sklearn/linear_model/_least_angle.py:688: ConvergenceWarning: Regressors in active set degenerate. Dropping a regressor, after 120 iterations, i.e. alpha=1.351e+02, with an active set of 112 regressors, and the smallest cholesky pivot element being 2.220e-16. Reduce max_iter or increase eps parameters.
  warnings.warn(

2026-03-26 15:17:07,422:WARNING:/Users/lisanguyen/Documents/MLOps-project/.venv/lib/python3.10/site-packages/sklearn/linear_model/_least_angle.py:688: ConvergenceWarning: Regressors in active set degenerate. Dropping a regressor, after 351 iterations, i.e. alpha=8.785e+05, with an active set of 273 regressors, and the smallest cholesky pivot element being 1.054e-08. Reduce max_iter or increase eps parameters.
  warnings.warn(

2026-03-26 15:17:07,422:WARNING:/Users/lisanguyen/Documents/MLOps-project/.venv/lib/python3.10/site-packages/sklearn/linear_model/_least_angle.py:688: ConvergenceWarning: Regressors in active set degenerate. Dropping a regressor, after 351 iterations, i.e. alpha=5.805e+05, with an active set of 273 regressors, and the smallest cholesky pivot element being 1.054e-08. Reduce max_iter or increase eps parameters.
  warnings.warn(

2026-03-26 15:17:07,437:WARNING:/Users/lisanguyen/Documents/MLOps-project/.venv/lib/python3.10/site-packages/sklearn/linear_model/_least_angle.py:688: ConvergenceWarning: Regressors in active set degenerate. Dropping a regressor, after 242 iterations, i.e. alpha=3.556e+04, with an active set of 189 regressors, and the smallest cholesky pivot element being 1.825e-08. Reduce max_iter or increase eps parameters.
  warnings.warn(

2026-03-26 15:17:07,442:WARNING:/Users/lisanguyen/Documents/MLOps-project/.venv/lib/python3.10/site-packages/sklearn/linear_model/_least_angle.py:688: ConvergenceWarning: Regressors in active set degenerate. Dropping a regressor, after 356 iterations, i.e. alpha=1.322e+05, with an active set of 272 regressors, and the smallest cholesky pivot element being 1.825e-08. Reduce max_iter or increase eps parameters.
  warnings.warn(

2026-03-26 15:17:07,458:WARNING:/Users/lisanguyen/Documents/MLOps-project/.venv/lib/python3.10/site-packages/sklearn/linear_model/_least_angle.py:688: ConvergenceWarning: Regressors in active set degenerate. Dropping a regressor, after 84 iterations, i.e. alpha=2.114e+02, with an active set of 81 regressors, and the smallest cholesky pivot element being 2.220e-16. Reduce max_iter or increase eps parameters.
  warnings.warn(

2026-03-26 15:17:07,461:WARNING:/Users/lisanguyen/Documents/MLOps-project/.venv/lib/python3.10/site-packages/sklearn/linear_model/_least_angle.py:688: ConvergenceWarning: Regressors in active set degenerate. Dropping a regressor, after 110 iterations, i.e. alpha=1.357e+02, with an active set of 105 regressors, and the smallest cholesky pivot element being 2.220e-16. Reduce max_iter or increase eps parameters.
  warnings.warn(

2026-03-26 15:17:07,462:WARNING:/Users/lisanguyen/Documents/MLOps-project/.venv/lib/python3.10/site-packages/sklearn/linear_model/_least_angle.py:688: ConvergenceWarning: Regressors in active set degenerate. Dropping a regressor, after 114 iterations, i.e. alpha=2.314e+02, with an active set of 108 regressors, and the smallest cholesky pivot element being 2.220e-16. Reduce max_iter or increase eps parameters.
  warnings.warn(

2026-03-26 15:17:07,462:WARNING:/Users/lisanguyen/Documents/MLOps-project/.venv/lib/python3.10/site-packages/sklearn/linear_model/_least_angle.py:688: ConvergenceWarning: Regressors in active set degenerate. Dropping a regressor, after 115 iterations, i.e. alpha=1.326e+02, with an active set of 109 regressors, and the smallest cholesky pivot element being 2.220e-16. Reduce max_iter or increase eps parameters.
  warnings.warn(

2026-03-26 15:17:07,462:WARNING:/Users/lisanguyen/Documents/MLOps-project/.venv/lib/python3.10/site-packages/sklearn/linear_model/_least_angle.py:688: ConvergenceWarning: Regressors in active set degenerate. Dropping a regressor, after 116 iterations, i.e. alpha=1.314e+02, with an active set of 110 regressors, and the smallest cholesky pivot element being 2.220e-16. Reduce max_iter or increase eps parameters.
  warnings.warn(

2026-03-26 15:17:07,462:WARNING:/Users/lisanguyen/Documents/MLOps-project/.venv/lib/python3.10/site-packages/sklearn/linear_model/_least_angle.py:688: ConvergenceWarning: Regressors in active set degenerate. Dropping a regressor, after 117 iterations, i.e. alpha=1.307e+02, with an active set of 111 regressors, and the smallest cholesky pivot element being 2.220e-16. Reduce max_iter or increase eps parameters.
  warnings.warn(

2026-03-26 15:17:07,462:WARNING:/Users/lisanguyen/Documents/MLOps-project/.venv/lib/python3.10/site-packages/sklearn/linear_model/_least_angle.py:688: ConvergenceWarning: Regressors in active set degenerate. Dropping a regressor, after 119 iterations, i.e. alpha=1.202e+02, with an active set of 113 regressors, and the smallest cholesky pivot element being 2.220e-16. Reduce max_iter or increase eps parameters.
  warnings.warn(

2026-03-26 15:17:07,462:WARNING:/Users/lisanguyen/Documents/MLOps-project/.venv/lib/python3.10/site-packages/sklearn/linear_model/_least_angle.py:688: ConvergenceWarning: Regressors in active set degenerate. Dropping a regressor, after 120 iterations, i.e. alpha=1.183e+02, with an active set of 114 regressors, and the smallest cholesky pivot element being 2.220e-16. Reduce max_iter or increase eps parameters.
  warnings.warn(

2026-03-26 15:17:07,463:WARNING:/Users/lisanguyen/Documents/MLOps-project/.venv/lib/python3.10/site-packages/sklearn/linear_model/_least_angle.py:688: ConvergenceWarning: Regressors in active set degenerate. Dropping a regressor, after 122 iterations, i.e. alpha=1.175e+02, with an active set of 116 regressors, and the smallest cholesky pivot element being 2.220e-16. Reduce max_iter or increase eps parameters.
  warnings.warn(

2026-03-26 15:17:07,463:WARNING:/Users/lisanguyen/Documents/MLOps-project/.venv/lib/python3.10/site-packages/sklearn/linear_model/_least_angle.py:688: ConvergenceWarning: Regressors in active set degenerate. Dropping a regressor, after 123 iterations, i.e. alpha=1.161e+02, with an active set of 117 regressors, and the smallest cholesky pivot element being 2.220e-16. Reduce max_iter or increase eps parameters.
  warnings.warn(

2026-03-26 15:17:07,463:WARNING:/Users/lisanguyen/Documents/MLOps-project/.venv/lib/python3.10/site-packages/sklearn/linear_model/_least_angle.py:688: ConvergenceWarning: Regressors in active set degenerate. Dropping a regressor, after 308 iterations, i.e. alpha=3.320e+03, with an active set of 231 regressors, and the smallest cholesky pivot element being 1.054e-08. Reduce max_iter or increase eps parameters.
  warnings.warn(

2026-03-26 15:17:07,463:WARNING:/Users/lisanguyen/Documents/MLOps-project/.venv/lib/python3.10/site-packages/sklearn/linear_model/_least_angle.py:688: ConvergenceWarning: Regressors in active set degenerate. Dropping a regressor, after 125 iterations, i.e. alpha=2.146e+02, with an active set of 118 regressors, and the smallest cholesky pivot element being 2.220e-16. Reduce max_iter or increase eps parameters.
  warnings.warn(

2026-03-26 15:17:07,463:WARNING:/Users/lisanguyen/Documents/MLOps-project/.venv/lib/python3.10/site-packages/sklearn/linear_model/_least_angle.py:688: ConvergenceWarning: Regressors in active set degenerate. Dropping a regressor, after 126 iterations, i.e. alpha=1.138e+02, with an active set of 119 regressors, and the smallest cholesky pivot element being 2.220e-16. Reduce max_iter or increase eps parameters.
  warnings.warn(

2026-03-26 15:17:07,463:WARNING:/Users/lisanguyen/Documents/MLOps-project/.venv/lib/python3.10/site-packages/sklearn/linear_model/_least_angle.py:688: ConvergenceWarning: Regressors in active set degenerate. Dropping a regressor, after 127 iterations, i.e. alpha=1.129e+02, with an active set of 120 regressors, and the smallest cholesky pivot element being 2.220e-16. Reduce max_iter or increase eps parameters.
  warnings.warn(

2026-03-26 15:17:07,463:WARNING:/Users/lisanguyen/Documents/MLOps-project/.venv/lib/python3.10/site-packages/sklearn/linear_model/_least_angle.py:688: ConvergenceWarning: Regressors in active set degenerate. Dropping a regressor, after 128 iterations, i.e. alpha=1.090e+02, with an active set of 121 regressors, and the smallest cholesky pivot element being 2.220e-16. Reduce max_iter or increase eps parameters.
  warnings.warn(

2026-03-26 15:17:07,463:WARNING:/Users/lisanguyen/Documents/MLOps-project/.venv/lib/python3.10/site-packages/sklearn/linear_model/_least_angle.py:688: ConvergenceWarning: Regressors in active set degenerate. Dropping a regressor, after 129 iterations, i.e. alpha=1.064e+02, with an active set of 122 regressors, and the smallest cholesky pivot element being 2.220e-16. Reduce max_iter or increase eps parameters.
  warnings.warn(

2026-03-26 15:17:07,463:WARNING:/Users/lisanguyen/Documents/MLOps-project/.venv/lib/python3.10/site-packages/sklearn/linear_model/_least_angle.py:688: ConvergenceWarning: Regressors in active set degenerate. Dropping a regressor, after 130 iterations, i.e. alpha=1.028e+02, with an active set of 123 regressors, and the smallest cholesky pivot element being 2.220e-16. Reduce max_iter or increase eps parameters.
  warnings.warn(

2026-03-26 15:17:07,464:WARNING:/Users/lisanguyen/Documents/MLOps-project/.venv/lib/python3.10/site-packages/sklearn/linear_model/_least_angle.py:688: ConvergenceWarning: Regressors in active set degenerate. Dropping a regressor, after 131 iterations, i.e. alpha=1.007e+02, with an active set of 124 regressors, and the smallest cholesky pivot element being 2.220e-16. Reduce max_iter or increase eps parameters.
  warnings.warn(

2026-03-26 15:17:07,464:WARNING:/Users/lisanguyen/Documents/MLOps-project/.venv/lib/python3.10/site-packages/sklearn/linear_model/_least_angle.py:688: ConvergenceWarning: Regressors in active set degenerate. Dropping a regressor, after 132 iterations, i.e. alpha=1.000e+02, with an active set of 125 regressors, and the smallest cholesky pivot element being 2.220e-16. Reduce max_iter or increase eps parameters.
  warnings.warn(

2026-03-26 15:17:07,464:WARNING:/Users/lisanguyen/Documents/MLOps-project/.venv/lib/python3.10/site-packages/sklearn/linear_model/_least_angle.py:688: ConvergenceWarning: Regressors in active set degenerate. Dropping a regressor, after 134 iterations, i.e. alpha=2.226e+02, with an active set of 126 regressors, and the smallest cholesky pivot element being 2.220e-16. Reduce max_iter or increase eps parameters.
  warnings.warn(

2026-03-26 15:17:07,464:WARNING:/Users/lisanguyen/Documents/MLOps-project/.venv/lib/python3.10/site-packages/sklearn/linear_model/_least_angle.py:688: ConvergenceWarning: Regressors in active set degenerate. Dropping a regressor, after 388 iterations, i.e. alpha=6.064e+12, with an active set of 274 regressors, and the smallest cholesky pivot element being 1.054e-08. Reduce max_iter or increase eps parameters.
  warnings.warn(

2026-03-26 15:17:07,464:WARNING:/Users/lisanguyen/Documents/MLOps-project/.venv/lib/python3.10/site-packages/sklearn/linear_model/_least_angle.py:688: ConvergenceWarning: Regressors in active set degenerate. Dropping a regressor, after 135 iterations, i.e. alpha=9.479e+01, with an active set of 127 regressors, and the smallest cholesky pivot element being 2.220e-16. Reduce max_iter or increase eps parameters.
  warnings.warn(

2026-03-26 15:17:07,464:WARNING:/Users/lisanguyen/Documents/MLOps-project/.venv/lib/python3.10/site-packages/sklearn/linear_model/_least_angle.py:688: ConvergenceWarning: Regressors in active set degenerate. Dropping a regressor, after 136 iterations, i.e. alpha=9.416e+01, with an active set of 128 regressors, and the smallest cholesky pivot element being 2.220e-16. Reduce max_iter or increase eps parameters.
  warnings.warn(

2026-03-26 15:17:07,464:WARNING:/Users/lisanguyen/Documents/MLOps-project/.venv/lib/python3.10/site-packages/sklearn/linear_model/_least_angle.py:688: ConvergenceWarning: Regressors in active set degenerate. Dropping a regressor, after 389 iterations, i.e. alpha=2.459e+12, with an active set of 275 regressors, and the smallest cholesky pivot element being 1.054e-08. Reduce max_iter or increase eps parameters.
  warnings.warn(

2026-03-26 15:17:07,464:WARNING:/Users/lisanguyen/Documents/MLOps-project/.venv/lib/python3.10/site-packages/sklearn/linear_model/_least_angle.py:688: ConvergenceWarning: Regressors in active set degenerate. Dropping a regressor, after 137 iterations, i.e. alpha=8.983e+01, with an active set of 129 regressors, and the smallest cholesky pivot element being 2.220e-16. Reduce max_iter or increase eps parameters.
  warnings.warn(

2026-03-26 15:17:07,464:WARNING:/Users/lisanguyen/Documents/MLOps-project/.venv/lib/python3.10/site-packages/sklearn/linear_model/_least_angle.py:688: ConvergenceWarning: Regressors in active set degenerate. Dropping a regressor, after 138 iterations, i.e. alpha=8.828e+01, with an active set of 130 regressors, and the smallest cholesky pivot element being 2.220e-16. Reduce max_iter or increase eps parameters.
  warnings.warn(

2026-03-26 15:17:07,465:WARNING:/Users/lisanguyen/Documents/MLOps-project/.venv/lib/python3.10/site-packages/sklearn/linear_model/_least_angle.py:688: ConvergenceWarning: Regressors in active set degenerate. Dropping a regressor, after 140 iterations, i.e. alpha=8.732e+01, with an active set of 132 regressors, and the smallest cholesky pivot element being 2.220e-16. Reduce max_iter or increase eps parameters.
  warnings.warn(

2026-03-26 15:17:07,465:WARNING:/Users/lisanguyen/Documents/MLOps-project/.venv/lib/python3.10/site-packages/sklearn/linear_model/_least_angle.py:688: ConvergenceWarning: Regressors in active set degenerate. Dropping a regressor, after 141 iterations, i.e. alpha=8.544e+01, with an active set of 133 regressors, and the smallest cholesky pivot element being 2.220e-16. Reduce max_iter or increase eps parameters.
  warnings.warn(

2026-03-26 15:17:07,465:WARNING:/Users/lisanguyen/Documents/MLOps-project/.venv/lib/python3.10/site-packages/sklearn/linear_model/_least_angle.py:688: ConvergenceWarning: Regressors in active set degenerate. Dropping a regressor, after 142 iterations, i.e. alpha=8.397e+01, with an active set of 134 regressors, and the smallest cholesky pivot element being 2.220e-16. Reduce max_iter or increase eps parameters.
  warnings.warn(

2026-03-26 15:17:07,465:WARNING:/Users/lisanguyen/Documents/MLOps-project/.venv/lib/python3.10/site-packages/sklearn/linear_model/_least_angle.py:688: ConvergenceWarning: Regressors in active set degenerate. Dropping a regressor, after 143 iterations, i.e. alpha=8.235e+01, with an active set of 135 regressors, and the smallest cholesky pivot element being 2.220e-16. Reduce max_iter or increase eps parameters.
  warnings.warn(

2026-03-26 15:17:07,470:WARNING:/Users/lisanguyen/Documents/MLOps-project/.venv/lib/python3.10/site-packages/sklearn/linear_model/_least_angle.py:688: ConvergenceWarning: Regressors in active set degenerate. Dropping a regressor, after 199 iterations, i.e. alpha=3.553e+02, with an active set of 167 regressors, and the smallest cholesky pivot element being 1.825e-08. Reduce max_iter or increase eps parameters.
  warnings.warn(

2026-03-26 15:17:07,471:WARNING:/Users/lisanguyen/Documents/MLOps-project/.venv/lib/python3.10/site-packages/sklearn/linear_model/_least_angle.py:688: ConvergenceWarning: Regressors in active set degenerate. Dropping a regressor, after 366 iterations, i.e. alpha=8.131e+06, with an active set of 273 regressors, and the smallest cholesky pivot element being 2.107e-08. Reduce max_iter or increase eps parameters.
  warnings.warn(

2026-03-26 15:17:07,471:WARNING:/Users/lisanguyen/Documents/MLOps-project/.venv/lib/python3.10/site-packages/sklearn/linear_model/_least_angle.py:688: ConvergenceWarning: Regressors in active set degenerate. Dropping a regressor, after 367 iterations, i.e. alpha=5.224e+06, with an active set of 274 regressors, and the smallest cholesky pivot element being 7.743e-08. Reduce max_iter or increase eps parameters.
  warnings.warn(

2026-03-26 15:17:07,471:WARNING:/Users/lisanguyen/Documents/MLOps-project/.venv/lib/python3.10/site-packages/sklearn/linear_model/_least_angle.py:688: ConvergenceWarning: Regressors in active set degenerate. Dropping a regressor, after 367 iterations, i.e. alpha=2.647e+06, with an active set of 274 regressors, and the smallest cholesky pivot element being 2.107e-08. Reduce max_iter or increase eps parameters.
  warnings.warn(

2026-03-26 15:17:07,477:WARNING:/Users/lisanguyen/Documents/MLOps-project/.venv/lib/python3.10/site-packages/sklearn/linear_model/_least_angle.py:688: ConvergenceWarning: Regressors in active set degenerate. Dropping a regressor, after 365 iterations, i.e. alpha=1.109e+05, with an active set of 271 regressors, and the smallest cholesky pivot element being 1.054e-08. Reduce max_iter or increase eps parameters.
  warnings.warn(

2026-03-26 15:17:07,482:WARNING:/Users/lisanguyen/Documents/MLOps-project/.venv/lib/python3.10/site-packages/sklearn/linear_model/_least_angle.py:688: ConvergenceWarning: Regressors in active set degenerate. Dropping a regressor, after 224 iterations, i.e. alpha=1.085e+15, with an active set of 176 regressors, and the smallest cholesky pivot element being 1.054e-08. Reduce max_iter or increase eps parameters.
  warnings.warn(

2026-03-26 15:17:07,483:WARNING:/Users/lisanguyen/Documents/MLOps-project/.venv/lib/python3.10/site-packages/sklearn/linear_model/_least_angle.py:688: ConvergenceWarning: Regressors in active set degenerate. Dropping a regressor, after 277 iterations, i.e. alpha=1.736e+04, with an active set of 204 regressors, and the smallest cholesky pivot element being 1.054e-08. Reduce max_iter or increase eps parameters.
  warnings.warn(

2026-03-26 15:17:07,501:WARNING:/Users/lisanguyen/Documents/MLOps-project/.venv/lib/python3.10/site-packages/sklearn/linear_model/_least_angle.py:688: ConvergenceWarning: Regressors in active set degenerate. Dropping a regressor, after 372 iterations, i.e. alpha=6.130e+09, with an active set of 274 regressors, and the smallest cholesky pivot element being 1.054e-08. Reduce max_iter or increase eps parameters.
  warnings.warn(

2026-03-26 15:17:07,505:WARNING:/Users/lisanguyen/Documents/MLOps-project/.venv/lib/python3.10/site-packages/sklearn/linear_model/_least_angle.py:688: ConvergenceWarning: Regressors in active set degenerate. Dropping a regressor, after 367 iterations, i.e. alpha=3.620e+12, with an active set of 276 regressors, and the smallest cholesky pivot element being 2.356e-08. Reduce max_iter or increase eps parameters.
  warnings.warn(

2026-03-26 15:17:07,513:WARNING:/Users/lisanguyen/Documents/MLOps-project/.venv/lib/python3.10/site-packages/sklearn/linear_model/_least_angle.py:688: ConvergenceWarning: Regressors in active set degenerate. Dropping a regressor, after 362 iterations, i.e. alpha=1.067e+26, with an active set of 275 regressors, and the smallest cholesky pivot element being 1.490e-08. Reduce max_iter or increase eps parameters.
  warnings.warn(

2026-03-26 15:17:07,587:INFO:Calculating mean and std
2026-03-26 15:17:07,587:INFO:Creating metrics dataframe
2026-03-26 15:17:07,588:INFO:Uploading results into container
2026-03-26 15:17:07,588:INFO:Uploading model into container now
2026-03-26 15:17:07,588:INFO:_master_model_container: 5
2026-03-26 15:17:07,588:INFO:_display_container: 2
2026-03-26 15:17:07,589:INFO:Lars(random_state=5694)
2026-03-26 15:17:07,589:INFO:create_model() successfully completed......................................
2026-03-26 15:17:07,626:INFO:SubProcess create_model() end ==================================
2026-03-26 15:17:07,626:INFO:Creating metrics dataframe
2026-03-26 15:17:07,627:INFO:Initializing Lasso Least Angle Regression
2026-03-26 15:17:07,627:INFO:Total runtime is 0.10595999956130982 minutes
2026-03-26 15:17:07,627:INFO:SubProcess create_model() called ==================================
2026-03-26 15:17:07,627:INFO:Initializing create_model()
2026-03-26 15:17:07,627:INFO:create_model(self=<pycaret.regression.oop.RegressionExperiment object at 0x1236d3550>, estimator=llar, fold=KFold(n_splits=10, random_state=None, shuffle=False), round=4, cross_validation=True, predict=True, fit_kwargs={}, groups=None, refit=False, probability_threshold=None, experiment_custom_tags=None, verbose=False, system=False, add_to_model_list=True, metrics=None, display=<pycaret.internal.display.display.CommonDisplay object at 0x29dc52a40>, model_only=True, return_train_score=False, error_score=0.0, kwargs={})
2026-03-26 15:17:07,627:INFO:Checking exceptions
2026-03-26 15:17:07,627:INFO:Importing libraries
2026-03-26 15:17:07,627:INFO:Copying training dataset
2026-03-26 15:17:07,631:INFO:Defining folds
2026-03-26 15:17:07,631:INFO:Declaring metric variables
2026-03-26 15:17:07,631:INFO:Importing untrained model
2026-03-26 15:17:07,631:INFO:Lasso Least Angle Regression Imported successfully
2026-03-26 15:17:07,632:INFO:Starting cross validation
2026-03-26 15:17:07,634:INFO:Cross validating with KFold(n_splits=10, random_state=None, shuffle=False), n_jobs=-1
2026-03-26 15:17:07,945:WARNING:/Users/lisanguyen/Documents/MLOps-project/.venv/lib/python3.10/site-packages/sklearn/linear_model/_least_angle.py:718: ConvergenceWarning: Early stopping the lars path, as the residues are small and the current value of alpha is no longer well controlled. 173 iterations, alpha=5.016e+01, previous alpha=4.928e+01, with an active set of 146 regressors.
  warnings.warn(

2026-03-26 15:17:07,980:WARNING:/Users/lisanguyen/Documents/MLOps-project/.venv/lib/python3.10/site-packages/sklearn/linear_model/_least_angle.py:688: ConvergenceWarning: Regressors in active set degenerate. Dropping a regressor, after 146 iterations, i.e. alpha=5.919e+01, with an active set of 132 regressors, and the smallest cholesky pivot element being 1.054e-08. Reduce max_iter or increase eps parameters.
  warnings.warn(

2026-03-26 15:17:07,992:WARNING:/Users/lisanguyen/Documents/MLOps-project/.venv/lib/python3.10/site-packages/sklearn/linear_model/_least_angle.py:718: ConvergenceWarning: Early stopping the lars path, as the residues are small and the current value of alpha is no longer well controlled. 133 iterations, alpha=1.156e+02, previous alpha=1.152e+02, with an active set of 108 regressors.
  warnings.warn(

2026-03-26 15:17:07,992:WARNING:/Users/lisanguyen/Documents/MLOps-project/.venv/lib/python3.10/site-packages/sklearn/linear_model/_least_angle.py:688: ConvergenceWarning: Regressors in active set degenerate. Dropping a regressor, after 189 iterations, i.e. alpha=2.763e+01, with an active set of 167 regressors, and the smallest cholesky pivot element being 1.054e-08. Reduce max_iter or increase eps parameters.
  warnings.warn(

2026-03-26 15:17:08,004:WARNING:/Users/lisanguyen/Documents/MLOps-project/.venv/lib/python3.10/site-packages/sklearn/linear_model/_least_angle.py:688: ConvergenceWarning: Regressors in active set degenerate. Dropping a regressor, after 237 iterations, i.e. alpha=1.641e+01, with an active set of 199 regressors, and the smallest cholesky pivot element being 1.490e-08. Reduce max_iter or increase eps parameters.
  warnings.warn(

2026-03-26 15:17:08,005:WARNING:/Users/lisanguyen/Documents/MLOps-project/.venv/lib/python3.10/site-packages/sklearn/linear_model/_least_angle.py:688: ConvergenceWarning: Regressors in active set degenerate. Dropping a regressor, after 237 iterations, i.e. alpha=1.641e+01, with an active set of 199 regressors, and the smallest cholesky pivot element being 2.220e-16. Reduce max_iter or increase eps parameters.
  warnings.warn(

2026-03-26 15:17:08,005:WARNING:/Users/lisanguyen/Documents/MLOps-project/.venv/lib/python3.10/site-packages/sklearn/linear_model/_least_angle.py:718: ConvergenceWarning: Early stopping the lars path, as the residues are small and the current value of alpha is no longer well controlled. 149 iterations, alpha=7.255e+01, previous alpha=7.247e+01, with an active set of 130 regressors.
  warnings.warn(

2026-03-26 15:17:08,011:WARNING:/Users/lisanguyen/Documents/MLOps-project/.venv/lib/python3.10/site-packages/sklearn/linear_model/_least_angle.py:718: ConvergenceWarning: Early stopping the lars path, as the residues are small and the current value of alpha is no longer well controlled. 255 iterations, alpha=1.357e+01, previous alpha=1.357e+01, with an active set of 206 regressors.
  warnings.warn(

2026-03-26 15:17:08,012:WARNING:/Users/lisanguyen/Documents/MLOps-project/.venv/lib/python3.10/site-packages/sklearn/linear_model/_least_angle.py:718: ConvergenceWarning: Early stopping the lars path, as the residues are small and the current value of alpha is no longer well controlled. 168 iterations, alpha=1.393e+02, previous alpha=4.647e+01, with an active set of 157 regressors.
  warnings.warn(

2026-03-26 15:17:08,028:WARNING:/Users/lisanguyen/Documents/MLOps-project/.venv/lib/python3.10/site-packages/sklearn/linear_model/_least_angle.py:718: ConvergenceWarning: Early stopping the lars path, as the residues are small and the current value of alpha is no longer well controlled. 202 iterations, alpha=3.890e+01, previous alpha=3.844e+01, with an active set of 169 regressors.
  warnings.warn(

2026-03-26 15:17:08,050:WARNING:/Users/lisanguyen/Documents/MLOps-project/.venv/lib/python3.10/site-packages/sklearn/linear_model/_least_angle.py:688: ConvergenceWarning: Regressors in active set degenerate. Dropping a regressor, after 224 iterations, i.e. alpha=1.887e+01, with an active set of 194 regressors, and the smallest cholesky pivot element being 1.054e-08. Reduce max_iter or increase eps parameters.
  warnings.warn(

2026-03-26 15:17:08,061:WARNING:/Users/lisanguyen/Documents/MLOps-project/.venv/lib/python3.10/site-packages/sklearn/linear_model/_least_angle.py:718: ConvergenceWarning: Early stopping the lars path, as the residues are small and the current value of alpha is no longer well controlled. 184 iterations, alpha=3.640e+01, previous alpha=3.640e+01, with an active set of 155 regressors.
  warnings.warn(

2026-03-26 15:17:08,068:WARNING:/Users/lisanguyen/Documents/MLOps-project/.venv/lib/python3.10/site-packages/sklearn/linear_model/_least_angle.py:688: ConvergenceWarning: Regressors in active set degenerate. Dropping a regressor, after 227 iterations, i.e. alpha=1.638e+01, with an active set of 193 regressors, and the smallest cholesky pivot element being 1.490e-08. Reduce max_iter or increase eps parameters.
  warnings.warn(

2026-03-26 15:17:08,070:WARNING:/Users/lisanguyen/Documents/MLOps-project/.venv/lib/python3.10/site-packages/sklearn/linear_model/_least_angle.py:718: ConvergenceWarning: Early stopping the lars path, as the residues are small and the current value of alpha is no longer well controlled. 277 iterations, alpha=5.151e+00, previous alpha=5.142e+00, with an active set of 220 regressors.
  warnings.warn(

2026-03-26 15:17:08,076:WARNING:/Users/lisanguyen/Documents/MLOps-project/.venv/lib/python3.10/site-packages/sklearn/linear_model/_least_angle.py:688: ConvergenceWarning: Regressors in active set degenerate. Dropping a regressor, after 246 iterations, i.e. alpha=1.316e+01, with an active set of 204 regressors, and the smallest cholesky pivot element being 1.054e-08. Reduce max_iter or increase eps parameters.
  warnings.warn(

2026-03-26 15:17:08,079:WARNING:/Users/lisanguyen/Documents/MLOps-project/.venv/lib/python3.10/site-packages/sklearn/linear_model/_least_angle.py:688: ConvergenceWarning: Regressors in active set degenerate. Dropping a regressor, after 264 iterations, i.e. alpha=9.455e+00, with an active set of 210 regressors, and the smallest cholesky pivot element being 1.054e-08. Reduce max_iter or increase eps parameters.
  warnings.warn(

2026-03-26 15:17:08,080:WARNING:/Users/lisanguyen/Documents/MLOps-project/.venv/lib/python3.10/site-packages/sklearn/linear_model/_least_angle.py:688: ConvergenceWarning: Regressors in active set degenerate. Dropping a regressor, after 223 iterations, i.e. alpha=2.067e+01, with an active set of 189 regressors, and the smallest cholesky pivot element being 2.356e-08. Reduce max_iter or increase eps parameters.
  warnings.warn(

2026-03-26 15:17:08,081:WARNING:/Users/lisanguyen/Documents/MLOps-project/.venv/lib/python3.10/site-packages/sklearn/linear_model/_least_angle.py:718: ConvergenceWarning: Early stopping the lars path, as the residues are small and the current value of alpha is no longer well controlled. 230 iterations, alpha=1.911e+01, previous alpha=1.910e+01, with an active set of 193 regressors.
  warnings.warn(

2026-03-26 15:17:08,085:WARNING:/Users/lisanguyen/Documents/MLOps-project/.venv/lib/python3.10/site-packages/sklearn/linear_model/_least_angle.py:718: ConvergenceWarning: Early stopping the lars path, as the residues are small and the current value of alpha is no longer well controlled. 291 iterations, alpha=5.161e+00, previous alpha=5.161e+00, with an active set of 214 regressors.
  warnings.warn(

2026-03-26 15:17:08,141:INFO:Calculating mean and std
2026-03-26 15:17:08,142:INFO:Creating metrics dataframe
2026-03-26 15:17:08,143:INFO:Uploading results into container
2026-03-26 15:17:08,143:INFO:Uploading model into container now
2026-03-26 15:17:08,143:INFO:_master_model_container: 6
2026-03-26 15:17:08,143:INFO:_display_container: 2
2026-03-26 15:17:08,143:INFO:LassoLars(random_state=5694)
2026-03-26 15:17:08,143:INFO:create_model() successfully completed......................................
2026-03-26 15:17:08,182:INFO:SubProcess create_model() end ==================================
2026-03-26 15:17:08,182:INFO:Creating metrics dataframe
2026-03-26 15:17:08,183:INFO:Initializing Orthogonal Matching Pursuit
2026-03-26 15:17:08,183:INFO:Total runtime is 0.11521904865900676 minutes
2026-03-26 15:17:08,183:INFO:SubProcess create_model() called ==================================
2026-03-26 15:17:08,183:INFO:Initializing create_model()
2026-03-26 15:17:08,183:INFO:create_model(self=<pycaret.regression.oop.RegressionExperiment object at 0x1236d3550>, estimator=omp, fold=KFold(n_splits=10, random_state=None, shuffle=False), round=4, cross_validation=True, predict=True, fit_kwargs={}, groups=None, refit=False, probability_threshold=None, experiment_custom_tags=None, verbose=False, system=False, add_to_model_list=True, metrics=None, display=<pycaret.internal.display.display.CommonDisplay object at 0x29dc52a40>, model_only=True, return_train_score=False, error_score=0.0, kwargs={})
2026-03-26 15:17:08,183:INFO:Checking exceptions
2026-03-26 15:17:08,183:INFO:Importing libraries
2026-03-26 15:17:08,183:INFO:Copying training dataset
2026-03-26 15:17:08,187:INFO:Defining folds
2026-03-26 15:17:08,187:INFO:Declaring metric variables
2026-03-26 15:17:08,187:INFO:Importing untrained model
2026-03-26 15:17:08,187:INFO:Orthogonal Matching Pursuit Imported successfully
2026-03-26 15:17:08,187:INFO:Starting cross validation
2026-03-26 15:17:08,190:INFO:Cross validating with KFold(n_splits=10, random_state=None, shuffle=False), n_jobs=-1
2026-03-26 15:17:08,664:INFO:Calculating mean and std
2026-03-26 15:17:08,664:INFO:Creating metrics dataframe
2026-03-26 15:17:08,665:INFO:Uploading results into container
2026-03-26 15:17:08,665:INFO:Uploading model into container now
2026-03-26 15:17:08,665:INFO:_master_model_container: 7
2026-03-26 15:17:08,665:INFO:_display_container: 2
2026-03-26 15:17:08,666:INFO:OrthogonalMatchingPursuit()
2026-03-26 15:17:08,666:INFO:create_model() successfully completed......................................
2026-03-26 15:17:08,702:INFO:SubProcess create_model() end ==================================
2026-03-26 15:17:08,702:INFO:Creating metrics dataframe
2026-03-26 15:17:08,703:INFO:Initializing Bayesian Ridge
2026-03-26 15:17:08,703:INFO:Total runtime is 0.12389334837595622 minutes
2026-03-26 15:17:08,703:INFO:SubProcess create_model() called ==================================
2026-03-26 15:17:08,703:INFO:Initializing create_model()
2026-03-26 15:17:08,703:INFO:create_model(self=<pycaret.regression.oop.RegressionExperiment object at 0x1236d3550>, estimator=br, fold=KFold(n_splits=10, random_state=None, shuffle=False), round=4, cross_validation=True, predict=True, fit_kwargs={}, groups=None, refit=False, probability_threshold=None, experiment_custom_tags=None, verbose=False, system=False, add_to_model_list=True, metrics=None, display=<pycaret.internal.display.display.CommonDisplay object at 0x29dc52a40>, model_only=True, return_train_score=False, error_score=0.0, kwargs={})
2026-03-26 15:17:08,703:INFO:Checking exceptions
2026-03-26 15:17:08,703:INFO:Importing libraries
2026-03-26 15:17:08,703:INFO:Copying training dataset
2026-03-26 15:17:08,707:INFO:Defining folds
2026-03-26 15:17:08,707:INFO:Declaring metric variables
2026-03-26 15:17:08,707:INFO:Importing untrained model
2026-03-26 15:17:08,708:INFO:Bayesian Ridge Imported successfully
2026-03-26 15:17:08,708:INFO:Starting cross validation
2026-03-26 15:17:08,710:INFO:Cross validating with KFold(n_splits=10, random_state=None, shuffle=False), n_jobs=-1
2026-03-26 15:17:09,149:INFO:Calculating mean and std
2026-03-26 15:17:09,149:INFO:Creating metrics dataframe
2026-03-26 15:17:09,150:INFO:Uploading results into container
2026-03-26 15:17:09,150:INFO:Uploading model into container now
2026-03-26 15:17:09,150:INFO:_master_model_container: 8
2026-03-26 15:17:09,150:INFO:_display_container: 2
2026-03-26 15:17:09,150:INFO:BayesianRidge()
2026-03-26 15:17:09,150:INFO:create_model() successfully completed......................................
2026-03-26 15:17:09,188:INFO:SubProcess create_model() end ==================================
2026-03-26 15:17:09,188:INFO:Creating metrics dataframe
2026-03-26 15:17:09,189:INFO:Initializing Passive Aggressive Regressor
2026-03-26 15:17:09,189:INFO:Total runtime is 0.1319835344950358 minutes
2026-03-26 15:17:09,189:INFO:SubProcess create_model() called ==================================
2026-03-26 15:17:09,189:INFO:Initializing create_model()
2026-03-26 15:17:09,189:INFO:create_model(self=<pycaret.regression.oop.RegressionExperiment object at 0x1236d3550>, estimator=par, fold=KFold(n_splits=10, random_state=None, shuffle=False), round=4, cross_validation=True, predict=True, fit_kwargs={}, groups=None, refit=False, probability_threshold=None, experiment_custom_tags=None, verbose=False, system=False, add_to_model_list=True, metrics=None, display=<pycaret.internal.display.display.CommonDisplay object at 0x29dc52a40>, model_only=True, return_train_score=False, error_score=0.0, kwargs={})
2026-03-26 15:17:09,189:INFO:Checking exceptions
2026-03-26 15:17:09,189:INFO:Importing libraries
2026-03-26 15:17:09,189:INFO:Copying training dataset
2026-03-26 15:17:09,193:INFO:Defining folds
2026-03-26 15:17:09,193:INFO:Declaring metric variables
2026-03-26 15:17:09,193:INFO:Importing untrained model
2026-03-26 15:17:09,193:INFO:Passive Aggressive Regressor Imported successfully
2026-03-26 15:17:09,193:INFO:Starting cross validation
2026-03-26 15:17:09,195:INFO:Cross validating with KFold(n_splits=10, random_state=None, shuffle=False), n_jobs=-1
2026-03-26 15:17:09,704:INFO:Calculating mean and std
2026-03-26 15:17:09,705:INFO:Creating metrics dataframe
2026-03-26 15:17:09,705:INFO:Uploading results into container
2026-03-26 15:17:09,706:INFO:Uploading model into container now
2026-03-26 15:17:09,706:INFO:_master_model_container: 9
2026-03-26 15:17:09,706:INFO:_display_container: 2
2026-03-26 15:17:09,706:INFO:PassiveAggressiveRegressor(random_state=5694)
2026-03-26 15:17:09,706:INFO:create_model() successfully completed......................................
2026-03-26 15:17:09,743:INFO:SubProcess create_model() end ==================================
2026-03-26 15:17:09,743:INFO:Creating metrics dataframe
2026-03-26 15:17:09,744:INFO:Initializing Huber Regressor
2026-03-26 15:17:09,744:INFO:Total runtime is 0.14123714764912923 minutes
2026-03-26 15:17:09,744:INFO:SubProcess create_model() called ==================================
2026-03-26 15:17:09,744:INFO:Initializing create_model()
2026-03-26 15:17:09,744:INFO:create_model(self=<pycaret.regression.oop.RegressionExperiment object at 0x1236d3550>, estimator=huber, fold=KFold(n_splits=10, random_state=None, shuffle=False), round=4, cross_validation=True, predict=True, fit_kwargs={}, groups=None, refit=False, probability_threshold=None, experiment_custom_tags=None, verbose=False, system=False, add_to_model_list=True, metrics=None, display=<pycaret.internal.display.display.CommonDisplay object at 0x29dc52a40>, model_only=True, return_train_score=False, error_score=0.0, kwargs={})
2026-03-26 15:17:09,744:INFO:Checking exceptions
2026-03-26 15:17:09,744:INFO:Importing libraries
2026-03-26 15:17:09,744:INFO:Copying training dataset
2026-03-26 15:17:09,748:INFO:Defining folds
2026-03-26 15:17:09,748:INFO:Declaring metric variables
2026-03-26 15:17:09,748:INFO:Importing untrained model
2026-03-26 15:17:09,748:INFO:Huber Regressor Imported successfully
2026-03-26 15:17:09,748:INFO:Starting cross validation
2026-03-26 15:17:09,750:INFO:Cross validating with KFold(n_splits=10, random_state=None, shuffle=False), n_jobs=-1
2026-03-26 15:17:10,106:WARNING:/Users/lisanguyen/Documents/MLOps-project/.venv/lib/python3.10/site-packages/sklearn/linear_model/_huber.py:342: ConvergenceWarning: lbfgs failed to converge (status=1):
STOP: TOTAL NO. of ITERATIONS REACHED LIMIT.

Increase the number of iterations (max_iter) or scale the data as shown in:
    https://scikit-learn.org/stable/modules/preprocessing.html
  self.n_iter_ = _check_optimize_result("lbfgs", opt_res, self.max_iter)

2026-03-26 15:17:10,108:WARNING:/Users/lisanguyen/Documents/MLOps-project/.venv/lib/python3.10/site-packages/sklearn/linear_model/_huber.py:342: ConvergenceWarning: lbfgs failed to converge (status=1):
STOP: TOTAL NO. of ITERATIONS REACHED LIMIT.

Increase the number of iterations (max_iter) or scale the data as shown in:
    https://scikit-learn.org/stable/modules/preprocessing.html
  self.n_iter_ = _check_optimize_result("lbfgs", opt_res, self.max_iter)

2026-03-26 15:17:10,117:WARNING:/Users/lisanguyen/Documents/MLOps-project/.venv/lib/python3.10/site-packages/sklearn/linear_model/_huber.py:342: ConvergenceWarning: lbfgs failed to converge (status=1):
STOP: TOTAL NO. of ITERATIONS REACHED LIMIT.

Increase the number of iterations (max_iter) or scale the data as shown in:
    https://scikit-learn.org/stable/modules/preprocessing.html
  self.n_iter_ = _check_optimize_result("lbfgs", opt_res, self.max_iter)

2026-03-26 15:17:10,140:WARNING:/Users/lisanguyen/Documents/MLOps-project/.venv/lib/python3.10/site-packages/sklearn/linear_model/_huber.py:342: ConvergenceWarning: lbfgs failed to converge (status=1):
STOP: TOTAL NO. of ITERATIONS REACHED LIMIT.

Increase the number of iterations (max_iter) or scale the data as shown in:
    https://scikit-learn.org/stable/modules/preprocessing.html
  self.n_iter_ = _check_optimize_result("lbfgs", opt_res, self.max_iter)

2026-03-26 15:17:10,151:WARNING:/Users/lisanguyen/Documents/MLOps-project/.venv/lib/python3.10/site-packages/sklearn/linear_model/_huber.py:342: ConvergenceWarning: lbfgs failed to converge (status=1):
STOP: TOTAL NO. of ITERATIONS REACHED LIMIT.

Increase the number of iterations (max_iter) or scale the data as shown in:
    https://scikit-learn.org/stable/modules/preprocessing.html
  self.n_iter_ = _check_optimize_result("lbfgs", opt_res, self.max_iter)

2026-03-26 15:17:10,164:WARNING:/Users/lisanguyen/Documents/MLOps-project/.venv/lib/python3.10/site-packages/sklearn/linear_model/_huber.py:342: ConvergenceWarning: lbfgs failed to converge (status=1):
STOP: TOTAL NO. of ITERATIONS REACHED LIMIT.

Increase the number of iterations (max_iter) or scale the data as shown in:
    https://scikit-learn.org/stable/modules/preprocessing.html
  self.n_iter_ = _check_optimize_result("lbfgs", opt_res, self.max_iter)

2026-03-26 15:17:10,165:WARNING:/Users/lisanguyen/Documents/MLOps-project/.venv/lib/python3.10/site-packages/sklearn/linear_model/_huber.py:342: ConvergenceWarning: lbfgs failed to converge (status=1):
STOP: TOTAL NO. of ITERATIONS REACHED LIMIT.

Increase the number of iterations (max_iter) or scale the data as shown in:
    https://scikit-learn.org/stable/modules/preprocessing.html
  self.n_iter_ = _check_optimize_result("lbfgs", opt_res, self.max_iter)

2026-03-26 15:17:10,187:WARNING:/Users/lisanguyen/Documents/MLOps-project/.venv/lib/python3.10/site-packages/sklearn/linear_model/_huber.py:342: ConvergenceWarning: lbfgs failed to converge (status=1):
STOP: TOTAL NO. of ITERATIONS REACHED LIMIT.

Increase the number of iterations (max_iter) or scale the data as shown in:
    https://scikit-learn.org/stable/modules/preprocessing.html
  self.n_iter_ = _check_optimize_result("lbfgs", opt_res, self.max_iter)

2026-03-26 15:17:10,193:WARNING:/Users/lisanguyen/Documents/MLOps-project/.venv/lib/python3.10/site-packages/sklearn/linear_model/_huber.py:342: ConvergenceWarning: lbfgs failed to converge (status=1):
STOP: TOTAL NO. of ITERATIONS REACHED LIMIT.

Increase the number of iterations (max_iter) or scale the data as shown in:
    https://scikit-learn.org/stable/modules/preprocessing.html
  self.n_iter_ = _check_optimize_result("lbfgs", opt_res, self.max_iter)

2026-03-26 15:17:10,233:WARNING:/Users/lisanguyen/Documents/MLOps-project/.venv/lib/python3.10/site-packages/sklearn/linear_model/_huber.py:342: ConvergenceWarning: lbfgs failed to converge (status=1):
STOP: TOTAL NO. of ITERATIONS REACHED LIMIT.

Increase the number of iterations (max_iter) or scale the data as shown in:
    https://scikit-learn.org/stable/modules/preprocessing.html
  self.n_iter_ = _check_optimize_result("lbfgs", opt_res, self.max_iter)

2026-03-26 15:17:10,312:INFO:Calculating mean and std
2026-03-26 15:17:10,312:INFO:Creating metrics dataframe
2026-03-26 15:17:10,313:INFO:Uploading results into container
2026-03-26 15:17:10,313:INFO:Uploading model into container now
2026-03-26 15:17:10,313:INFO:_master_model_container: 10
2026-03-26 15:17:10,313:INFO:_display_container: 2
2026-03-26 15:17:10,313:INFO:HuberRegressor()
2026-03-26 15:17:10,313:INFO:create_model() successfully completed......................................
2026-03-26 15:17:10,348:INFO:SubProcess create_model() end ==================================
2026-03-26 15:17:10,348:INFO:Creating metrics dataframe
2026-03-26 15:17:10,349:INFO:Initializing K Neighbors Regressor
2026-03-26 15:17:10,349:INFO:Total runtime is 0.15132534901301065 minutes
2026-03-26 15:17:10,349:INFO:SubProcess create_model() called ==================================
2026-03-26 15:17:10,349:INFO:Initializing create_model()
2026-03-26 15:17:10,349:INFO:create_model(self=<pycaret.regression.oop.RegressionExperiment object at 0x1236d3550>, estimator=knn, fold=KFold(n_splits=10, random_state=None, shuffle=False), round=4, cross_validation=True, predict=True, fit_kwargs={}, groups=None, refit=False, probability_threshold=None, experiment_custom_tags=None, verbose=False, system=False, add_to_model_list=True, metrics=None, display=<pycaret.internal.display.display.CommonDisplay object at 0x29dc52a40>, model_only=True, return_train_score=False, error_score=0.0, kwargs={})
2026-03-26 15:17:10,349:INFO:Checking exceptions
2026-03-26 15:17:10,349:INFO:Importing libraries
2026-03-26 15:17:10,349:INFO:Copying training dataset
2026-03-26 15:17:10,353:INFO:Defining folds
2026-03-26 15:17:10,353:INFO:Declaring metric variables
2026-03-26 15:17:10,353:INFO:Importing untrained model
2026-03-26 15:17:10,353:INFO:K Neighbors Regressor Imported successfully
2026-03-26 15:17:10,354:INFO:Starting cross validation
2026-03-26 15:17:10,356:INFO:Cross validating with KFold(n_splits=10, random_state=None, shuffle=False), n_jobs=-1
2026-03-26 15:17:10,756:INFO:Calculating mean and std
2026-03-26 15:17:10,756:INFO:Creating metrics dataframe
2026-03-26 15:17:10,757:INFO:Uploading results into container
2026-03-26 15:17:10,757:INFO:Uploading model into container now
2026-03-26 15:17:10,757:INFO:_master_model_container: 11
2026-03-26 15:17:10,757:INFO:_display_container: 2
2026-03-26 15:17:10,757:INFO:KNeighborsRegressor(n_jobs=-1)
2026-03-26 15:17:10,757:INFO:create_model() successfully completed......................................
2026-03-26 15:17:10,792:INFO:SubProcess create_model() end ==================================
2026-03-26 15:17:10,792:INFO:Creating metrics dataframe
2026-03-26 15:17:10,793:INFO:Initializing Decision Tree Regressor
2026-03-26 15:17:10,793:INFO:Total runtime is 0.15872276624043782 minutes
2026-03-26 15:17:10,793:INFO:SubProcess create_model() called ==================================
2026-03-26 15:17:10,793:INFO:Initializing create_model()
2026-03-26 15:17:10,793:INFO:create_model(self=<pycaret.regression.oop.RegressionExperiment object at 0x1236d3550>, estimator=dt, fold=KFold(n_splits=10, random_state=None, shuffle=False), round=4, cross_validation=True, predict=True, fit_kwargs={}, groups=None, refit=False, probability_threshold=None, experiment_custom_tags=None, verbose=False, system=False, add_to_model_list=True, metrics=None, display=<pycaret.internal.display.display.CommonDisplay object at 0x29dc52a40>, model_only=True, return_train_score=False, error_score=0.0, kwargs={})
2026-03-26 15:17:10,793:INFO:Checking exceptions
2026-03-26 15:17:10,793:INFO:Importing libraries
2026-03-26 15:17:10,793:INFO:Copying training dataset
2026-03-26 15:17:10,797:INFO:Defining folds
2026-03-26 15:17:10,797:INFO:Declaring metric variables
2026-03-26 15:17:10,797:INFO:Importing untrained model
2026-03-26 15:17:10,797:INFO:Decision Tree Regressor Imported successfully
2026-03-26 15:17:10,797:INFO:Starting cross validation
2026-03-26 15:17:10,800:INFO:Cross validating with KFold(n_splits=10, random_state=None, shuffle=False), n_jobs=-1
2026-03-26 15:17:11,214:INFO:Calculating mean and std
2026-03-26 15:17:11,214:INFO:Creating metrics dataframe
2026-03-26 15:17:11,215:INFO:Uploading results into container
2026-03-26 15:17:11,215:INFO:Uploading model into container now
2026-03-26 15:17:11,216:INFO:_master_model_container: 12
2026-03-26 15:17:11,216:INFO:_display_container: 2
2026-03-26 15:17:11,216:INFO:DecisionTreeRegressor(random_state=5694)
2026-03-26 15:17:11,216:INFO:create_model() successfully completed......................................
2026-03-26 15:17:11,252:INFO:SubProcess create_model() end ==================================
2026-03-26 15:17:11,252:INFO:Creating metrics dataframe
2026-03-26 15:17:11,253:INFO:Initializing Random Forest Regressor
2026-03-26 15:17:11,253:INFO:Total runtime is 0.16638614734013876 minutes
2026-03-26 15:17:11,253:INFO:SubProcess create_model() called ==================================
2026-03-26 15:17:11,253:INFO:Initializing create_model()
2026-03-26 15:17:11,253:INFO:create_model(self=<pycaret.regression.oop.RegressionExperiment object at 0x1236d3550>, estimator=rf, fold=KFold(n_splits=10, random_state=None, shuffle=False), round=4, cross_validation=True, predict=True, fit_kwargs={}, groups=None, refit=False, probability_threshold=None, experiment_custom_tags=None, verbose=False, system=False, add_to_model_list=True, metrics=None, display=<pycaret.internal.display.display.CommonDisplay object at 0x29dc52a40>, model_only=True, return_train_score=False, error_score=0.0, kwargs={})
2026-03-26 15:17:11,253:INFO:Checking exceptions
2026-03-26 15:17:11,253:INFO:Importing libraries
2026-03-26 15:17:11,253:INFO:Copying training dataset
2026-03-26 15:17:11,257:INFO:Defining folds
2026-03-26 15:17:11,257:INFO:Declaring metric variables
2026-03-26 15:17:11,257:INFO:Importing untrained model
2026-03-26 15:17:11,257:INFO:Random Forest Regressor Imported successfully
2026-03-26 15:17:11,257:INFO:Starting cross validation
2026-03-26 15:17:11,259:INFO:Cross validating with KFold(n_splits=10, random_state=None, shuffle=False), n_jobs=-1
2026-03-26 15:17:12,974:INFO:Calculating mean and std
2026-03-26 15:17:12,975:INFO:Creating metrics dataframe
2026-03-26 15:17:12,976:INFO:Uploading results into container
2026-03-26 15:17:12,976:INFO:Uploading model into container now
2026-03-26 15:17:12,976:INFO:_master_model_container: 13
2026-03-26 15:17:12,976:INFO:_display_container: 2
2026-03-26 15:17:12,976:INFO:RandomForestRegressor(n_jobs=-1, random_state=5694)
2026-03-26 15:17:12,976:INFO:create_model() successfully completed......................................
2026-03-26 15:17:13,013:INFO:SubProcess create_model() end ==================================
2026-03-26 15:17:13,013:INFO:Creating metrics dataframe
2026-03-26 15:17:13,014:INFO:Initializing Extra Trees Regressor
2026-03-26 15:17:13,014:INFO:Total runtime is 0.1957346002260844 minutes
2026-03-26 15:17:13,014:INFO:SubProcess create_model() called ==================================
2026-03-26 15:17:13,014:INFO:Initializing create_model()
2026-03-26 15:17:13,014:INFO:create_model(self=<pycaret.regression.oop.RegressionExperiment object at 0x1236d3550>, estimator=et, fold=KFold(n_splits=10, random_state=None, shuffle=False), round=4, cross_validation=True, predict=True, fit_kwargs={}, groups=None, refit=False, probability_threshold=None, experiment_custom_tags=None, verbose=False, system=False, add_to_model_list=True, metrics=None, display=<pycaret.internal.display.display.CommonDisplay object at 0x29dc52a40>, model_only=True, return_train_score=False, error_score=0.0, kwargs={})
2026-03-26 15:17:13,014:INFO:Checking exceptions
2026-03-26 15:17:13,014:INFO:Importing libraries
2026-03-26 15:17:13,014:INFO:Copying training dataset
2026-03-26 15:17:13,018:INFO:Defining folds
2026-03-26 15:17:13,018:INFO:Declaring metric variables
2026-03-26 15:17:13,018:INFO:Importing untrained model
2026-03-26 15:17:13,018:INFO:Extra Trees Regressor Imported successfully
2026-03-26 15:17:13,019:INFO:Starting cross validation
2026-03-26 15:17:13,021:INFO:Cross validating with KFold(n_splits=10, random_state=None, shuffle=False), n_jobs=-1
2026-03-26 15:17:14,681:INFO:Calculating mean and std
2026-03-26 15:17:14,682:INFO:Creating metrics dataframe
2026-03-26 15:17:14,682:INFO:Uploading results into container
2026-03-26 15:17:14,683:INFO:Uploading model into container now
2026-03-26 15:17:14,683:INFO:_master_model_container: 14
2026-03-26 15:17:14,683:INFO:_display_container: 2
2026-03-26 15:17:14,683:INFO:ExtraTreesRegressor(n_jobs=-1, random_state=5694)
2026-03-26 15:17:14,683:INFO:create_model() successfully completed......................................
2026-03-26 15:17:14,720:INFO:SubProcess create_model() end ==================================
2026-03-26 15:17:14,720:INFO:Creating metrics dataframe
2026-03-26 15:17:14,721:INFO:Initializing AdaBoost Regressor
2026-03-26 15:17:14,721:INFO:Total runtime is 0.22419151465098064 minutes
2026-03-26 15:17:14,721:INFO:SubProcess create_model() called ==================================
2026-03-26 15:17:14,721:INFO:Initializing create_model()
2026-03-26 15:17:14,721:INFO:create_model(self=<pycaret.regression.oop.RegressionExperiment object at 0x1236d3550>, estimator=ada, fold=KFold(n_splits=10, random_state=None, shuffle=False), round=4, cross_validation=True, predict=True, fit_kwargs={}, groups=None, refit=False, probability_threshold=None, experiment_custom_tags=None, verbose=False, system=False, add_to_model_list=True, metrics=None, display=<pycaret.internal.display.display.CommonDisplay object at 0x29dc52a40>, model_only=True, return_train_score=False, error_score=0.0, kwargs={})
2026-03-26 15:17:14,721:INFO:Checking exceptions
2026-03-26 15:17:14,721:INFO:Importing libraries
2026-03-26 15:17:14,721:INFO:Copying training dataset
2026-03-26 15:17:14,725:INFO:Defining folds
2026-03-26 15:17:14,725:INFO:Declaring metric variables
2026-03-26 15:17:14,725:INFO:Importing untrained model
2026-03-26 15:17:14,725:INFO:AdaBoost Regressor Imported successfully
2026-03-26 15:17:14,726:INFO:Starting cross validation
2026-03-26 15:17:14,728:INFO:Cross validating with KFold(n_splits=10, random_state=None, shuffle=False), n_jobs=-1
2026-03-26 15:17:15,473:INFO:Calculating mean and std
2026-03-26 15:17:15,474:INFO:Creating metrics dataframe
2026-03-26 15:17:15,475:INFO:Uploading results into container
2026-03-26 15:17:15,475:INFO:Uploading model into container now
2026-03-26 15:17:15,475:INFO:_master_model_container: 15
2026-03-26 15:17:15,475:INFO:_display_container: 2
2026-03-26 15:17:15,475:INFO:AdaBoostRegressor(random_state=5694)
2026-03-26 15:17:15,475:INFO:create_model() successfully completed......................................
2026-03-26 15:17:15,513:INFO:SubProcess create_model() end ==================================
2026-03-26 15:17:15,513:INFO:Creating metrics dataframe
2026-03-26 15:17:15,514:INFO:Initializing Gradient Boosting Regressor
2026-03-26 15:17:15,514:INFO:Total runtime is 0.2374122460683187 minutes
2026-03-26 15:17:15,514:INFO:SubProcess create_model() called ==================================
2026-03-26 15:17:15,514:INFO:Initializing create_model()
2026-03-26 15:17:15,514:INFO:create_model(self=<pycaret.regression.oop.RegressionExperiment object at 0x1236d3550>, estimator=gbr, fold=KFold(n_splits=10, random_state=None, shuffle=False), round=4, cross_validation=True, predict=True, fit_kwargs={}, groups=None, refit=False, probability_threshold=None, experiment_custom_tags=None, verbose=False, system=False, add_to_model_list=True, metrics=None, display=<pycaret.internal.display.display.CommonDisplay object at 0x29dc52a40>, model_only=True, return_train_score=False, error_score=0.0, kwargs={})
2026-03-26 15:17:15,514:INFO:Checking exceptions
2026-03-26 15:17:15,514:INFO:Importing libraries
2026-03-26 15:17:15,514:INFO:Copying training dataset
2026-03-26 15:17:15,518:INFO:Defining folds
2026-03-26 15:17:15,518:INFO:Declaring metric variables
2026-03-26 15:17:15,519:INFO:Importing untrained model
2026-03-26 15:17:15,519:INFO:Gradient Boosting Regressor Imported successfully
2026-03-26 15:17:15,519:INFO:Starting cross validation
2026-03-26 15:17:15,521:INFO:Cross validating with KFold(n_splits=10, random_state=None, shuffle=False), n_jobs=-1
2026-03-26 15:17:16,567:INFO:Calculating mean and std
2026-03-26 15:17:16,568:INFO:Creating metrics dataframe
2026-03-26 15:17:16,568:INFO:Uploading results into container
2026-03-26 15:17:16,569:INFO:Uploading model into container now
2026-03-26 15:17:16,569:INFO:_master_model_container: 16
2026-03-26 15:17:16,569:INFO:_display_container: 2
2026-03-26 15:17:16,569:INFO:GradientBoostingRegressor(random_state=5694)
2026-03-26 15:17:16,569:INFO:create_model() successfully completed......................................
2026-03-26 15:17:16,607:INFO:SubProcess create_model() end ==================================
2026-03-26 15:17:16,607:INFO:Creating metrics dataframe
2026-03-26 15:17:16,608:INFO:Initializing Light Gradient Boosting Machine
2026-03-26 15:17:16,608:INFO:Total runtime is 0.2556366840998332 minutes
2026-03-26 15:17:16,608:INFO:SubProcess create_model() called ==================================
2026-03-26 15:17:16,608:INFO:Initializing create_model()
2026-03-26 15:17:16,608:INFO:create_model(self=<pycaret.regression.oop.RegressionExperiment object at 0x1236d3550>, estimator=lightgbm, fold=KFold(n_splits=10, random_state=None, shuffle=False), round=4, cross_validation=True, predict=True, fit_kwargs={}, groups=None, refit=False, probability_threshold=None, experiment_custom_tags=None, verbose=False, system=False, add_to_model_list=True, metrics=None, display=<pycaret.internal.display.display.CommonDisplay object at 0x29dc52a40>, model_only=True, return_train_score=False, error_score=0.0, kwargs={})
2026-03-26 15:17:16,608:INFO:Checking exceptions
2026-03-26 15:17:16,608:INFO:Importing libraries
2026-03-26 15:17:16,608:INFO:Copying training dataset
2026-03-26 15:17:16,612:INFO:Defining folds
2026-03-26 15:17:16,612:INFO:Declaring metric variables
2026-03-26 15:17:16,612:INFO:Importing untrained model
2026-03-26 15:17:16,612:INFO:Light Gradient Boosting Machine Imported successfully
2026-03-26 15:17:16,612:INFO:Starting cross validation
2026-03-26 15:17:16,615:INFO:Cross validating with KFold(n_splits=10, random_state=None, shuffle=False), n_jobs=-1
2026-03-26 15:17:20,636:INFO:Calculating mean and std
2026-03-26 15:17:20,637:INFO:Creating metrics dataframe
2026-03-26 15:17:20,638:INFO:Uploading results into container
2026-03-26 15:17:20,638:INFO:Uploading model into container now
2026-03-26 15:17:20,638:INFO:_master_model_container: 17
2026-03-26 15:17:20,638:INFO:_display_container: 2
2026-03-26 15:17:20,638:INFO:LGBMRegressor(n_jobs=-1, random_state=5694)
2026-03-26 15:17:20,638:INFO:create_model() successfully completed......................................
2026-03-26 15:17:20,681:INFO:SubProcess create_model() end ==================================
2026-03-26 15:17:20,681:INFO:Creating metrics dataframe
2026-03-26 15:17:20,682:INFO:Initializing Dummy Regressor
2026-03-26 15:17:20,682:INFO:Total runtime is 0.3235404332478842 minutes
2026-03-26 15:17:20,682:INFO:SubProcess create_model() called ==================================
2026-03-26 15:17:20,682:INFO:Initializing create_model()
2026-03-26 15:17:20,682:INFO:create_model(self=<pycaret.regression.oop.RegressionExperiment object at 0x1236d3550>, estimator=dummy, fold=KFold(n_splits=10, random_state=None, shuffle=False), round=4, cross_validation=True, predict=True, fit_kwargs={}, groups=None, refit=False, probability_threshold=None, experiment_custom_tags=None, verbose=False, system=False, add_to_model_list=True, metrics=None, display=<pycaret.internal.display.display.CommonDisplay object at 0x29dc52a40>, model_only=True, return_train_score=False, error_score=0.0, kwargs={})
2026-03-26 15:17:20,682:INFO:Checking exceptions
2026-03-26 15:17:20,682:INFO:Importing libraries
2026-03-26 15:17:20,682:INFO:Copying training dataset
2026-03-26 15:17:20,686:INFO:Defining folds
2026-03-26 15:17:20,686:INFO:Declaring metric variables
2026-03-26 15:17:20,686:INFO:Importing untrained model
2026-03-26 15:17:20,686:INFO:Dummy Regressor Imported successfully
2026-03-26 15:17:20,686:INFO:Starting cross validation
2026-03-26 15:17:20,689:INFO:Cross validating with KFold(n_splits=10, random_state=None, shuffle=False), n_jobs=-1
2026-03-26 15:17:21,108:INFO:Calculating mean and std
2026-03-26 15:17:21,109:INFO:Creating metrics dataframe
2026-03-26 15:17:21,110:INFO:Uploading results into container
2026-03-26 15:17:21,110:INFO:Uploading model into container now
2026-03-26 15:17:21,110:INFO:_master_model_container: 18
2026-03-26 15:17:21,110:INFO:_display_container: 2
2026-03-26 15:17:21,110:INFO:DummyRegressor()
2026-03-26 15:17:21,110:INFO:create_model() successfully completed......................................
2026-03-26 15:17:21,147:INFO:SubProcess create_model() end ==================================
2026-03-26 15:17:21,147:INFO:Creating metrics dataframe
2026-03-26 15:17:21,149:WARNING:/Users/lisanguyen/Documents/MLOps-project/.venv/lib/python3.10/site-packages/pycaret/internal/pycaret_experiment/supervised_experiment.py:323: FutureWarning: Styler.applymap has been deprecated. Use Styler.map instead.
  master_display_.apply(

2026-03-26 15:17:21,150:INFO:Initializing create_model()
2026-03-26 15:17:21,150:INFO:create_model(self=<pycaret.regression.oop.RegressionExperiment object at 0x1236d3550>, estimator=GradientBoostingRegressor(random_state=5694), fold=KFold(n_splits=10, random_state=None, shuffle=False), round=4, cross_validation=False, predict=False, fit_kwargs={}, groups=None, refit=True, probability_threshold=None, experiment_custom_tags=None, verbose=False, system=False, add_to_model_list=True, metrics=None, display=None, model_only=True, return_train_score=False, error_score=0.0, kwargs={})
2026-03-26 15:17:21,150:INFO:Checking exceptions
2026-03-26 15:17:21,150:INFO:Importing libraries
2026-03-26 15:17:21,150:INFO:Copying training dataset
2026-03-26 15:17:21,155:INFO:Defining folds
2026-03-26 15:17:21,155:INFO:Declaring metric variables
2026-03-26 15:17:21,155:INFO:Importing untrained model
2026-03-26 15:17:21,155:INFO:Declaring custom model
2026-03-26 15:17:21,155:INFO:Gradient Boosting Regressor Imported successfully
2026-03-26 15:17:21,157:INFO:Cross validation set to False
2026-03-26 15:17:21,157:INFO:Fitting Model
2026-03-26 15:17:21,701:INFO:GradientBoostingRegressor(random_state=5694)
2026-03-26 15:17:21,701:INFO:create_model() successfully completed......................................
2026-03-26 15:17:21,741:INFO:_master_model_container: 18
2026-03-26 15:17:21,741:INFO:_display_container: 2
2026-03-26 15:17:21,741:INFO:GradientBoostingRegressor(random_state=5694)
2026-03-26 15:17:21,741:INFO:compare_models() successfully completed......................................
2026-03-26 15:17:21,758:INFO:Initializing save_model()
2026-03-26 15:17:21,758:INFO:save_model(model=GradientBoostingRegressor(random_state=5694), model_name=property_evaluator_model, prep_pipe_=Pipeline(memory=FastMemory(location=/var/folders/k6/8ngcf3nx77l7c565qr86j25m0000gn/T/joblib),
         steps=[('numerical_imputer',
                 TransformerWrapper(include=['Id', 'MSSubClass', 'LotFrontage',
                                             'LotArea', 'OverallQual',
                                             'OverallCond', 'YearBuilt',
                                             'YearRemodAdd', 'MasVnrArea',
                                             'BsmtFinSF1', 'BsmtFinSF2',
                                             'BsmtUnfSF', 'TotalBsmtSF',
                                             '1stFlrSF', '2ndFlrSF',
                                             'LowQualFinSF', 'G...
                                                                    'Condition2',
                                                                    'BldgType',
                                                                    'HouseStyle',
                                                                    'RoofStyle',
                                                                    'RoofMatl',
                                                                    'Exterior1st',
                                                                    'Exterior2nd',
                                                                    'MasVnrType',
                                                                    'ExterQual',
                                                                    'ExterCond',
                                                                    'Foundation',
                                                                    'BsmtQual',
                                                                    'BsmtCond',
                                                                    'BsmtExposure',
                                                                    'BsmtFinType1',
                                                                    'BsmtFinType2',
                                                                    'Heating',
                                                                    'HeatingQC',
                                                                    'Electrical',
                                                                    'KitchenQual',
                                                                    'Functional',
                                                                    'FireplaceQu',
                                                                    'GarageType', ...],
                                                              handle_missing='return_nan',
                                                              use_cat_names=True)))]), verbose=True, use_case=MLUsecase.REGRESSION, kwargs={})
2026-03-26 15:17:21,758:INFO:Adding model into prep_pipe
2026-03-26 15:17:21,776:INFO:property_evaluator_model.pkl saved in current working directory
2026-03-26 15:17:21,792:INFO:Pipeline(memory=Memory(location=None),
         steps=[('numerical_imputer',
                 TransformerWrapper(include=['Id', 'MSSubClass', 'LotFrontage',
                                             'LotArea', 'OverallQual',
                                             'OverallCond', 'YearBuilt',
                                             'YearRemodAdd', 'MasVnrArea',
                                             'BsmtFinSF1', 'BsmtFinSF2',
                                             'BsmtUnfSF', 'TotalBsmtSF',
                                             '1stFlrSF', '2ndFlrSF',
                                             'LowQualFinSF', 'GrLivArea',
                                             'BsmtFullBath', 'BsmtHalfBath',
                                             'FullBath', 'Hal...
                                                                    'Exterior1st',
                                                                    'Exterior2nd',
                                                                    'MasVnrType',
                                                                    'ExterQual',
                                                                    'ExterCond',
                                                                    'Foundation',
                                                                    'BsmtQual',
                                                                    'BsmtCond',
                                                                    'BsmtExposure',
                                                                    'BsmtFinType1',
                                                                    'BsmtFinType2',
                                                                    'Heating',
                                                                    'HeatingQC',
                                                                    'Electrical',
                                                                    'KitchenQual',
                                                                    'Functional',
                                                                    'FireplaceQu',
                                                                    'GarageType', ...],
                                                              handle_missing='return_nan',
                                                              use_cat_names=True))),
                ('trained_model',
                 GradientBoostingRegressor(random_state=5694))])
2026-03-26 15:17:21,792:INFO:save_model() successfully completed......................................
2026-03-26 15:17:21,829:INFO:Soft dependency imported: fastapi: 0.135.1
2026-03-26 15:17:21,829:INFO:Soft dependency imported: uvicorn: 0.41.0
2026-03-26 15:17:21,829:INFO:Soft dependency imported: pydantic: 2.12.5
2026-03-26 15:17:21,844:INFO:Initializing save_model()
2026-03-26 15:17:21,844:INFO:save_model(model=GradientBoostingRegressor(random_state=5694), model_name=property_evaluator_api, prep_pipe_=Pipeline(memory=FastMemory(location=/var/folders/k6/8ngcf3nx77l7c565qr86j25m0000gn/T/joblib),
         steps=[('numerical_imputer',
                 TransformerWrapper(include=['Id', 'MSSubClass', 'LotFrontage',
                                             'LotArea', 'OverallQual',
                                             'OverallCond', 'YearBuilt',
                                             'YearRemodAdd', 'MasVnrArea',
                                             'BsmtFinSF1', 'BsmtFinSF2',
                                             'BsmtUnfSF', 'TotalBsmtSF',
                                             '1stFlrSF', '2ndFlrSF',
                                             'LowQualFinSF', 'G...
                                                                    'Condition2',
                                                                    'BldgType',
                                                                    'HouseStyle',
                                                                    'RoofStyle',
                                                                    'RoofMatl',
                                                                    'Exterior1st',
                                                                    'Exterior2nd',
                                                                    'MasVnrType',
                                                                    'ExterQual',
                                                                    'ExterCond',
                                                                    'Foundation',
                                                                    'BsmtQual',
                                                                    'BsmtCond',
                                                                    'BsmtExposure',
                                                                    'BsmtFinType1',
                                                                    'BsmtFinType2',
                                                                    'Heating',
                                                                    'HeatingQC',
                                                                    'Electrical',
                                                                    'KitchenQual',
                                                                    'Functional',
                                                                    'FireplaceQu',
                                                                    'GarageType', ...],
                                                              handle_missing='return_nan',
                                                              use_cat_names=True)))]), verbose=False, use_case=MLUsecase.REGRESSION, kwargs={})
2026-03-26 15:17:21,844:INFO:Adding model into prep_pipe
2026-03-26 15:17:21,864:INFO:property_evaluator_api.pkl saved in current working directory
2026-03-26 15:17:21,880:INFO:Pipeline(memory=Memory(location=None),
         steps=[('numerical_imputer',
                 TransformerWrapper(include=['Id', 'MSSubClass', 'LotFrontage',
                                             'LotArea', 'OverallQual',
                                             'OverallCond', 'YearBuilt',
                                             'YearRemodAdd', 'MasVnrArea',
                                             'BsmtFinSF1', 'BsmtFinSF2',
                                             'BsmtUnfSF', 'TotalBsmtSF',
                                             '1stFlrSF', '2ndFlrSF',
                                             'LowQualFinSF', 'GrLivArea',
                                             'BsmtFullBath', 'BsmtHalfBath',
                                             'FullBath', 'Hal...
                                                                    'Exterior1st',
                                                                    'Exterior2nd',
                                                                    'MasVnrType',
                                                                    'ExterQual',
                                                                    'ExterCond',
                                                                    'Foundation',
                                                                    'BsmtQual',
                                                                    'BsmtCond',
                                                                    'BsmtExposure',
                                                                    'BsmtFinType1',
                                                                    'BsmtFinType2',
                                                                    'Heating',
                                                                    'HeatingQC',
                                                                    'Electrical',
                                                                    'KitchenQual',
                                                                    'Functional',
                                                                    'FireplaceQu',
                                                                    'GarageType', ...],
                                                              handle_missing='return_nan',
                                                              use_cat_names=True))),
                ('trained_model',
                 GradientBoostingRegressor(random_state=5694))])
2026-03-26 15:17:21,880:INFO:save_model() successfully completed......................................
2026-03-26 15:38:32,896:WARNING:
'cuml' is a soft dependency and not included in the pycaret installation. Please run: `pip install cuml` to install.
2026-03-26 15:38:32,897:WARNING:
'cuml' is a soft dependency and not included in the pycaret installation. Please run: `pip install cuml` to install.
2026-03-26 15:38:32,897:WARNING:
'cuml' is a soft dependency and not included in the pycaret installation. Please run: `pip install cuml` to install.
2026-03-26 15:38:32,897:WARNING:
'cuml' is a soft dependency and not included in the pycaret installation. Please run: `pip install cuml` to install.
2026-03-26 15:38:32,997:INFO:PyCaret RegressionExperiment
2026-03-26 15:38:32,997:INFO:Logging name: reg-default-name
2026-03-26 15:38:32,997:INFO:ML Usecase: MLUsecase.REGRESSION
2026-03-26 15:38:32,997:INFO:version 3.3.2
2026-03-26 15:38:32,997:INFO:Initializing setup()
2026-03-26 15:38:32,997:INFO:self.USI: cbfa
2026-03-26 15:38:32,997:INFO:self._variable_keys: {'X', 'X_train', 'fold_groups_param', 'gpu_n_jobs_param', 'target_param', 'X_test', 'transform_target_param', 'y', 'data', 'idx', 'y_train', 'USI', 'gpu_param', 'n_jobs_param', 'fold_shuffle_param', 'log_plots_param', '_ml_usecase', 'html_param', 'exp_name_log', 'y_test', 'pipeline', 'memory', 'exp_id', 'fold_generator', '_available_plots', 'seed', 'logging_param'}
2026-03-26 15:38:32,997:INFO:Checking environment
2026-03-26 15:38:32,997:INFO:python_version: 3.10.6
2026-03-26 15:38:32,997:INFO:python_build: ('v3.10.6:9c7b4bd164', 'Aug  1 2022 17:13:48')
2026-03-26 15:38:32,997:INFO:machine: arm64
2026-03-26 15:38:33,009:INFO:platform: macOS-14.3-arm64-arm-64bit
2026-03-26 15:38:33,010:INFO:Memory: svmem(total=19327352832, available=4915150848, percent=74.6, used=7293599744, free=53673984, active=4877205504, inactive=4754309120, wired=2416394240)
2026-03-26 15:38:33,010:INFO:Physical Core: 11
2026-03-26 15:38:33,010:INFO:Logical Core: 11
2026-03-26 15:38:33,010:INFO:Checking libraries
2026-03-26 15:38:33,010:INFO:System:
2026-03-26 15:38:33,010:INFO:    python: 3.10.6 (v3.10.6:9c7b4bd164, Aug  1 2022, 17:13:48) [Clang 13.0.0 (clang-1300.0.29.30)]
2026-03-26 15:38:33,010:INFO:executable: /Users/lisanguyen/Documents/MLOps-project/.venv/bin/python
2026-03-26 15:38:33,010:INFO:   machine: macOS-14.3-arm64-arm-64bit
2026-03-26 15:38:33,010:INFO:PyCaret required dependencies:
2026-03-26 15:38:33,027:INFO:                 pip: 22.2.1
2026-03-26 15:38:33,027:INFO:          setuptools: 63.2.0
2026-03-26 15:38:33,027:INFO:             pycaret: 3.3.2
2026-03-26 15:38:33,027:INFO:             IPython: 8.38.0
2026-03-26 15:38:33,027:INFO:          ipywidgets: 8.1.8
2026-03-26 15:38:33,027:INFO:                tqdm: 4.67.3
2026-03-26 15:38:33,027:INFO:               numpy: 1.26.4
2026-03-26 15:38:33,027:INFO:              pandas: 2.1.4
2026-03-26 15:38:33,027:INFO:              jinja2: 3.1.6
2026-03-26 15:38:33,027:INFO:               scipy: 1.11.4
2026-03-26 15:38:33,027:INFO:              joblib: 1.3.2
2026-03-26 15:38:33,027:INFO:             sklearn: 1.4.2
2026-03-26 15:38:33,027:INFO:                pyod: 2.0.7
2026-03-26 15:38:33,027:INFO:            imblearn: 0.14.1
2026-03-26 15:38:33,027:INFO:   category_encoders: 2.7.0
2026-03-26 15:38:33,027:INFO:            lightgbm: 4.6.0
2026-03-26 15:38:33,027:INFO:               numba: 0.64.0
2026-03-26 15:38:33,027:INFO:            requests: 2.32.5
2026-03-26 15:38:33,027:INFO:          matplotlib: 3.7.5
2026-03-26 15:38:33,027:INFO:          scikitplot: 0.3.7
2026-03-26 15:38:33,027:INFO:         yellowbrick: 1.5
2026-03-26 15:38:33,027:INFO:              plotly: 6.6.0
2026-03-26 15:38:33,027:INFO:    plotly-resampler: Not installed
2026-03-26 15:38:33,027:INFO:             kaleido: 1.2.0
2026-03-26 15:38:33,027:INFO:           schemdraw: 0.15
2026-03-26 15:38:33,027:INFO:         statsmodels: 0.14.6
2026-03-26 15:38:33,028:INFO:              sktime: 0.26.0
2026-03-26 15:38:33,028:INFO:               tbats: 1.1.3
2026-03-26 15:38:33,028:INFO:            pmdarima: 2.0.4
2026-03-26 15:38:33,028:INFO:              psutil: 7.2.2
2026-03-26 15:38:33,028:INFO:          markupsafe: 3.0.3
2026-03-26 15:38:33,028:INFO:             pickle5: Not installed
2026-03-26 15:38:33,028:INFO:         cloudpickle: 3.1.2
2026-03-26 15:38:33,028:INFO:         deprecation: 2.1.0
2026-03-26 15:38:33,028:INFO:              xxhash: 3.6.0
2026-03-26 15:38:33,028:INFO:           wurlitzer: 3.1.1
2026-03-26 15:38:33,028:INFO:PyCaret optional dependencies:
2026-03-26 15:38:33,167:INFO:                shap: Not installed
2026-03-26 15:38:33,167:INFO:           interpret: Not installed
2026-03-26 15:38:33,167:INFO:                umap: Not installed
2026-03-26 15:38:33,167:INFO:     ydata_profiling: Not installed
2026-03-26 15:38:33,167:INFO:  explainerdashboard: Not installed
2026-03-26 15:38:33,167:INFO:             autoviz: Not installed
2026-03-26 15:38:33,167:INFO:           fairlearn: Not installed
2026-03-26 15:38:33,167:INFO:          deepchecks: Not installed
2026-03-26 15:38:33,167:INFO:             xgboost: Not installed
2026-03-26 15:38:33,167:INFO:            catboost: Not installed
2026-03-26 15:38:33,167:INFO:              kmodes: Not installed
2026-03-26 15:38:33,167:INFO:             mlxtend: Not installed
2026-03-26 15:38:33,167:INFO:       statsforecast: Not installed
2026-03-26 15:38:33,167:INFO:        tune_sklearn: Not installed
2026-03-26 15:38:33,167:INFO:                 ray: Not installed
2026-03-26 15:38:33,167:INFO:            hyperopt: Not installed
2026-03-26 15:38:33,167:INFO:              optuna: Not installed
2026-03-26 15:38:33,167:INFO:               skopt: Not installed
2026-03-26 15:38:33,167:INFO:              mlflow: Not installed
2026-03-26 15:38:33,167:INFO:              gradio: Not installed
2026-03-26 15:38:33,167:INFO:             fastapi: 0.135.1
2026-03-26 15:38:33,167:INFO:             uvicorn: 0.41.0
2026-03-26 15:38:33,167:INFO:              m2cgen: Not installed
2026-03-26 15:38:33,167:INFO:           evidently: Not installed
2026-03-26 15:38:33,167:INFO:               fugue: Not installed
2026-03-26 15:38:33,167:INFO:           streamlit: Not installed
2026-03-26 15:38:33,167:INFO:             prophet: Not installed
2026-03-26 15:38:33,168:INFO:None
2026-03-26 15:38:33,168:INFO:Set up data.
2026-03-26 15:38:33,178:INFO:Set up folding strategy.
2026-03-26 15:38:33,178:INFO:Set up train/test split.
2026-03-26 15:38:33,186:INFO:Set up index.
2026-03-26 15:38:33,187:INFO:Assigning column types.
2026-03-26 15:38:33,190:INFO:Engine successfully changes for model 'lr' to 'sklearn'.
2026-03-26 15:38:33,190:INFO:Engine for model 'lasso' has not been set explicitly, hence returning None.
2026-03-26 15:38:33,191:INFO:Engine for model 'ridge' has not been set explicitly, hence returning None.
2026-03-26 15:38:33,193:INFO:Engine for model 'en' has not been set explicitly, hence returning None.
2026-03-26 15:38:33,215:INFO:Engine for model 'svm' has not been set explicitly, hence returning None.
2026-03-26 15:38:33,230:INFO:Engine for model 'knn' has not been set explicitly, hence returning None.
2026-03-26 15:38:33,230:WARNING:
'xgboost' is a soft dependency and not included in the pycaret installation. Please run: `pip install xgboost` to install.
Alternately, you can install this by running `pip install pycaret[models]`
2026-03-26 15:38:33,230:WARNING:
'catboost' is a soft dependency and not included in the pycaret installation. Please run: `pip install catboost` to install.
Alternately, you can install this by running `pip install pycaret[models]`
2026-03-26 15:38:33,230:INFO:Engine for model 'lasso' has not been set explicitly, hence returning None.
2026-03-26 15:38:33,232:INFO:Engine for model 'ridge' has not been set explicitly, hence returning None.
2026-03-26 15:38:33,233:INFO:Engine for model 'en' has not been set explicitly, hence returning None.
2026-03-26 15:38:33,255:INFO:Engine for model 'svm' has not been set explicitly, hence returning None.
2026-03-26 15:38:33,269:INFO:Engine for model 'knn' has not been set explicitly, hence returning None.
2026-03-26 15:38:33,269:WARNING:
'xgboost' is a soft dependency and not included in the pycaret installation. Please run: `pip install xgboost` to install.
Alternately, you can install this by running `pip install pycaret[models]`
2026-03-26 15:38:33,269:WARNING:
'catboost' is a soft dependency and not included in the pycaret installation. Please run: `pip install catboost` to install.
Alternately, you can install this by running `pip install pycaret[models]`
2026-03-26 15:38:33,269:INFO:Engine successfully changes for model 'lasso' to 'sklearn'.
2026-03-26 15:38:33,271:INFO:Engine for model 'ridge' has not been set explicitly, hence returning None.
2026-03-26 15:38:33,272:INFO:Engine for model 'en' has not been set explicitly, hence returning None.
2026-03-26 15:38:33,293:INFO:Engine for model 'svm' has not been set explicitly, hence returning None.
2026-03-26 15:38:33,308:INFO:Engine for model 'knn' has not been set explicitly, hence returning None.
2026-03-26 15:38:33,308:WARNING:
'xgboost' is a soft dependency and not included in the pycaret installation. Please run: `pip install xgboost` to install.
Alternately, you can install this by running `pip install pycaret[models]`
2026-03-26 15:38:33,308:WARNING:
'catboost' is a soft dependency and not included in the pycaret installation. Please run: `pip install catboost` to install.
Alternately, you can install this by running `pip install pycaret[models]`
2026-03-26 15:38:33,309:INFO:Engine for model 'ridge' has not been set explicitly, hence returning None.
2026-03-26 15:38:33,311:INFO:Engine for model 'en' has not been set explicitly, hence returning None.
2026-03-26 15:38:33,332:INFO:Engine for model 'svm' has not been set explicitly, hence returning None.
2026-03-26 15:38:33,347:INFO:Engine for model 'knn' has not been set explicitly, hence returning None.
2026-03-26 15:38:33,347:WARNING:
'xgboost' is a soft dependency and not included in the pycaret installation. Please run: `pip install xgboost` to install.
Alternately, you can install this by running `pip install pycaret[models]`
2026-03-26 15:38:33,347:WARNING:
'catboost' is a soft dependency and not included in the pycaret installation. Please run: `pip install catboost` to install.
Alternately, you can install this by running `pip install pycaret[models]`
2026-03-26 15:38:33,347:INFO:Engine successfully changes for model 'ridge' to 'sklearn'.
2026-03-26 15:38:33,350:INFO:Engine for model 'en' has not been set explicitly, hence returning None.
2026-03-26 15:38:33,372:INFO:Engine for model 'svm' has not been set explicitly, hence returning None.
2026-03-26 15:38:33,387:INFO:Engine for model 'knn' has not been set explicitly, hence returning None.
2026-03-26 15:38:33,387:WARNING:
'xgboost' is a soft dependency and not included in the pycaret installation. Please run: `pip install xgboost` to install.
Alternately, you can install this by running `pip install pycaret[models]`
2026-03-26 15:38:33,387:WARNING:
'catboost' is a soft dependency and not included in the pycaret installation. Please run: `pip install catboost` to install.
Alternately, you can install this by running `pip install pycaret[models]`
2026-03-26 15:38:33,390:INFO:Engine for model 'en' has not been set explicitly, hence returning None.
2026-03-26 15:38:33,411:INFO:Engine for model 'svm' has not been set explicitly, hence returning None.
2026-03-26 15:38:33,427:INFO:Engine for model 'knn' has not been set explicitly, hence returning None.
2026-03-26 15:38:33,427:WARNING:
'xgboost' is a soft dependency and not included in the pycaret installation. Please run: `pip install xgboost` to install.
Alternately, you can install this by running `pip install pycaret[models]`
2026-03-26 15:38:33,427:WARNING:
'catboost' is a soft dependency and not included in the pycaret installation. Please run: `pip install catboost` to install.
Alternately, you can install this by running `pip install pycaret[models]`
2026-03-26 15:38:33,427:INFO:Engine successfully changes for model 'en' to 'sklearn'.
2026-03-26 15:38:33,451:INFO:Engine for model 'svm' has not been set explicitly, hence returning None.
2026-03-26 15:38:33,465:INFO:Engine for model 'knn' has not been set explicitly, hence returning None.
2026-03-26 15:38:33,466:WARNING:
'xgboost' is a soft dependency and not included in the pycaret installation. Please run: `pip install xgboost` to install.
Alternately, you can install this by running `pip install pycaret[models]`
2026-03-26 15:38:33,466:WARNING:
'catboost' is a soft dependency and not included in the pycaret installation. Please run: `pip install catboost` to install.
Alternately, you can install this by running `pip install pycaret[models]`
2026-03-26 15:38:33,489:INFO:Engine for model 'svm' has not been set explicitly, hence returning None.
2026-03-26 15:38:33,504:INFO:Engine for model 'knn' has not been set explicitly, hence returning None.
2026-03-26 15:38:33,504:WARNING:
'xgboost' is a soft dependency and not included in the pycaret installation. Please run: `pip install xgboost` to install.
Alternately, you can install this by running `pip install pycaret[models]`
2026-03-26 15:38:33,504:WARNING:
'catboost' is a soft dependency and not included in the pycaret installation. Please run: `pip install catboost` to install.
Alternately, you can install this by running `pip install pycaret[models]`
2026-03-26 15:38:33,504:INFO:Engine successfully changes for model 'knn' to 'sklearn'.
2026-03-26 15:38:33,527:INFO:Engine for model 'svm' has not been set explicitly, hence returning None.
2026-03-26 15:38:33,541:WARNING:
'xgboost' is a soft dependency and not included in the pycaret installation. Please run: `pip install xgboost` to install.
Alternately, you can install this by running `pip install pycaret[models]`
2026-03-26 15:38:33,541:WARNING:
'catboost' is a soft dependency and not included in the pycaret installation. Please run: `pip install catboost` to install.
Alternately, you can install this by running `pip install pycaret[models]`
2026-03-26 15:38:33,565:INFO:Engine for model 'svm' has not been set explicitly, hence returning None.
2026-03-26 15:38:33,579:WARNING:
'xgboost' is a soft dependency and not included in the pycaret installation. Please run: `pip install xgboost` to install.
Alternately, you can install this by running `pip install pycaret[models]`
2026-03-26 15:38:33,579:WARNING:
'catboost' is a soft dependency and not included in the pycaret installation. Please run: `pip install catboost` to install.
Alternately, you can install this by running `pip install pycaret[models]`
2026-03-26 15:38:33,579:INFO:Engine successfully changes for model 'svm' to 'sklearn'.
2026-03-26 15:38:33,617:WARNING:
'xgboost' is a soft dependency and not included in the pycaret installation. Please run: `pip install xgboost` to install.
Alternately, you can install this by running `pip install pycaret[models]`
2026-03-26 15:38:33,617:WARNING:
'catboost' is a soft dependency and not included in the pycaret installation. Please run: `pip install catboost` to install.
Alternately, you can install this by running `pip install pycaret[models]`
2026-03-26 15:38:33,655:WARNING:
'xgboost' is a soft dependency and not included in the pycaret installation. Please run: `pip install xgboost` to install.
Alternately, you can install this by running `pip install pycaret[models]`
2026-03-26 15:38:33,655:WARNING:
'catboost' is a soft dependency and not included in the pycaret installation. Please run: `pip install catboost` to install.
Alternately, you can install this by running `pip install pycaret[models]`
2026-03-26 15:38:33,656:INFO:Preparing preprocessing pipeline...
2026-03-26 15:38:33,656:INFO:Set up simple imputation.
2026-03-26 15:38:33,660:INFO:Set up encoding of ordinal features.
2026-03-26 15:38:33,663:INFO:Set up encoding of categorical features.
2026-03-26 15:38:33,817:INFO:Finished creating preprocessing pipeline.
2026-03-26 15:38:33,833:INFO:Pipeline: Pipeline(memory=FastMemory(location=/var/folders/k6/8ngcf3nx77l7c565qr86j25m0000gn/T/joblib),
         steps=[('numerical_imputer',
                 TransformerWrapper(include=['Id', 'MSSubClass', 'LotFrontage',
                                             'LotArea', 'OverallQual',
                                             'OverallCond', 'YearBuilt',
                                             'YearRemodAdd', 'MasVnrArea',
                                             'BsmtFinSF1', 'BsmtFinSF2',
                                             'BsmtUnfSF', 'TotalBsmtSF',
                                             '1stFlrSF', '2ndFlrSF',
                                             'LowQualFinSF', 'G...
                                                                    'Condition2',
                                                                    'BldgType',
                                                                    'HouseStyle',
                                                                    'RoofStyle',
                                                                    'RoofMatl',
                                                                    'Exterior1st',
                                                                    'Exterior2nd',
                                                                    'MasVnrType',
                                                                    'ExterQual',
                                                                    'ExterCond',
                                                                    'Foundation',
                                                                    'BsmtQual',
                                                                    'BsmtCond',
                                                                    'BsmtExposure',
                                                                    'BsmtFinType1',
                                                                    'BsmtFinType2',
                                                                    'Heating',
                                                                    'HeatingQC',
                                                                    'Electrical',
                                                                    'KitchenQual',
                                                                    'Functional',
                                                                    'FireplaceQu',
                                                                    'GarageType', ...],
                                                              handle_missing='return_nan',
                                                              use_cat_names=True)))])
2026-03-26 15:38:33,833:INFO:Creating final display dataframe.
2026-03-26 15:38:34,402:INFO:Setup _display_container:                     Description             Value
0                    Session id              7231
1                        Target         SalePrice
2                   Target type        Regression
3           Original data shape        (1460, 81)
4        Transformed data shape       (1460, 281)
5   Transformed train set shape       (1021, 281)
6    Transformed test set shape        (439, 281)
7              Numeric features                37
8          Categorical features                43
9      Rows with missing values            100.0%
10                   Preprocess              True
11              Imputation type            simple
12           Numeric imputation              mean
13       Categorical imputation              mode
14     Maximum one-hot encoding                25
15              Encoding method              None
16               Fold Generator             KFold
17                  Fold Number                10
18                     CPU Jobs                -1
19                      Use GPU             False
20               Log Experiment             False
21              Experiment Name  reg-default-name
22                          USI              cbfa
2026-03-26 15:38:34,443:WARNING:
'xgboost' is a soft dependency and not included in the pycaret installation. Please run: `pip install xgboost` to install.
Alternately, you can install this by running `pip install pycaret[models]`
2026-03-26 15:38:34,443:WARNING:
'catboost' is a soft dependency and not included in the pycaret installation. Please run: `pip install catboost` to install.
Alternately, you can install this by running `pip install pycaret[models]`
2026-03-26 15:38:34,484:WARNING:
'xgboost' is a soft dependency and not included in the pycaret installation. Please run: `pip install xgboost` to install.
Alternately, you can install this by running `pip install pycaret[models]`
2026-03-26 15:38:34,484:WARNING:
'catboost' is a soft dependency and not included in the pycaret installation. Please run: `pip install catboost` to install.
Alternately, you can install this by running `pip install pycaret[models]`
2026-03-26 15:38:34,484:INFO:setup() successfully completed in 1.49s...............
2026-03-26 15:38:34,484:INFO:Initializing compare_models()
2026-03-26 15:38:34,484:INFO:compare_models(self=<pycaret.regression.oop.RegressionExperiment object at 0x1525bf550>, include=None, fold=None, round=4, cross_validation=True, sort=RMSE, n_select=1, budget_time=None, turbo=True, errors=ignore, fit_kwargs=None, groups=None, experiment_custom_tags=None, probability_threshold=None, verbose=True, parallel=None, caller_params={'self': <pycaret.regression.oop.RegressionExperiment object at 0x1525bf550>, 'include': None, 'exclude': None, 'fold': None, 'round': 4, 'cross_validation': True, 'sort': 'RMSE', 'n_select': 1, 'budget_time': None, 'turbo': True, 'errors': 'ignore', 'fit_kwargs': None, 'groups': None, 'experiment_custom_tags': None, 'engine': None, 'verbose': True, 'parallel': None, '__class__': <class 'pycaret.regression.oop.RegressionExperiment'>}, exclude=None)
2026-03-26 15:38:34,484:INFO:Checking exceptions
2026-03-26 15:38:34,486:INFO:Preparing display monitor
2026-03-26 15:38:34,497:INFO:Initializing Linear Regression
2026-03-26 15:38:34,497:INFO:Total runtime is 1.8517176310221354e-06 minutes
2026-03-26 15:38:34,497:INFO:SubProcess create_model() called ==================================
2026-03-26 15:38:34,498:INFO:Initializing create_model()
2026-03-26 15:38:34,498:INFO:create_model(self=<pycaret.regression.oop.RegressionExperiment object at 0x1525bf550>, estimator=lr, fold=KFold(n_splits=10, random_state=None, shuffle=False), round=4, cross_validation=True, predict=True, fit_kwargs={}, groups=None, refit=False, probability_threshold=None, experiment_custom_tags=None, verbose=False, system=False, add_to_model_list=True, metrics=None, display=<pycaret.internal.display.display.CommonDisplay object at 0x291252950>, model_only=True, return_train_score=False, error_score=0.0, kwargs={})
2026-03-26 15:38:34,498:INFO:Checking exceptions
2026-03-26 15:38:34,498:INFO:Importing libraries
2026-03-26 15:38:34,498:INFO:Copying training dataset
2026-03-26 15:38:34,503:INFO:Defining folds
2026-03-26 15:38:34,503:INFO:Declaring metric variables
2026-03-26 15:38:34,503:INFO:Importing untrained model
2026-03-26 15:38:34,503:INFO:Linear Regression Imported successfully
2026-03-26 15:38:34,503:INFO:Starting cross validation
2026-03-26 15:38:34,508:INFO:Cross validating with KFold(n_splits=10, random_state=None, shuffle=False), n_jobs=-1
2026-03-26 15:38:37,665:INFO:Calculating mean and std
2026-03-26 15:38:37,666:INFO:Creating metrics dataframe
2026-03-26 15:38:37,671:INFO:Uploading results into container
2026-03-26 15:38:37,672:INFO:Uploading model into container now
2026-03-26 15:38:37,674:INFO:_master_model_container: 1
2026-03-26 15:38:37,674:INFO:_display_container: 2
2026-03-26 15:38:37,675:INFO:LinearRegression(n_jobs=-1)
2026-03-26 15:38:37,676:INFO:create_model() successfully completed......................................
2026-03-26 15:38:37,750:INFO:SubProcess create_model() end ==================================
2026-03-26 15:38:37,750:INFO:Creating metrics dataframe
2026-03-26 15:38:37,752:INFO:Initializing Lasso Regression
2026-03-26 15:38:37,752:INFO:Total runtime is 0.05424073537190755 minutes
2026-03-26 15:38:37,752:INFO:SubProcess create_model() called ==================================
2026-03-26 15:38:37,752:INFO:Initializing create_model()
2026-03-26 15:38:37,752:INFO:create_model(self=<pycaret.regression.oop.RegressionExperiment object at 0x1525bf550>, estimator=lasso, fold=KFold(n_splits=10, random_state=None, shuffle=False), round=4, cross_validation=True, predict=True, fit_kwargs={}, groups=None, refit=False, probability_threshold=None, experiment_custom_tags=None, verbose=False, system=False, add_to_model_list=True, metrics=None, display=<pycaret.internal.display.display.CommonDisplay object at 0x291252950>, model_only=True, return_train_score=False, error_score=0.0, kwargs={})
2026-03-26 15:38:37,752:INFO:Checking exceptions
2026-03-26 15:38:37,752:INFO:Importing libraries
2026-03-26 15:38:37,752:INFO:Copying training dataset
2026-03-26 15:38:37,756:INFO:Defining folds
2026-03-26 15:38:37,756:INFO:Declaring metric variables
2026-03-26 15:38:37,756:INFO:Importing untrained model
2026-03-26 15:38:37,756:INFO:Lasso Regression Imported successfully
2026-03-26 15:38:37,756:INFO:Starting cross validation
2026-03-26 15:38:37,759:INFO:Cross validating with KFold(n_splits=10, random_state=None, shuffle=False), n_jobs=-1
2026-03-26 15:38:38,332:WARNING:/Users/lisanguyen/Documents/MLOps-project/.venv/lib/python3.10/site-packages/sklearn/linear_model/_coordinate_descent.py:678: ConvergenceWarning: Objective did not converge. You might want to increase the number of iterations, check the scale of the features or consider increasing regularisation. Duality gap: 1.431e+11, tolerance: 5.610e+08
  model = cd_fast.enet_coordinate_descent(

2026-03-26 15:38:38,356:WARNING:/Users/lisanguyen/Documents/MLOps-project/.venv/lib/python3.10/site-packages/sklearn/linear_model/_coordinate_descent.py:678: ConvergenceWarning: Objective did not converge. You might want to increase the number of iterations, check the scale of the features or consider increasing regularisation. Duality gap: 1.449e+11, tolerance: 5.626e+08
  model = cd_fast.enet_coordinate_descent(

2026-03-26 15:38:38,372:WARNING:/Users/lisanguyen/Documents/MLOps-project/.venv/lib/python3.10/site-packages/sklearn/linear_model/_coordinate_descent.py:678: ConvergenceWarning: Objective did not converge. You might want to increase the number of iterations, check the scale of the features or consider increasing regularisation. Duality gap: 6.548e+10, tolerance: 5.361e+08
  model = cd_fast.enet_coordinate_descent(

2026-03-26 15:38:38,372:WARNING:/Users/lisanguyen/Documents/MLOps-project/.venv/lib/python3.10/site-packages/sklearn/linear_model/_coordinate_descent.py:678: ConvergenceWarning: Objective did not converge. You might want to increase the number of iterations, check the scale of the features or consider increasing regularisation. Duality gap: 7.527e+10, tolerance: 5.630e+08
  model = cd_fast.enet_coordinate_descent(

2026-03-26 15:38:38,388:WARNING:/Users/lisanguyen/Documents/MLOps-project/.venv/lib/python3.10/site-packages/sklearn/linear_model/_coordinate_descent.py:678: ConvergenceWarning: Objective did not converge. You might want to increase the number of iterations, check the scale of the features or consider increasing regularisation. Duality gap: 1.009e+11, tolerance: 5.596e+08
  model = cd_fast.enet_coordinate_descent(

2026-03-26 15:38:38,417:WARNING:/Users/lisanguyen/Documents/MLOps-project/.venv/lib/python3.10/site-packages/sklearn/linear_model/_coordinate_descent.py:678: ConvergenceWarning: Objective did not converge. You might want to increase the number of iterations, check the scale of the features or consider increasing regularisation. Duality gap: 1.293e+11, tolerance: 5.644e+08
  model = cd_fast.enet_coordinate_descent(

2026-03-26 15:38:38,433:WARNING:/Users/lisanguyen/Documents/MLOps-project/.venv/lib/python3.10/site-packages/sklearn/linear_model/_coordinate_descent.py:678: ConvergenceWarning: Objective did not converge. You might want to increase the number of iterations, check the scale of the features or consider increasing regularisation. Duality gap: 1.254e+11, tolerance: 5.038e+08
  model = cd_fast.enet_coordinate_descent(

2026-03-26 15:38:38,452:WARNING:/Users/lisanguyen/Documents/MLOps-project/.venv/lib/python3.10/site-packages/sklearn/linear_model/_coordinate_descent.py:678: ConvergenceWarning: Objective did not converge. You might want to increase the number of iterations, check the scale of the features or consider increasing regularisation. Duality gap: 1.341e+11, tolerance: 5.476e+08
  model = cd_fast.enet_coordinate_descent(

2026-03-26 15:38:39,086:WARNING:/Users/lisanguyen/Documents/MLOps-project/.venv/lib/python3.10/site-packages/sklearn/linear_model/_coordinate_descent.py:678: ConvergenceWarning: Objective did not converge. You might want to increase the number of iterations, check the scale of the features or consider increasing regularisation. Duality gap: 8.502e+10, tolerance: 5.457e+08
  model = cd_fast.enet_coordinate_descent(

2026-03-26 15:38:39,129:INFO:Calculating mean and std
2026-03-26 15:38:39,129:INFO:Creating metrics dataframe
2026-03-26 15:38:39,130:INFO:Uploading results into container
2026-03-26 15:38:39,130:INFO:Uploading model into container now
2026-03-26 15:38:39,130:INFO:_master_model_container: 2
2026-03-26 15:38:39,131:INFO:_display_container: 2
2026-03-26 15:38:39,131:INFO:Lasso(random_state=7231)
2026-03-26 15:38:39,131:INFO:create_model() successfully completed......................................
2026-03-26 15:38:39,172:INFO:SubProcess create_model() end ==================================
2026-03-26 15:38:39,172:INFO:Creating metrics dataframe
2026-03-26 15:38:39,173:INFO:Initializing Ridge Regression
2026-03-26 15:38:39,173:INFO:Total runtime is 0.07793373664220174 minutes
2026-03-26 15:38:39,173:INFO:SubProcess create_model() called ==================================
2026-03-26 15:38:39,173:INFO:Initializing create_model()
2026-03-26 15:38:39,173:INFO:create_model(self=<pycaret.regression.oop.RegressionExperiment object at 0x1525bf550>, estimator=ridge, fold=KFold(n_splits=10, random_state=None, shuffle=False), round=4, cross_validation=True, predict=True, fit_kwargs={}, groups=None, refit=False, probability_threshold=None, experiment_custom_tags=None, verbose=False, system=False, add_to_model_list=True, metrics=None, display=<pycaret.internal.display.display.CommonDisplay object at 0x291252950>, model_only=True, return_train_score=False, error_score=0.0, kwargs={})
2026-03-26 15:38:39,173:INFO:Checking exceptions
2026-03-26 15:38:39,173:INFO:Importing libraries
2026-03-26 15:38:39,173:INFO:Copying training dataset
2026-03-26 15:38:39,177:INFO:Defining folds
2026-03-26 15:38:39,177:INFO:Declaring metric variables
2026-03-26 15:38:39,177:INFO:Importing untrained model
2026-03-26 15:38:39,177:INFO:Ridge Regression Imported successfully
2026-03-26 15:38:39,178:INFO:Starting cross validation
2026-03-26 15:38:39,180:INFO:Cross validating with KFold(n_splits=10, random_state=None, shuffle=False), n_jobs=-1
2026-03-26 15:38:39,615:INFO:Calculating mean and std
2026-03-26 15:38:39,615:INFO:Creating metrics dataframe
2026-03-26 15:38:39,616:INFO:Uploading results into container
2026-03-26 15:38:39,616:INFO:Uploading model into container now
2026-03-26 15:38:39,616:INFO:_master_model_container: 3
2026-03-26 15:38:39,616:INFO:_display_container: 2
2026-03-26 15:38:39,616:INFO:Ridge(random_state=7231)
2026-03-26 15:38:39,616:INFO:create_model() successfully completed......................................
2026-03-26 15:38:39,652:INFO:SubProcess create_model() end ==================================
2026-03-26 15:38:39,652:INFO:Creating metrics dataframe
2026-03-26 15:38:39,653:INFO:Initializing Elastic Net
2026-03-26 15:38:39,653:INFO:Total runtime is 0.08593150377273559 minutes
2026-03-26 15:38:39,653:INFO:SubProcess create_model() called ==================================
2026-03-26 15:38:39,653:INFO:Initializing create_model()
2026-03-26 15:38:39,653:INFO:create_model(self=<pycaret.regression.oop.RegressionExperiment object at 0x1525bf550>, estimator=en, fold=KFold(n_splits=10, random_state=None, shuffle=False), round=4, cross_validation=True, predict=True, fit_kwargs={}, groups=None, refit=False, probability_threshold=None, experiment_custom_tags=None, verbose=False, system=False, add_to_model_list=True, metrics=None, display=<pycaret.internal.display.display.CommonDisplay object at 0x291252950>, model_only=True, return_train_score=False, error_score=0.0, kwargs={})
2026-03-26 15:38:39,653:INFO:Checking exceptions
2026-03-26 15:38:39,653:INFO:Importing libraries
2026-03-26 15:38:39,653:INFO:Copying training dataset
2026-03-26 15:38:39,657:INFO:Defining folds
2026-03-26 15:38:39,657:INFO:Declaring metric variables
2026-03-26 15:38:39,657:INFO:Importing untrained model
2026-03-26 15:38:39,657:INFO:Elastic Net Imported successfully
2026-03-26 15:38:39,657:INFO:Starting cross validation
2026-03-26 15:38:39,660:INFO:Cross validating with KFold(n_splits=10, random_state=None, shuffle=False), n_jobs=-1
2026-03-26 15:38:40,269:WARNING:/Users/lisanguyen/Documents/MLOps-project/.venv/lib/python3.10/site-packages/sklearn/linear_model/_coordinate_descent.py:678: ConvergenceWarning: Objective did not converge. You might want to increase the number of iterations, check the scale of the features or consider increasing regularisation. Duality gap: 5.088e+11, tolerance: 5.626e+08
  model = cd_fast.enet_coordinate_descent(

2026-03-26 15:38:40,273:WARNING:/Users/lisanguyen/Documents/MLOps-project/.venv/lib/python3.10/site-packages/sklearn/linear_model/_coordinate_descent.py:678: ConvergenceWarning: Objective did not converge. You might want to increase the number of iterations, check the scale of the features or consider increasing regularisation. Duality gap: 4.966e+11, tolerance: 5.457e+08
  model = cd_fast.enet_coordinate_descent(

2026-03-26 15:38:40,276:WARNING:/Users/lisanguyen/Documents/MLOps-project/.venv/lib/python3.10/site-packages/sklearn/linear_model/_coordinate_descent.py:678: ConvergenceWarning: Objective did not converge. You might want to increase the number of iterations, check the scale of the features or consider increasing regularisation. Duality gap: 4.656e+11, tolerance: 5.088e+08
  model = cd_fast.enet_coordinate_descent(

2026-03-26 15:38:40,280:WARNING:/Users/lisanguyen/Documents/MLOps-project/.venv/lib/python3.10/site-packages/sklearn/linear_model/_coordinate_descent.py:678: ConvergenceWarning: Objective did not converge. You might want to increase the number of iterations, check the scale of the features or consider increasing regularisation. Duality gap: 5.168e+11, tolerance: 5.644e+08
  model = cd_fast.enet_coordinate_descent(

2026-03-26 15:38:40,293:WARNING:/Users/lisanguyen/Documents/MLOps-project/.venv/lib/python3.10/site-packages/sklearn/linear_model/_coordinate_descent.py:678: ConvergenceWarning: Objective did not converge. You might want to increase the number of iterations, check the scale of the features or consider increasing regularisation. Duality gap: 5.102e+11, tolerance: 5.630e+08
  model = cd_fast.enet_coordinate_descent(

2026-03-26 15:38:40,299:WARNING:/Users/lisanguyen/Documents/MLOps-project/.venv/lib/python3.10/site-packages/sklearn/linear_model/_coordinate_descent.py:678: ConvergenceWarning: Objective did not converge. You might want to increase the number of iterations, check the scale of the features or consider increasing regularisation. Duality gap: 3.517e+11, tolerance: 5.361e+08
  model = cd_fast.enet_coordinate_descent(

2026-03-26 15:38:40,300:WARNING:/Users/lisanguyen/Documents/MLOps-project/.venv/lib/python3.10/site-packages/sklearn/linear_model/_coordinate_descent.py:678: ConvergenceWarning: Objective did not converge. You might want to increase the number of iterations, check the scale of the features or consider increasing regularisation. Duality gap: 5.096e+11, tolerance: 5.610e+08
  model = cd_fast.enet_coordinate_descent(

2026-03-26 15:38:40,311:WARNING:/Users/lisanguyen/Documents/MLOps-project/.venv/lib/python3.10/site-packages/sklearn/linear_model/_coordinate_descent.py:678: ConvergenceWarning: Objective did not converge. You might want to increase the number of iterations, check the scale of the features or consider increasing regularisation. Duality gap: 5.073e+11, tolerance: 5.596e+08
  model = cd_fast.enet_coordinate_descent(

2026-03-26 15:38:40,336:WARNING:/Users/lisanguyen/Documents/MLOps-project/.venv/lib/python3.10/site-packages/sklearn/linear_model/_coordinate_descent.py:678: ConvergenceWarning: Objective did not converge. You might want to increase the number of iterations, check the scale of the features or consider increasing regularisation. Duality gap: 5.033e+11, tolerance: 5.476e+08
  model = cd_fast.enet_coordinate_descent(

2026-03-26 15:38:40,339:WARNING:/Users/lisanguyen/Documents/MLOps-project/.venv/lib/python3.10/site-packages/sklearn/linear_model/_coordinate_descent.py:678: ConvergenceWarning: Objective did not converge. You might want to increase the number of iterations, check the scale of the features or consider increasing regularisation. Duality gap: 4.506e+11, tolerance: 5.038e+08
  model = cd_fast.enet_coordinate_descent(

2026-03-26 15:38:40,399:INFO:Calculating mean and std
2026-03-26 15:38:40,399:INFO:Creating metrics dataframe
2026-03-26 15:38:40,400:INFO:Uploading results into container
2026-03-26 15:38:40,400:INFO:Uploading model into container now
2026-03-26 15:38:40,400:INFO:_master_model_container: 4
2026-03-26 15:38:40,400:INFO:_display_container: 2
2026-03-26 15:38:40,400:INFO:ElasticNet(random_state=7231)
2026-03-26 15:38:40,400:INFO:create_model() successfully completed......................................
2026-03-26 15:38:40,437:INFO:SubProcess create_model() end ==================================
2026-03-26 15:38:40,437:INFO:Creating metrics dataframe
2026-03-26 15:38:40,438:INFO:Initializing Least Angle Regression
2026-03-26 15:38:40,438:INFO:Total runtime is 0.09901853402455647 minutes
2026-03-26 15:38:40,438:INFO:SubProcess create_model() called ==================================
2026-03-26 15:38:40,438:INFO:Initializing create_model()
2026-03-26 15:38:40,438:INFO:create_model(self=<pycaret.regression.oop.RegressionExperiment object at 0x1525bf550>, estimator=lar, fold=KFold(n_splits=10, random_state=None, shuffle=False), round=4, cross_validation=True, predict=True, fit_kwargs={}, groups=None, refit=False, probability_threshold=None, experiment_custom_tags=None, verbose=False, system=False, add_to_model_list=True, metrics=None, display=<pycaret.internal.display.display.CommonDisplay object at 0x291252950>, model_only=True, return_train_score=False, error_score=0.0, kwargs={})
2026-03-26 15:38:40,438:INFO:Checking exceptions
2026-03-26 15:38:40,438:INFO:Importing libraries
2026-03-26 15:38:40,438:INFO:Copying training dataset
2026-03-26 15:38:40,443:INFO:Defining folds
2026-03-26 15:38:40,443:INFO:Declaring metric variables
2026-03-26 15:38:40,443:INFO:Importing untrained model
2026-03-26 15:38:40,443:INFO:Least Angle Regression Imported successfully
2026-03-26 15:38:40,443:INFO:Starting cross validation
2026-03-26 15:38:40,445:INFO:Cross validating with KFold(n_splits=10, random_state=None, shuffle=False), n_jobs=-1
2026-03-26 15:38:40,736:WARNING:/Users/lisanguyen/Documents/MLOps-project/.venv/lib/python3.10/site-packages/sklearn/linear_model/_least_angle.py:688: ConvergenceWarning: Regressors in active set degenerate. Dropping a regressor, after 192 iterations, i.e. alpha=5.967e+02, with an active set of 166 regressors, and the smallest cholesky pivot element being 2.220e-16. Reduce max_iter or increase eps parameters.
  warnings.warn(

2026-03-26 15:38:40,786:WARNING:/Users/lisanguyen/Documents/MLOps-project/.venv/lib/python3.10/site-packages/sklearn/linear_model/_least_angle.py:688: ConvergenceWarning: Regressors in active set degenerate. Dropping a regressor, after 304 iterations, i.e. alpha=8.341e+03, with an active set of 243 regressors, and the smallest cholesky pivot element being 1.054e-08. Reduce max_iter or increase eps parameters.
  warnings.warn(

2026-03-26 15:38:40,786:WARNING:/Users/lisanguyen/Documents/MLOps-project/.venv/lib/python3.10/site-packages/sklearn/linear_model/_least_angle.py:688: ConvergenceWarning: Regressors in active set degenerate. Dropping a regressor, after 385 iterations, i.e. alpha=1.280e+08, with an active set of 274 regressors, and the smallest cholesky pivot element being 1.054e-08. Reduce max_iter or increase eps parameters.
  warnings.warn(

2026-03-26 15:38:40,787:WARNING:/Users/lisanguyen/Documents/MLOps-project/.venv/lib/python3.10/site-packages/sklearn/linear_model/_least_angle.py:688: ConvergenceWarning: Regressors in active set degenerate. Dropping a regressor, after 385 iterations, i.e. alpha=1.072e+08, with an active set of 274 regressors, and the smallest cholesky pivot element being 1.054e-08. Reduce max_iter or increase eps parameters.
  warnings.warn(

2026-03-26 15:38:40,796:WARNING:/Users/lisanguyen/Documents/MLOps-project/.venv/lib/python3.10/site-packages/sklearn/linear_model/_least_angle.py:688: ConvergenceWarning: Regressors in active set degenerate. Dropping a regressor, after 351 iterations, i.e. alpha=1.819e+05, with an active set of 277 regressors, and the smallest cholesky pivot element being 1.054e-08. Reduce max_iter or increase eps parameters.
  warnings.warn(

2026-03-26 15:38:40,796:WARNING:/Users/lisanguyen/Documents/MLOps-project/.venv/lib/python3.10/site-packages/sklearn/linear_model/_least_angle.py:688: ConvergenceWarning: Regressors in active set degenerate. Dropping a regressor, after 351 iterations, i.e. alpha=1.978e+04, with an active set of 277 regressors, and the smallest cholesky pivot element being 1.054e-08. Reduce max_iter or increase eps parameters.
  warnings.warn(

2026-03-26 15:38:40,836:WARNING:/Users/lisanguyen/Documents/MLOps-project/.venv/lib/python3.10/site-packages/sklearn/linear_model/_least_angle.py:688: ConvergenceWarning: Regressors in active set degenerate. Dropping a regressor, after 373 iterations, i.e. alpha=4.340e+06, with an active set of 279 regressors, and the smallest cholesky pivot element being 1.054e-08. Reduce max_iter or increase eps parameters.
  warnings.warn(

2026-03-26 15:38:40,845:WARNING:/Users/lisanguyen/Documents/MLOps-project/.venv/lib/python3.10/site-packages/sklearn/linear_model/_least_angle.py:688: ConvergenceWarning: Regressors in active set degenerate. Dropping a regressor, after 220 iterations, i.e. alpha=4.150e+03, with an active set of 170 regressors, and the smallest cholesky pivot element being 1.825e-08. Reduce max_iter or increase eps parameters.
  warnings.warn(

2026-03-26 15:38:40,854:WARNING:/Users/lisanguyen/Documents/MLOps-project/.venv/lib/python3.10/site-packages/sklearn/linear_model/_least_angle.py:688: ConvergenceWarning: Regressors in active set degenerate. Dropping a regressor, after 371 iterations, i.e. alpha=2.210e+04, with an active set of 274 regressors, and the smallest cholesky pivot element being 1.490e-08. Reduce max_iter or increase eps parameters.
  warnings.warn(

2026-03-26 15:38:40,854:WARNING:/Users/lisanguyen/Documents/MLOps-project/.venv/lib/python3.10/site-packages/sklearn/linear_model/_least_angle.py:688: ConvergenceWarning: Regressors in active set degenerate. Dropping a regressor, after 371 iterations, i.e. alpha=1.828e+04, with an active set of 274 regressors, and the smallest cholesky pivot element being 2.220e-16. Reduce max_iter or increase eps parameters.
  warnings.warn(

2026-03-26 15:38:40,868:WARNING:/Users/lisanguyen/Documents/MLOps-project/.venv/lib/python3.10/site-packages/sklearn/linear_model/_least_angle.py:688: ConvergenceWarning: Regressors in active set degenerate. Dropping a regressor, after 357 iterations, i.e. alpha=7.425e+15, with an active set of 274 regressors, and the smallest cholesky pivot element being 1.490e-08. Reduce max_iter or increase eps parameters.
  warnings.warn(

2026-03-26 15:38:40,921:INFO:Calculating mean and std
2026-03-26 15:38:40,922:INFO:Creating metrics dataframe
2026-03-26 15:38:40,922:INFO:Uploading results into container
2026-03-26 15:38:40,922:INFO:Uploading model into container now
2026-03-26 15:38:40,923:INFO:_master_model_container: 5
2026-03-26 15:38:40,923:INFO:_display_container: 2
2026-03-26 15:38:40,923:INFO:Lars(random_state=7231)
2026-03-26 15:38:40,923:INFO:create_model() successfully completed......................................
2026-03-26 15:38:40,970:INFO:SubProcess create_model() end ==================================
2026-03-26 15:38:40,970:INFO:Creating metrics dataframe
2026-03-26 15:38:40,971:INFO:Initializing Lasso Least Angle Regression
2026-03-26 15:38:40,971:INFO:Total runtime is 0.10790366729100545 minutes
2026-03-26 15:38:40,971:INFO:SubProcess create_model() called ==================================
2026-03-26 15:38:40,972:INFO:Initializing create_model()
2026-03-26 15:38:40,972:INFO:create_model(self=<pycaret.regression.oop.RegressionExperiment object at 0x1525bf550>, estimator=llar, fold=KFold(n_splits=10, random_state=None, shuffle=False), round=4, cross_validation=True, predict=True, fit_kwargs={}, groups=None, refit=False, probability_threshold=None, experiment_custom_tags=None, verbose=False, system=False, add_to_model_list=True, metrics=None, display=<pycaret.internal.display.display.CommonDisplay object at 0x291252950>, model_only=True, return_train_score=False, error_score=0.0, kwargs={})
2026-03-26 15:38:40,972:INFO:Checking exceptions
2026-03-26 15:38:40,972:INFO:Importing libraries
2026-03-26 15:38:40,972:INFO:Copying training dataset
2026-03-26 15:38:40,981:INFO:Defining folds
2026-03-26 15:38:40,981:INFO:Declaring metric variables
2026-03-26 15:38:40,981:INFO:Importing untrained model
2026-03-26 15:38:40,981:INFO:Lasso Least Angle Regression Imported successfully
2026-03-26 15:38:40,981:INFO:Starting cross validation
2026-03-26 15:38:40,986:INFO:Cross validating with KFold(n_splits=10, random_state=None, shuffle=False), n_jobs=-1
2026-03-26 15:38:41,343:WARNING:/Users/lisanguyen/Documents/MLOps-project/.venv/lib/python3.10/site-packages/sklearn/linear_model/_least_angle.py:718: ConvergenceWarning: Early stopping the lars path, as the residues are small and the current value of alpha is no longer well controlled. 54 iterations, alpha=2.097e+03, previous alpha=7.059e+02, with an active set of 47 regressors.
  warnings.warn(

2026-03-26 15:38:41,345:WARNING:/Users/lisanguyen/Documents/MLOps-project/.venv/lib/python3.10/site-packages/sklearn/linear_model/_least_angle.py:718: ConvergenceWarning: Early stopping the lars path, as the residues are small and the current value of alpha is no longer well controlled. 76 iterations, alpha=1.051e+03, previous alpha=3.508e+02, with an active set of 67 regressors.
  warnings.warn(

2026-03-26 15:38:41,361:WARNING:/Users/lisanguyen/Documents/MLOps-project/.venv/lib/python3.10/site-packages/sklearn/linear_model/_least_angle.py:688: ConvergenceWarning: Regressors in active set degenerate. Dropping a regressor, after 143 iterations, i.e. alpha=7.906e+01, with an active set of 119 regressors, and the smallest cholesky pivot element being 8.429e-08. Reduce max_iter or increase eps parameters.
  warnings.warn(

2026-03-26 15:38:41,364:WARNING:/Users/lisanguyen/Documents/MLOps-project/.venv/lib/python3.10/site-packages/sklearn/linear_model/_least_angle.py:688: ConvergenceWarning: Regressors in active set degenerate. Dropping a regressor, after 170 iterations, i.e. alpha=4.557e+01, with an active set of 144 regressors, and the smallest cholesky pivot element being 2.220e-16. Reduce max_iter or increase eps parameters.
  warnings.warn(

2026-03-26 15:38:41,364:WARNING:/Users/lisanguyen/Documents/MLOps-project/.venv/lib/python3.10/site-packages/sklearn/linear_model/_least_angle.py:718: ConvergenceWarning: Early stopping the lars path, as the residues are small and the current value of alpha is no longer well controlled. 174 iterations, alpha=4.394e+01, previous alpha=4.383e+01, with an active set of 147 regressors.
  warnings.warn(

2026-03-26 15:38:41,371:WARNING:/Users/lisanguyen/Documents/MLOps-project/.venv/lib/python3.10/site-packages/sklearn/linear_model/_least_angle.py:718: ConvergenceWarning: Early stopping the lars path, as the residues are small and the current value of alpha is no longer well controlled. 30 iterations, alpha=4.879e+03, previous alpha=2.672e+03, with an active set of 23 regressors.
  warnings.warn(

2026-03-26 15:38:41,374:WARNING:/Users/lisanguyen/Documents/MLOps-project/.venv/lib/python3.10/site-packages/sklearn/linear_model/_least_angle.py:718: ConvergenceWarning: Early stopping the lars path, as the residues are small and the current value of alpha is no longer well controlled. 183 iterations, alpha=4.845e+01, previous alpha=4.841e+01, with an active set of 146 regressors.
  warnings.warn(

2026-03-26 15:38:41,376:WARNING:/Users/lisanguyen/Documents/MLOps-project/.venv/lib/python3.10/site-packages/sklearn/linear_model/_least_angle.py:718: ConvergenceWarning: Early stopping the lars path, as the residues are small and the current value of alpha is no longer well controlled. 65 iterations, alpha=4.539e+02, previous alpha=3.690e+02, with an active set of 58 regressors.
  warnings.warn(

2026-03-26 15:38:41,378:WARNING:/Users/lisanguyen/Documents/MLOps-project/.venv/lib/python3.10/site-packages/sklearn/linear_model/_least_angle.py:688: ConvergenceWarning: Regressors in active set degenerate. Dropping a regressor, after 220 iterations, i.e. alpha=2.185e+01, with an active set of 178 regressors, and the smallest cholesky pivot element being 1.490e-08. Reduce max_iter or increase eps parameters.
  warnings.warn(

2026-03-26 15:38:41,379:WARNING:/Users/lisanguyen/Documents/MLOps-project/.venv/lib/python3.10/site-packages/sklearn/linear_model/_least_angle.py:718: ConvergenceWarning: Early stopping the lars path, as the residues are small and the current value of alpha is no longer well controlled. 227 iterations, alpha=2.082e+01, previous alpha=2.039e+01, with an active set of 180 regressors.
  warnings.warn(

2026-03-26 15:38:41,390:WARNING:/Users/lisanguyen/Documents/MLOps-project/.venv/lib/python3.10/site-packages/sklearn/linear_model/_least_angle.py:718: ConvergenceWarning: Early stopping the lars path, as the residues are small and the current value of alpha is no longer well controlled. 63 iterations, alpha=1.283e+03, previous alpha=6.216e+02, with an active set of 48 regressors.
  warnings.warn(

2026-03-26 15:38:41,404:WARNING:/Users/lisanguyen/Documents/MLOps-project/.venv/lib/python3.10/site-packages/sklearn/linear_model/_least_angle.py:718: ConvergenceWarning: Early stopping the lars path, as the residues are small and the current value of alpha is no longer well controlled. 257 iterations, alpha=1.578e+01, previous alpha=1.347e+01, with an active set of 198 regressors.
  warnings.warn(

2026-03-26 15:38:41,419:WARNING:/Users/lisanguyen/Documents/MLOps-project/.venv/lib/python3.10/site-packages/sklearn/linear_model/_least_angle.py:718: ConvergenceWarning: Early stopping the lars path, as the residues are small and the current value of alpha is no longer well controlled. 238 iterations, alpha=2.446e+01, previous alpha=2.446e+01, with an active set of 177 regressors.
  warnings.warn(

2026-03-26 15:38:41,482:INFO:Calculating mean and std
2026-03-26 15:38:41,483:INFO:Creating metrics dataframe
2026-03-26 15:38:41,484:INFO:Uploading results into container
2026-03-26 15:38:41,484:INFO:Uploading model into container now
2026-03-26 15:38:41,484:INFO:_master_model_container: 6
2026-03-26 15:38:41,484:INFO:_display_container: 2
2026-03-26 15:38:41,484:INFO:LassoLars(random_state=7231)
2026-03-26 15:38:41,484:INFO:create_model() successfully completed......................................
2026-03-26 15:38:41,523:INFO:SubProcess create_model() end ==================================
2026-03-26 15:38:41,523:INFO:Creating metrics dataframe
2026-03-26 15:38:41,524:INFO:Initializing Orthogonal Matching Pursuit
2026-03-26 15:38:41,524:INFO:Total runtime is 0.117108686765035 minutes
2026-03-26 15:38:41,524:INFO:SubProcess create_model() called ==================================
2026-03-26 15:38:41,524:INFO:Initializing create_model()
2026-03-26 15:38:41,524:INFO:create_model(self=<pycaret.regression.oop.RegressionExperiment object at 0x1525bf550>, estimator=omp, fold=KFold(n_splits=10, random_state=None, shuffle=False), round=4, cross_validation=True, predict=True, fit_kwargs={}, groups=None, refit=False, probability_threshold=None, experiment_custom_tags=None, verbose=False, system=False, add_to_model_list=True, metrics=None, display=<pycaret.internal.display.display.CommonDisplay object at 0x291252950>, model_only=True, return_train_score=False, error_score=0.0, kwargs={})
2026-03-26 15:38:41,524:INFO:Checking exceptions
2026-03-26 15:38:41,524:INFO:Importing libraries
2026-03-26 15:38:41,524:INFO:Copying training dataset
2026-03-26 15:38:41,528:INFO:Defining folds
2026-03-26 15:38:41,528:INFO:Declaring metric variables
2026-03-26 15:38:41,528:INFO:Importing untrained model
2026-03-26 15:38:41,528:INFO:Orthogonal Matching Pursuit Imported successfully
2026-03-26 15:38:41,528:INFO:Starting cross validation
2026-03-26 15:38:41,531:INFO:Cross validating with KFold(n_splits=10, random_state=None, shuffle=False), n_jobs=-1
2026-03-26 15:38:41,983:INFO:Calculating mean and std
2026-03-26 15:38:41,983:INFO:Creating metrics dataframe
2026-03-26 15:38:41,984:INFO:Uploading results into container
2026-03-26 15:38:41,984:INFO:Uploading model into container now
2026-03-26 15:38:41,984:INFO:_master_model_container: 7
2026-03-26 15:38:41,984:INFO:_display_container: 2
2026-03-26 15:38:41,984:INFO:OrthogonalMatchingPursuit()
2026-03-26 15:38:41,984:INFO:create_model() successfully completed......................................
2026-03-26 15:38:42,022:INFO:SubProcess create_model() end ==================================
2026-03-26 15:38:42,022:INFO:Creating metrics dataframe
2026-03-26 15:38:42,023:INFO:Initializing Bayesian Ridge
2026-03-26 15:38:42,023:INFO:Total runtime is 0.12543476819992067 minutes
2026-03-26 15:38:42,023:INFO:SubProcess create_model() called ==================================
2026-03-26 15:38:42,023:INFO:Initializing create_model()
2026-03-26 15:38:42,023:INFO:create_model(self=<pycaret.regression.oop.RegressionExperiment object at 0x1525bf550>, estimator=br, fold=KFold(n_splits=10, random_state=None, shuffle=False), round=4, cross_validation=True, predict=True, fit_kwargs={}, groups=None, refit=False, probability_threshold=None, experiment_custom_tags=None, verbose=False, system=False, add_to_model_list=True, metrics=None, display=<pycaret.internal.display.display.CommonDisplay object at 0x291252950>, model_only=True, return_train_score=False, error_score=0.0, kwargs={})
2026-03-26 15:38:42,023:INFO:Checking exceptions
2026-03-26 15:38:42,023:INFO:Importing libraries
2026-03-26 15:38:42,023:INFO:Copying training dataset
2026-03-26 15:38:42,028:INFO:Defining folds
2026-03-26 15:38:42,028:INFO:Declaring metric variables
2026-03-26 15:38:42,028:INFO:Importing untrained model
2026-03-26 15:38:42,028:INFO:Bayesian Ridge Imported successfully
2026-03-26 15:38:42,028:INFO:Starting cross validation
2026-03-26 15:38:42,030:INFO:Cross validating with KFold(n_splits=10, random_state=None, shuffle=False), n_jobs=-1
2026-03-26 15:38:42,583:INFO:Calculating mean and std
2026-03-26 15:38:42,583:INFO:Creating metrics dataframe
2026-03-26 15:38:42,584:INFO:Uploading results into container
2026-03-26 15:38:42,584:INFO:Uploading model into container now
2026-03-26 15:38:42,584:INFO:_master_model_container: 8
2026-03-26 15:38:42,584:INFO:_display_container: 2
2026-03-26 15:38:42,584:INFO:BayesianRidge()
2026-03-26 15:38:42,584:INFO:create_model() successfully completed......................................
2026-03-26 15:38:42,624:INFO:SubProcess create_model() end ==================================
2026-03-26 15:38:42,624:INFO:Creating metrics dataframe
2026-03-26 15:38:42,625:INFO:Initializing Passive Aggressive Regressor
2026-03-26 15:38:42,625:INFO:Total runtime is 0.1354653040568034 minutes
2026-03-26 15:38:42,625:INFO:SubProcess create_model() called ==================================
2026-03-26 15:38:42,625:INFO:Initializing create_model()
2026-03-26 15:38:42,625:INFO:create_model(self=<pycaret.regression.oop.RegressionExperiment object at 0x1525bf550>, estimator=par, fold=KFold(n_splits=10, random_state=None, shuffle=False), round=4, cross_validation=True, predict=True, fit_kwargs={}, groups=None, refit=False, probability_threshold=None, experiment_custom_tags=None, verbose=False, system=False, add_to_model_list=True, metrics=None, display=<pycaret.internal.display.display.CommonDisplay object at 0x291252950>, model_only=True, return_train_score=False, error_score=0.0, kwargs={})
2026-03-26 15:38:42,625:INFO:Checking exceptions
2026-03-26 15:38:42,625:INFO:Importing libraries
2026-03-26 15:38:42,625:INFO:Copying training dataset
2026-03-26 15:38:42,629:INFO:Defining folds
2026-03-26 15:38:42,629:INFO:Declaring metric variables
2026-03-26 15:38:42,630:INFO:Importing untrained model
2026-03-26 15:38:42,630:INFO:Passive Aggressive Regressor Imported successfully
2026-03-26 15:38:42,630:INFO:Starting cross validation
2026-03-26 15:38:42,632:INFO:Cross validating with KFold(n_splits=10, random_state=None, shuffle=False), n_jobs=-1
2026-03-26 15:38:43,139:INFO:Calculating mean and std
2026-03-26 15:38:43,139:INFO:Creating metrics dataframe
2026-03-26 15:38:43,140:INFO:Uploading results into container
2026-03-26 15:38:43,140:INFO:Uploading model into container now
2026-03-26 15:38:43,141:INFO:_master_model_container: 9
2026-03-26 15:38:43,141:INFO:_display_container: 2
2026-03-26 15:38:43,141:INFO:PassiveAggressiveRegressor(random_state=7231)
2026-03-26 15:38:43,141:INFO:create_model() successfully completed......................................
2026-03-26 15:38:43,178:INFO:SubProcess create_model() end ==================================
2026-03-26 15:38:43,178:INFO:Creating metrics dataframe
2026-03-26 15:38:43,179:INFO:Initializing Huber Regressor
2026-03-26 15:38:43,179:INFO:Total runtime is 0.14470123449961347 minutes
2026-03-26 15:38:43,179:INFO:SubProcess create_model() called ==================================
2026-03-26 15:38:43,179:INFO:Initializing create_model()
2026-03-26 15:38:43,179:INFO:create_model(self=<pycaret.regression.oop.RegressionExperiment object at 0x1525bf550>, estimator=huber, fold=KFold(n_splits=10, random_state=None, shuffle=False), round=4, cross_validation=True, predict=True, fit_kwargs={}, groups=None, refit=False, probability_threshold=None, experiment_custom_tags=None, verbose=False, system=False, add_to_model_list=True, metrics=None, display=<pycaret.internal.display.display.CommonDisplay object at 0x291252950>, model_only=True, return_train_score=False, error_score=0.0, kwargs={})
2026-03-26 15:38:43,179:INFO:Checking exceptions
2026-03-26 15:38:43,179:INFO:Importing libraries
2026-03-26 15:38:43,179:INFO:Copying training dataset
2026-03-26 15:38:43,184:INFO:Defining folds
2026-03-26 15:38:43,184:INFO:Declaring metric variables
2026-03-26 15:38:43,184:INFO:Importing untrained model
2026-03-26 15:38:43,184:INFO:Huber Regressor Imported successfully
2026-03-26 15:38:43,184:INFO:Starting cross validation
2026-03-26 15:38:43,186:INFO:Cross validating with KFold(n_splits=10, random_state=None, shuffle=False), n_jobs=-1
2026-03-26 15:38:43,567:WARNING:/Users/lisanguyen/Documents/MLOps-project/.venv/lib/python3.10/site-packages/sklearn/linear_model/_huber.py:342: ConvergenceWarning: lbfgs failed to converge (status=1):
STOP: TOTAL NO. of ITERATIONS REACHED LIMIT.

Increase the number of iterations (max_iter) or scale the data as shown in:
    https://scikit-learn.org/stable/modules/preprocessing.html
  self.n_iter_ = _check_optimize_result("lbfgs", opt_res, self.max_iter)

2026-03-26 15:38:43,582:WARNING:/Users/lisanguyen/Documents/MLOps-project/.venv/lib/python3.10/site-packages/sklearn/linear_model/_huber.py:342: ConvergenceWarning: lbfgs failed to converge (status=1):
STOP: TOTAL NO. of ITERATIONS REACHED LIMIT.

Increase the number of iterations (max_iter) or scale the data as shown in:
    https://scikit-learn.org/stable/modules/preprocessing.html
  self.n_iter_ = _check_optimize_result("lbfgs", opt_res, self.max_iter)

2026-03-26 15:38:43,595:WARNING:/Users/lisanguyen/Documents/MLOps-project/.venv/lib/python3.10/site-packages/sklearn/linear_model/_huber.py:342: ConvergenceWarning: lbfgs failed to converge (status=1):
STOP: TOTAL NO. of ITERATIONS REACHED LIMIT.

Increase the number of iterations (max_iter) or scale the data as shown in:
    https://scikit-learn.org/stable/modules/preprocessing.html
  self.n_iter_ = _check_optimize_result("lbfgs", opt_res, self.max_iter)

2026-03-26 15:38:43,607:WARNING:/Users/lisanguyen/Documents/MLOps-project/.venv/lib/python3.10/site-packages/sklearn/linear_model/_huber.py:342: ConvergenceWarning: lbfgs failed to converge (status=1):
STOP: TOTAL NO. of ITERATIONS REACHED LIMIT.

Increase the number of iterations (max_iter) or scale the data as shown in:
    https://scikit-learn.org/stable/modules/preprocessing.html
  self.n_iter_ = _check_optimize_result("lbfgs", opt_res, self.max_iter)

2026-03-26 15:38:43,614:WARNING:/Users/lisanguyen/Documents/MLOps-project/.venv/lib/python3.10/site-packages/sklearn/linear_model/_huber.py:342: ConvergenceWarning: lbfgs failed to converge (status=1):
STOP: TOTAL NO. of ITERATIONS REACHED LIMIT.

Increase the number of iterations (max_iter) or scale the data as shown in:
    https://scikit-learn.org/stable/modules/preprocessing.html
  self.n_iter_ = _check_optimize_result("lbfgs", opt_res, self.max_iter)

2026-03-26 15:38:43,625:WARNING:/Users/lisanguyen/Documents/MLOps-project/.venv/lib/python3.10/site-packages/sklearn/linear_model/_huber.py:342: ConvergenceWarning: lbfgs failed to converge (status=1):
STOP: TOTAL NO. of ITERATIONS REACHED LIMIT.

Increase the number of iterations (max_iter) or scale the data as shown in:
    https://scikit-learn.org/stable/modules/preprocessing.html
  self.n_iter_ = _check_optimize_result("lbfgs", opt_res, self.max_iter)

2026-03-26 15:38:43,627:WARNING:/Users/lisanguyen/Documents/MLOps-project/.venv/lib/python3.10/site-packages/sklearn/linear_model/_huber.py:342: ConvergenceWarning: lbfgs failed to converge (status=1):
STOP: TOTAL NO. of ITERATIONS REACHED LIMIT.

Increase the number of iterations (max_iter) or scale the data as shown in:
    https://scikit-learn.org/stable/modules/preprocessing.html
  self.n_iter_ = _check_optimize_result("lbfgs", opt_res, self.max_iter)

2026-03-26 15:38:43,628:WARNING:/Users/lisanguyen/Documents/MLOps-project/.venv/lib/python3.10/site-packages/sklearn/linear_model/_huber.py:342: ConvergenceWarning: lbfgs failed to converge (status=1):
STOP: TOTAL NO. of ITERATIONS REACHED LIMIT.

Increase the number of iterations (max_iter) or scale the data as shown in:
    https://scikit-learn.org/stable/modules/preprocessing.html
  self.n_iter_ = _check_optimize_result("lbfgs", opt_res, self.max_iter)

2026-03-26 15:38:43,650:WARNING:/Users/lisanguyen/Documents/MLOps-project/.venv/lib/python3.10/site-packages/sklearn/linear_model/_huber.py:342: ConvergenceWarning: lbfgs failed to converge (status=1):
STOP: TOTAL NO. of ITERATIONS REACHED LIMIT.

Increase the number of iterations (max_iter) or scale the data as shown in:
    https://scikit-learn.org/stable/modules/preprocessing.html
  self.n_iter_ = _check_optimize_result("lbfgs", opt_res, self.max_iter)

2026-03-26 15:38:43,678:WARNING:/Users/lisanguyen/Documents/MLOps-project/.venv/lib/python3.10/site-packages/sklearn/linear_model/_huber.py:342: ConvergenceWarning: lbfgs failed to converge (status=1):
STOP: TOTAL NO. of ITERATIONS REACHED LIMIT.

Increase the number of iterations (max_iter) or scale the data as shown in:
    https://scikit-learn.org/stable/modules/preprocessing.html
  self.n_iter_ = _check_optimize_result("lbfgs", opt_res, self.max_iter)

2026-03-26 15:38:43,766:INFO:Calculating mean and std
2026-03-26 15:38:43,766:INFO:Creating metrics dataframe
2026-03-26 15:38:43,767:INFO:Uploading results into container
2026-03-26 15:38:43,767:INFO:Uploading model into container now
2026-03-26 15:38:43,767:INFO:_master_model_container: 10
2026-03-26 15:38:43,767:INFO:_display_container: 2
2026-03-26 15:38:43,767:INFO:HuberRegressor()
2026-03-26 15:38:43,767:INFO:create_model() successfully completed......................................
2026-03-26 15:38:43,805:INFO:SubProcess create_model() end ==================================
2026-03-26 15:38:43,805:INFO:Creating metrics dataframe
2026-03-26 15:38:43,806:INFO:Initializing K Neighbors Regressor
2026-03-26 15:38:43,806:INFO:Total runtime is 0.15514683326085413 minutes
2026-03-26 15:38:43,806:INFO:SubProcess create_model() called ==================================
2026-03-26 15:38:43,806:INFO:Initializing create_model()
2026-03-26 15:38:43,806:INFO:create_model(self=<pycaret.regression.oop.RegressionExperiment object at 0x1525bf550>, estimator=knn, fold=KFold(n_splits=10, random_state=None, shuffle=False), round=4, cross_validation=True, predict=True, fit_kwargs={}, groups=None, refit=False, probability_threshold=None, experiment_custom_tags=None, verbose=False, system=False, add_to_model_list=True, metrics=None, display=<pycaret.internal.display.display.CommonDisplay object at 0x291252950>, model_only=True, return_train_score=False, error_score=0.0, kwargs={})
2026-03-26 15:38:43,806:INFO:Checking exceptions
2026-03-26 15:38:43,806:INFO:Importing libraries
2026-03-26 15:38:43,806:INFO:Copying training dataset
2026-03-26 15:38:43,810:INFO:Defining folds
2026-03-26 15:38:43,810:INFO:Declaring metric variables
2026-03-26 15:38:43,810:INFO:Importing untrained model
2026-03-26 15:38:43,811:INFO:K Neighbors Regressor Imported successfully
2026-03-26 15:38:43,811:INFO:Starting cross validation
2026-03-26 15:38:43,813:INFO:Cross validating with KFold(n_splits=10, random_state=None, shuffle=False), n_jobs=-1
2026-03-26 15:38:44,255:INFO:Calculating mean and std
2026-03-26 15:38:44,255:INFO:Creating metrics dataframe
2026-03-26 15:38:44,256:INFO:Uploading results into container
2026-03-26 15:38:44,256:INFO:Uploading model into container now
2026-03-26 15:38:44,256:INFO:_master_model_container: 11
2026-03-26 15:38:44,256:INFO:_display_container: 2
2026-03-26 15:38:44,257:INFO:KNeighborsRegressor(n_jobs=-1)
2026-03-26 15:38:44,257:INFO:create_model() successfully completed......................................
2026-03-26 15:38:44,292:INFO:SubProcess create_model() end ==================================
2026-03-26 15:38:44,292:INFO:Creating metrics dataframe
2026-03-26 15:38:44,293:INFO:Initializing Decision Tree Regressor
2026-03-26 15:38:44,293:INFO:Total runtime is 0.16326943635940555 minutes
2026-03-26 15:38:44,293:INFO:SubProcess create_model() called ==================================
2026-03-26 15:38:44,294:INFO:Initializing create_model()
2026-03-26 15:38:44,294:INFO:create_model(self=<pycaret.regression.oop.RegressionExperiment object at 0x1525bf550>, estimator=dt, fold=KFold(n_splits=10, random_state=None, shuffle=False), round=4, cross_validation=True, predict=True, fit_kwargs={}, groups=None, refit=False, probability_threshold=None, experiment_custom_tags=None, verbose=False, system=False, add_to_model_list=True, metrics=None, display=<pycaret.internal.display.display.CommonDisplay object at 0x291252950>, model_only=True, return_train_score=False, error_score=0.0, kwargs={})
2026-03-26 15:38:44,294:INFO:Checking exceptions
2026-03-26 15:38:44,294:INFO:Importing libraries
2026-03-26 15:38:44,294:INFO:Copying training dataset
2026-03-26 15:38:44,297:INFO:Defining folds
2026-03-26 15:38:44,297:INFO:Declaring metric variables
2026-03-26 15:38:44,298:INFO:Importing untrained model
2026-03-26 15:38:44,298:INFO:Decision Tree Regressor Imported successfully
2026-03-26 15:38:44,298:INFO:Starting cross validation
2026-03-26 15:38:44,300:INFO:Cross validating with KFold(n_splits=10, random_state=None, shuffle=False), n_jobs=-1
2026-03-26 15:38:44,741:INFO:Calculating mean and std
2026-03-26 15:38:44,741:INFO:Creating metrics dataframe
2026-03-26 15:38:44,742:INFO:Uploading results into container
2026-03-26 15:38:44,742:INFO:Uploading model into container now
2026-03-26 15:38:44,743:INFO:_master_model_container: 12
2026-03-26 15:38:44,743:INFO:_display_container: 2
2026-03-26 15:38:44,743:INFO:DecisionTreeRegressor(random_state=7231)
2026-03-26 15:38:44,743:INFO:create_model() successfully completed......................................
2026-03-26 15:38:44,780:INFO:SubProcess create_model() end ==================================
2026-03-26 15:38:44,780:INFO:Creating metrics dataframe
2026-03-26 15:38:44,781:INFO:Initializing Random Forest Regressor
2026-03-26 15:38:44,781:INFO:Total runtime is 0.1713915546735128 minutes
2026-03-26 15:38:44,781:INFO:SubProcess create_model() called ==================================
2026-03-26 15:38:44,781:INFO:Initializing create_model()
2026-03-26 15:38:44,781:INFO:create_model(self=<pycaret.regression.oop.RegressionExperiment object at 0x1525bf550>, estimator=rf, fold=KFold(n_splits=10, random_state=None, shuffle=False), round=4, cross_validation=True, predict=True, fit_kwargs={}, groups=None, refit=False, probability_threshold=None, experiment_custom_tags=None, verbose=False, system=False, add_to_model_list=True, metrics=None, display=<pycaret.internal.display.display.CommonDisplay object at 0x291252950>, model_only=True, return_train_score=False, error_score=0.0, kwargs={})
2026-03-26 15:38:44,781:INFO:Checking exceptions
2026-03-26 15:38:44,781:INFO:Importing libraries
2026-03-26 15:38:44,781:INFO:Copying training dataset
2026-03-26 15:38:44,785:INFO:Defining folds
2026-03-26 15:38:44,785:INFO:Declaring metric variables
2026-03-26 15:38:44,785:INFO:Importing untrained model
2026-03-26 15:38:44,785:INFO:Random Forest Regressor Imported successfully
2026-03-26 15:38:44,785:INFO:Starting cross validation
2026-03-26 15:38:44,787:INFO:Cross validating with KFold(n_splits=10, random_state=None, shuffle=False), n_jobs=-1
2026-03-26 15:38:46,515:INFO:Calculating mean and std
2026-03-26 15:38:46,515:INFO:Creating metrics dataframe
2026-03-26 15:38:46,516:INFO:Uploading results into container
2026-03-26 15:38:46,516:INFO:Uploading model into container now
2026-03-26 15:38:46,516:INFO:_master_model_container: 13
2026-03-26 15:38:46,516:INFO:_display_container: 2
2026-03-26 15:38:46,516:INFO:RandomForestRegressor(n_jobs=-1, random_state=7231)
2026-03-26 15:38:46,516:INFO:create_model() successfully completed......................................
2026-03-26 15:38:46,556:INFO:SubProcess create_model() end ==================================
2026-03-26 15:38:46,556:INFO:Creating metrics dataframe
2026-03-26 15:38:46,557:INFO:Initializing Extra Trees Regressor
2026-03-26 15:38:46,557:INFO:Total runtime is 0.20100227197011314 minutes
2026-03-26 15:38:46,557:INFO:SubProcess create_model() called ==================================
2026-03-26 15:38:46,558:INFO:Initializing create_model()
2026-03-26 15:38:46,558:INFO:create_model(self=<pycaret.regression.oop.RegressionExperiment object at 0x1525bf550>, estimator=et, fold=KFold(n_splits=10, random_state=None, shuffle=False), round=4, cross_validation=True, predict=True, fit_kwargs={}, groups=None, refit=False, probability_threshold=None, experiment_custom_tags=None, verbose=False, system=False, add_to_model_list=True, metrics=None, display=<pycaret.internal.display.display.CommonDisplay object at 0x291252950>, model_only=True, return_train_score=False, error_score=0.0, kwargs={})
2026-03-26 15:38:46,558:INFO:Checking exceptions
2026-03-26 15:38:46,558:INFO:Importing libraries
2026-03-26 15:38:46,558:INFO:Copying training dataset
2026-03-26 15:38:46,562:INFO:Defining folds
2026-03-26 15:38:46,562:INFO:Declaring metric variables
2026-03-26 15:38:46,562:INFO:Importing untrained model
2026-03-26 15:38:46,562:INFO:Extra Trees Regressor Imported successfully
2026-03-26 15:38:46,562:INFO:Starting cross validation
2026-03-26 15:38:46,564:INFO:Cross validating with KFold(n_splits=10, random_state=None, shuffle=False), n_jobs=-1
2026-03-26 15:38:48,285:INFO:Calculating mean and std
2026-03-26 15:38:48,285:INFO:Creating metrics dataframe
2026-03-26 15:38:48,286:INFO:Uploading results into container
2026-03-26 15:38:48,286:INFO:Uploading model into container now
2026-03-26 15:38:48,286:INFO:_master_model_container: 14
2026-03-26 15:38:48,286:INFO:_display_container: 2
2026-03-26 15:38:48,286:INFO:ExtraTreesRegressor(n_jobs=-1, random_state=7231)
2026-03-26 15:38:48,286:INFO:create_model() successfully completed......................................
2026-03-26 15:38:48,322:INFO:SubProcess create_model() end ==================================
2026-03-26 15:38:48,323:INFO:Creating metrics dataframe
2026-03-26 15:38:48,323:INFO:Initializing AdaBoost Regressor
2026-03-26 15:38:48,323:INFO:Total runtime is 0.23043801784515383 minutes
2026-03-26 15:38:48,324:INFO:SubProcess create_model() called ==================================
2026-03-26 15:38:48,324:INFO:Initializing create_model()
2026-03-26 15:38:48,324:INFO:create_model(self=<pycaret.regression.oop.RegressionExperiment object at 0x1525bf550>, estimator=ada, fold=KFold(n_splits=10, random_state=None, shuffle=False), round=4, cross_validation=True, predict=True, fit_kwargs={}, groups=None, refit=False, probability_threshold=None, experiment_custom_tags=None, verbose=False, system=False, add_to_model_list=True, metrics=None, display=<pycaret.internal.display.display.CommonDisplay object at 0x291252950>, model_only=True, return_train_score=False, error_score=0.0, kwargs={})
2026-03-26 15:38:48,324:INFO:Checking exceptions
2026-03-26 15:38:48,324:INFO:Importing libraries
2026-03-26 15:38:48,324:INFO:Copying training dataset
2026-03-26 15:38:48,328:INFO:Defining folds
2026-03-26 15:38:48,328:INFO:Declaring metric variables
2026-03-26 15:38:48,328:INFO:Importing untrained model
2026-03-26 15:38:48,328:INFO:AdaBoost Regressor Imported successfully
2026-03-26 15:38:48,328:INFO:Starting cross validation
2026-03-26 15:38:48,331:INFO:Cross validating with KFold(n_splits=10, random_state=None, shuffle=False), n_jobs=-1
2026-03-26 15:38:49,052:INFO:Calculating mean and std
2026-03-26 15:38:49,052:INFO:Creating metrics dataframe
2026-03-26 15:38:49,053:INFO:Uploading results into container
2026-03-26 15:38:49,053:INFO:Uploading model into container now
2026-03-26 15:38:49,054:INFO:_master_model_container: 15
2026-03-26 15:38:49,054:INFO:_display_container: 2
2026-03-26 15:38:49,054:INFO:AdaBoostRegressor(random_state=7231)
2026-03-26 15:38:49,054:INFO:create_model() successfully completed......................................
2026-03-26 15:38:49,092:INFO:SubProcess create_model() end ==================================
2026-03-26 15:38:49,093:INFO:Creating metrics dataframe
2026-03-26 15:38:49,094:INFO:Initializing Gradient Boosting Regressor
2026-03-26 15:38:49,094:INFO:Total runtime is 0.24327526887257897 minutes
2026-03-26 15:38:49,094:INFO:SubProcess create_model() called ==================================
2026-03-26 15:38:49,094:INFO:Initializing create_model()
2026-03-26 15:38:49,094:INFO:create_model(self=<pycaret.regression.oop.RegressionExperiment object at 0x1525bf550>, estimator=gbr, fold=KFold(n_splits=10, random_state=None, shuffle=False), round=4, cross_validation=True, predict=True, fit_kwargs={}, groups=None, refit=False, probability_threshold=None, experiment_custom_tags=None, verbose=False, system=False, add_to_model_list=True, metrics=None, display=<pycaret.internal.display.display.CommonDisplay object at 0x291252950>, model_only=True, return_train_score=False, error_score=0.0, kwargs={})
2026-03-26 15:38:49,094:INFO:Checking exceptions
2026-03-26 15:38:49,094:INFO:Importing libraries
2026-03-26 15:38:49,094:INFO:Copying training dataset
2026-03-26 15:38:49,098:INFO:Defining folds
2026-03-26 15:38:49,098:INFO:Declaring metric variables
2026-03-26 15:38:49,098:INFO:Importing untrained model
2026-03-26 15:38:49,098:INFO:Gradient Boosting Regressor Imported successfully
2026-03-26 15:38:49,098:INFO:Starting cross validation
2026-03-26 15:38:49,100:INFO:Cross validating with KFold(n_splits=10, random_state=None, shuffle=False), n_jobs=-1
2026-03-26 15:38:50,019:INFO:Calculating mean and std
2026-03-26 15:38:50,019:INFO:Creating metrics dataframe
2026-03-26 15:38:50,020:INFO:Uploading results into container
2026-03-26 15:38:50,020:INFO:Uploading model into container now
2026-03-26 15:38:50,020:INFO:_master_model_container: 16
2026-03-26 15:38:50,020:INFO:_display_container: 2
2026-03-26 15:38:50,020:INFO:GradientBoostingRegressor(random_state=7231)
2026-03-26 15:38:50,020:INFO:create_model() successfully completed......................................
2026-03-26 15:38:50,056:INFO:SubProcess create_model() end ==================================
2026-03-26 15:38:50,056:INFO:Creating metrics dataframe
2026-03-26 15:38:50,057:INFO:Initializing Light Gradient Boosting Machine
2026-03-26 15:38:50,057:INFO:Total runtime is 0.25933393637339275 minutes
2026-03-26 15:38:50,057:INFO:SubProcess create_model() called ==================================
2026-03-26 15:38:50,057:INFO:Initializing create_model()
2026-03-26 15:38:50,057:INFO:create_model(self=<pycaret.regression.oop.RegressionExperiment object at 0x1525bf550>, estimator=lightgbm, fold=KFold(n_splits=10, random_state=None, shuffle=False), round=4, cross_validation=True, predict=True, fit_kwargs={}, groups=None, refit=False, probability_threshold=None, experiment_custom_tags=None, verbose=False, system=False, add_to_model_list=True, metrics=None, display=<pycaret.internal.display.display.CommonDisplay object at 0x291252950>, model_only=True, return_train_score=False, error_score=0.0, kwargs={})
2026-03-26 15:38:50,057:INFO:Checking exceptions
2026-03-26 15:38:50,057:INFO:Importing libraries
2026-03-26 15:38:50,057:INFO:Copying training dataset
2026-03-26 15:38:50,061:INFO:Defining folds
2026-03-26 15:38:50,061:INFO:Declaring metric variables
2026-03-26 15:38:50,061:INFO:Importing untrained model
2026-03-26 15:38:50,062:INFO:Light Gradient Boosting Machine Imported successfully
2026-03-26 15:38:50,062:INFO:Starting cross validation
2026-03-26 15:38:50,064:INFO:Cross validating with KFold(n_splits=10, random_state=None, shuffle=False), n_jobs=-1
2026-03-26 15:38:53,787:INFO:Calculating mean and std
2026-03-26 15:38:53,787:INFO:Creating metrics dataframe
2026-03-26 15:38:53,788:INFO:Uploading results into container
2026-03-26 15:38:53,788:INFO:Uploading model into container now
2026-03-26 15:38:53,788:INFO:_master_model_container: 17
2026-03-26 15:38:53,788:INFO:_display_container: 2
2026-03-26 15:38:53,789:INFO:LGBMRegressor(n_jobs=-1, random_state=7231)
2026-03-26 15:38:53,789:INFO:create_model() successfully completed......................................
2026-03-26 15:38:53,826:INFO:SubProcess create_model() end ==================================
2026-03-26 15:38:53,826:INFO:Creating metrics dataframe
2026-03-26 15:38:53,827:INFO:Initializing Dummy Regressor
2026-03-26 15:38:53,827:INFO:Total runtime is 0.3221606214841207 minutes
2026-03-26 15:38:53,827:INFO:SubProcess create_model() called ==================================
2026-03-26 15:38:53,827:INFO:Initializing create_model()
2026-03-26 15:38:53,827:INFO:create_model(self=<pycaret.regression.oop.RegressionExperiment object at 0x1525bf550>, estimator=dummy, fold=KFold(n_splits=10, random_state=None, shuffle=False), round=4, cross_validation=True, predict=True, fit_kwargs={}, groups=None, refit=False, probability_threshold=None, experiment_custom_tags=None, verbose=False, system=False, add_to_model_list=True, metrics=None, display=<pycaret.internal.display.display.CommonDisplay object at 0x291252950>, model_only=True, return_train_score=False, error_score=0.0, kwargs={})
2026-03-26 15:38:53,827:INFO:Checking exceptions
2026-03-26 15:38:53,827:INFO:Importing libraries
2026-03-26 15:38:53,827:INFO:Copying training dataset
2026-03-26 15:38:53,831:INFO:Defining folds
2026-03-26 15:38:53,831:INFO:Declaring metric variables
2026-03-26 15:38:53,831:INFO:Importing untrained model
2026-03-26 15:38:53,831:INFO:Dummy Regressor Imported successfully
2026-03-26 15:38:53,831:INFO:Starting cross validation
2026-03-26 15:38:53,834:INFO:Cross validating with KFold(n_splits=10, random_state=None, shuffle=False), n_jobs=-1
2026-03-26 15:38:54,319:INFO:Calculating mean and std
2026-03-26 15:38:54,319:INFO:Creating metrics dataframe
2026-03-26 15:38:54,320:INFO:Uploading results into container
2026-03-26 15:38:54,320:INFO:Uploading model into container now
2026-03-26 15:38:54,320:INFO:_master_model_container: 18
2026-03-26 15:38:54,320:INFO:_display_container: 2
2026-03-26 15:38:54,321:INFO:DummyRegressor()
2026-03-26 15:38:54,321:INFO:create_model() successfully completed......................................
2026-03-26 15:38:54,360:INFO:SubProcess create_model() end ==================================
2026-03-26 15:38:54,360:INFO:Creating metrics dataframe
2026-03-26 15:38:54,362:WARNING:/Users/lisanguyen/Documents/MLOps-project/.venv/lib/python3.10/site-packages/pycaret/internal/pycaret_experiment/supervised_experiment.py:323: FutureWarning: Styler.applymap has been deprecated. Use Styler.map instead.
  master_display_.apply(

2026-03-26 15:38:54,363:INFO:Initializing create_model()
2026-03-26 15:38:54,363:INFO:create_model(self=<pycaret.regression.oop.RegressionExperiment object at 0x1525bf550>, estimator=GradientBoostingRegressor(random_state=7231), fold=KFold(n_splits=10, random_state=None, shuffle=False), round=4, cross_validation=False, predict=False, fit_kwargs={}, groups=None, refit=True, probability_threshold=None, experiment_custom_tags=None, verbose=False, system=False, add_to_model_list=True, metrics=None, display=None, model_only=True, return_train_score=False, error_score=0.0, kwargs={})
2026-03-26 15:38:54,363:INFO:Checking exceptions
2026-03-26 15:38:54,363:INFO:Importing libraries
2026-03-26 15:38:54,363:INFO:Copying training dataset
2026-03-26 15:38:54,368:INFO:Defining folds
2026-03-26 15:38:54,368:INFO:Declaring metric variables
2026-03-26 15:38:54,368:INFO:Importing untrained model
2026-03-26 15:38:54,368:INFO:Declaring custom model
2026-03-26 15:38:54,368:INFO:Gradient Boosting Regressor Imported successfully
2026-03-26 15:38:54,371:INFO:Cross validation set to False
2026-03-26 15:38:54,371:INFO:Fitting Model
2026-03-26 15:38:54,951:INFO:GradientBoostingRegressor(random_state=7231)
2026-03-26 15:38:54,952:INFO:create_model() successfully completed......................................
2026-03-26 15:38:54,996:INFO:_master_model_container: 18
2026-03-26 15:38:54,996:INFO:_display_container: 2
2026-03-26 15:38:54,996:INFO:GradientBoostingRegressor(random_state=7231)
2026-03-26 15:38:54,996:INFO:compare_models() successfully completed......................................
2026-03-26 15:38:55,013:INFO:Initializing save_model()
2026-03-26 15:38:55,013:INFO:save_model(model=GradientBoostingRegressor(random_state=7231), model_name=property_evaluator_model, prep_pipe_=Pipeline(memory=FastMemory(location=/var/folders/k6/8ngcf3nx77l7c565qr86j25m0000gn/T/joblib),
         steps=[('numerical_imputer',
                 TransformerWrapper(include=['Id', 'MSSubClass', 'LotFrontage',
                                             'LotArea', 'OverallQual',
                                             'OverallCond', 'YearBuilt',
                                             'YearRemodAdd', 'MasVnrArea',
                                             'BsmtFinSF1', 'BsmtFinSF2',
                                             'BsmtUnfSF', 'TotalBsmtSF',
                                             '1stFlrSF', '2ndFlrSF',
                                             'LowQualFinSF', 'G...
                                                                    'Condition2',
                                                                    'BldgType',
                                                                    'HouseStyle',
                                                                    'RoofStyle',
                                                                    'RoofMatl',
                                                                    'Exterior1st',
                                                                    'Exterior2nd',
                                                                    'MasVnrType',
                                                                    'ExterQual',
                                                                    'ExterCond',
                                                                    'Foundation',
                                                                    'BsmtQual',
                                                                    'BsmtCond',
                                                                    'BsmtExposure',
                                                                    'BsmtFinType1',
                                                                    'BsmtFinType2',
                                                                    'Heating',
                                                                    'HeatingQC',
                                                                    'Electrical',
                                                                    'KitchenQual',
                                                                    'Functional',
                                                                    'FireplaceQu',
                                                                    'GarageType', ...],
                                                              handle_missing='return_nan',
                                                              use_cat_names=True)))]), verbose=True, use_case=MLUsecase.REGRESSION, kwargs={})
2026-03-26 15:38:55,013:INFO:Adding model into prep_pipe
2026-03-26 15:38:55,032:INFO:property_evaluator_model.pkl saved in current working directory
2026-03-26 15:38:55,048:INFO:Pipeline(memory=Memory(location=None),
         steps=[('numerical_imputer',
                 TransformerWrapper(include=['Id', 'MSSubClass', 'LotFrontage',
                                             'LotArea', 'OverallQual',
                                             'OverallCond', 'YearBuilt',
                                             'YearRemodAdd', 'MasVnrArea',
                                             'BsmtFinSF1', 'BsmtFinSF2',
                                             'BsmtUnfSF', 'TotalBsmtSF',
                                             '1stFlrSF', '2ndFlrSF',
                                             'LowQualFinSF', 'GrLivArea',
                                             'BsmtFullBath', 'BsmtHalfBath',
                                             'FullBath', 'Hal...
                                                                    'Exterior1st',
                                                                    'Exterior2nd',
                                                                    'MasVnrType',
                                                                    'ExterQual',
                                                                    'ExterCond',
                                                                    'Foundation',
                                                                    'BsmtQual',
                                                                    'BsmtCond',
                                                                    'BsmtExposure',
                                                                    'BsmtFinType1',
                                                                    'BsmtFinType2',
                                                                    'Heating',
                                                                    'HeatingQC',
                                                                    'Electrical',
                                                                    'KitchenQual',
                                                                    'Functional',
                                                                    'FireplaceQu',
                                                                    'GarageType', ...],
                                                              handle_missing='return_nan',
                                                              use_cat_names=True))),
                ('trained_model',
                 GradientBoostingRegressor(random_state=7231))])
2026-03-26 15:38:55,048:INFO:save_model() successfully completed......................................
2026-03-26 15:38:55,084:INFO:Soft dependency imported: fastapi: 0.135.1
2026-03-26 15:38:55,084:INFO:Soft dependency imported: uvicorn: 0.41.0
2026-03-26 15:38:55,084:INFO:Soft dependency imported: pydantic: 2.12.5
2026-03-26 15:38:55,100:INFO:Initializing save_model()
2026-03-26 15:38:55,100:INFO:save_model(model=GradientBoostingRegressor(random_state=7231), model_name=property_evaluator_api, prep_pipe_=Pipeline(memory=FastMemory(location=/var/folders/k6/8ngcf3nx77l7c565qr86j25m0000gn/T/joblib),
         steps=[('numerical_imputer',
                 TransformerWrapper(include=['Id', 'MSSubClass', 'LotFrontage',
                                             'LotArea', 'OverallQual',
                                             'OverallCond', 'YearBuilt',
                                             'YearRemodAdd', 'MasVnrArea',
                                             'BsmtFinSF1', 'BsmtFinSF2',
                                             'BsmtUnfSF', 'TotalBsmtSF',
                                             '1stFlrSF', '2ndFlrSF',
                                             'LowQualFinSF', 'G...
                                                                    'Condition2',
                                                                    'BldgType',
                                                                    'HouseStyle',
                                                                    'RoofStyle',
                                                                    'RoofMatl',
                                                                    'Exterior1st',
                                                                    'Exterior2nd',
                                                                    'MasVnrType',
                                                                    'ExterQual',
                                                                    'ExterCond',
                                                                    'Foundation',
                                                                    'BsmtQual',
                                                                    'BsmtCond',
                                                                    'BsmtExposure',
                                                                    'BsmtFinType1',
                                                                    'BsmtFinType2',
                                                                    'Heating',
                                                                    'HeatingQC',
                                                                    'Electrical',
                                                                    'KitchenQual',
                                                                    'Functional',
                                                                    'FireplaceQu',
                                                                    'GarageType', ...],
                                                              handle_missing='return_nan',
                                                              use_cat_names=True)))]), verbose=False, use_case=MLUsecase.REGRESSION, kwargs={})
2026-03-26 15:38:55,100:INFO:Adding model into prep_pipe
2026-03-26 15:38:55,120:INFO:property_evaluator_api.pkl saved in current working directory
2026-03-26 15:38:55,136:INFO:Pipeline(memory=Memory(location=None),
         steps=[('numerical_imputer',
                 TransformerWrapper(include=['Id', 'MSSubClass', 'LotFrontage',
                                             'LotArea', 'OverallQual',
                                             'OverallCond', 'YearBuilt',
                                             'YearRemodAdd', 'MasVnrArea',
                                             'BsmtFinSF1', 'BsmtFinSF2',
                                             'BsmtUnfSF', 'TotalBsmtSF',
                                             '1stFlrSF', '2ndFlrSF',
                                             'LowQualFinSF', 'GrLivArea',
                                             'BsmtFullBath', 'BsmtHalfBath',
                                             'FullBath', 'Hal...
                                                                    'Exterior1st',
                                                                    'Exterior2nd',
                                                                    'MasVnrType',
                                                                    'ExterQual',
                                                                    'ExterCond',
                                                                    'Foundation',
                                                                    'BsmtQual',
                                                                    'BsmtCond',
                                                                    'BsmtExposure',
                                                                    'BsmtFinType1',
                                                                    'BsmtFinType2',
                                                                    'Heating',
                                                                    'HeatingQC',
                                                                    'Electrical',
                                                                    'KitchenQual',
                                                                    'Functional',
                                                                    'FireplaceQu',
                                                                    'GarageType', ...],
                                                              handle_missing='return_nan',
                                                              use_cat_names=True))),
                ('trained_model',
                 GradientBoostingRegressor(random_state=7231))])
2026-03-26 15:38:55,136:INFO:save_model() successfully completed......................................
2026-03-29 16:38:08,213:WARNING:
'cuml' is a soft dependency and not included in the pycaret installation. Please run: `pip install cuml` to install.
2026-03-29 16:38:08,213:WARNING:
'cuml' is a soft dependency and not included in the pycaret installation. Please run: `pip install cuml` to install.
2026-03-29 16:38:08,213:WARNING:
'cuml' is a soft dependency and not included in the pycaret installation. Please run: `pip install cuml` to install.
2026-03-29 16:38:08,213:WARNING:
'cuml' is a soft dependency and not included in the pycaret installation. Please run: `pip install cuml` to install.
2026-03-29 16:38:09,519:INFO:PyCaret RegressionExperiment
2026-03-29 16:38:09,519:INFO:Logging name: reg-default-name
2026-03-29 16:38:09,519:INFO:ML Usecase: MLUsecase.REGRESSION
2026-03-29 16:38:09,519:INFO:version 3.3.2
2026-03-29 16:38:09,519:INFO:Initializing setup()
2026-03-29 16:38:09,519:INFO:self.USI: 5421
2026-03-29 16:38:09,519:INFO:self._variable_keys: {'fold_groups_param', 'pipeline', 'gpu_n_jobs_param', 'idx', 'seed', 'fold_generator', 'USI', 'transform_target_param', 'target_param', 'gpu_param', 'X_train', 'memory', 'html_param', '_available_plots', 'exp_id', 'data', 'exp_name_log', 'y', 'y_test', '_ml_usecase', 'n_jobs_param', 'logging_param', 'fold_shuffle_param', 'log_plots_param', 'y_train', 'X_test', 'X'}
2026-03-29 16:38:09,519:INFO:Checking environment
2026-03-29 16:38:09,519:INFO:python_version: 3.10.6
2026-03-29 16:38:09,519:INFO:python_build: ('v3.10.6:9c7b4bd164', 'Aug  1 2022 17:13:48')
2026-03-29 16:38:09,519:INFO:machine: arm64
2026-03-29 16:38:09,534:INFO:platform: macOS-14.3-arm64-arm-64bit
2026-03-29 16:38:09,534:INFO:Memory: svmem(total=19327352832, available=5202706432, percent=73.1, used=7531511808, free=30244864, active=5042061312, inactive=5082480640, wired=2489450496)
2026-03-29 16:38:09,534:INFO:Physical Core: 11
2026-03-29 16:38:09,534:INFO:Logical Core: 11
2026-03-29 16:38:09,534:INFO:Checking libraries
2026-03-29 16:38:09,534:INFO:System:
2026-03-29 16:38:09,534:INFO:    python: 3.10.6 (v3.10.6:9c7b4bd164, Aug  1 2022, 17:13:48) [Clang 13.0.0 (clang-1300.0.29.30)]
2026-03-29 16:38:09,534:INFO:executable: /Users/lisanguyen/Documents/MLOps-project/.venv/bin/python
2026-03-29 16:38:09,534:INFO:   machine: macOS-14.3-arm64-arm-64bit
2026-03-29 16:38:09,534:INFO:PyCaret required dependencies:
2026-03-29 16:38:09,558:INFO:                 pip: 22.2.1
2026-03-29 16:38:09,558:INFO:          setuptools: 63.2.0
2026-03-29 16:38:09,558:INFO:             pycaret: 3.3.2
2026-03-29 16:38:09,558:INFO:             IPython: 8.38.0
2026-03-29 16:38:09,558:INFO:          ipywidgets: 8.1.8
2026-03-29 16:38:09,558:INFO:                tqdm: 4.67.3
2026-03-29 16:38:09,558:INFO:               numpy: 1.26.4
2026-03-29 16:38:09,558:INFO:              pandas: 2.1.4
2026-03-29 16:38:09,558:INFO:              jinja2: 3.1.6
2026-03-29 16:38:09,558:INFO:               scipy: 1.11.4
2026-03-29 16:38:09,558:INFO:              joblib: 1.3.2
2026-03-29 16:38:09,558:INFO:             sklearn: 1.4.2
2026-03-29 16:38:09,558:INFO:                pyod: 2.0.7
2026-03-29 16:38:09,558:INFO:            imblearn: 0.14.1
2026-03-29 16:38:09,558:INFO:   category_encoders: 2.7.0
2026-03-29 16:38:09,558:INFO:            lightgbm: 4.6.0
2026-03-29 16:38:09,558:INFO:               numba: 0.64.0
2026-03-29 16:38:09,558:INFO:            requests: 2.32.5
2026-03-29 16:38:09,558:INFO:          matplotlib: 3.7.5
2026-03-29 16:38:09,558:INFO:          scikitplot: 0.3.7
2026-03-29 16:38:09,558:INFO:         yellowbrick: 1.5
2026-03-29 16:38:09,558:INFO:              plotly: 6.6.0
2026-03-29 16:38:09,558:INFO:    plotly-resampler: Not installed
2026-03-29 16:38:09,558:INFO:             kaleido: 1.2.0
2026-03-29 16:38:09,558:INFO:           schemdraw: 0.15
2026-03-29 16:38:09,558:INFO:         statsmodels: 0.14.6
2026-03-29 16:38:09,558:INFO:              sktime: 0.26.0
2026-03-29 16:38:09,558:INFO:               tbats: 1.1.3
2026-03-29 16:38:09,558:INFO:            pmdarima: 2.0.4
2026-03-29 16:38:09,558:INFO:              psutil: 7.2.2
2026-03-29 16:38:09,558:INFO:          markupsafe: 3.0.3
2026-03-29 16:38:09,558:INFO:             pickle5: Not installed
2026-03-29 16:38:09,558:INFO:         cloudpickle: 3.1.2
2026-03-29 16:38:09,558:INFO:         deprecation: 2.1.0
2026-03-29 16:38:09,558:INFO:              xxhash: 3.6.0
2026-03-29 16:38:09,558:INFO:           wurlitzer: 3.1.1
2026-03-29 16:38:09,558:INFO:PyCaret optional dependencies:
2026-03-29 16:38:09,705:INFO:                shap: Not installed
2026-03-29 16:38:09,705:INFO:           interpret: Not installed
2026-03-29 16:38:09,705:INFO:                umap: Not installed
2026-03-29 16:38:09,705:INFO:     ydata_profiling: Not installed
2026-03-29 16:38:09,705:INFO:  explainerdashboard: Not installed
2026-03-29 16:38:09,705:INFO:             autoviz: Not installed
2026-03-29 16:38:09,705:INFO:           fairlearn: Not installed
2026-03-29 16:38:09,705:INFO:          deepchecks: Not installed
2026-03-29 16:38:09,705:INFO:             xgboost: Not installed
2026-03-29 16:38:09,705:INFO:            catboost: Not installed
2026-03-29 16:38:09,705:INFO:              kmodes: Not installed
2026-03-29 16:38:09,705:INFO:             mlxtend: Not installed
2026-03-29 16:38:09,705:INFO:       statsforecast: Not installed
2026-03-29 16:38:09,705:INFO:        tune_sklearn: Not installed
2026-03-29 16:38:09,705:INFO:                 ray: Not installed
2026-03-29 16:38:09,705:INFO:            hyperopt: Not installed
2026-03-29 16:38:09,705:INFO:              optuna: Not installed
2026-03-29 16:38:09,705:INFO:               skopt: Not installed
2026-03-29 16:38:09,705:INFO:              mlflow: Not installed
2026-03-29 16:38:09,705:INFO:              gradio: Not installed
2026-03-29 16:38:09,705:INFO:             fastapi: 0.135.1
2026-03-29 16:38:09,705:INFO:             uvicorn: 0.41.0
2026-03-29 16:38:09,705:INFO:              m2cgen: Not installed
2026-03-29 16:38:09,705:INFO:           evidently: Not installed
2026-03-29 16:38:09,705:INFO:               fugue: Not installed
2026-03-29 16:38:09,705:INFO:           streamlit: Not installed
2026-03-29 16:38:09,705:INFO:             prophet: Not installed
2026-03-29 16:38:09,705:INFO:None
2026-03-29 16:38:09,705:INFO:Set up data.
2026-03-29 16:38:09,716:INFO:Set up folding strategy.
2026-03-29 16:38:09,716:INFO:Set up train/test split.
2026-03-29 16:38:09,728:INFO:Set up index.
2026-03-29 16:38:09,729:INFO:Assigning column types.
2026-03-29 16:38:09,732:INFO:Engine successfully changes for model 'lr' to 'sklearn'.
2026-03-29 16:38:09,732:INFO:Engine for model 'lasso' has not been set explicitly, hence returning None.
2026-03-29 16:38:09,733:INFO:Engine for model 'ridge' has not been set explicitly, hence returning None.
2026-03-29 16:38:09,735:INFO:Engine for model 'en' has not been set explicitly, hence returning None.
2026-03-29 16:38:09,757:INFO:Engine for model 'svm' has not been set explicitly, hence returning None.
2026-03-29 16:38:09,771:INFO:Engine for model 'knn' has not been set explicitly, hence returning None.
2026-03-29 16:38:09,771:WARNING:
'xgboost' is a soft dependency and not included in the pycaret installation. Please run: `pip install xgboost` to install.
Alternately, you can install this by running `pip install pycaret[models]`
2026-03-29 16:38:09,771:WARNING:
'catboost' is a soft dependency and not included in the pycaret installation. Please run: `pip install catboost` to install.
Alternately, you can install this by running `pip install pycaret[models]`
2026-03-29 16:38:09,772:INFO:Engine for model 'lasso' has not been set explicitly, hence returning None.
2026-03-29 16:38:09,773:INFO:Engine for model 'ridge' has not been set explicitly, hence returning None.
2026-03-29 16:38:09,775:INFO:Engine for model 'en' has not been set explicitly, hence returning None.
2026-03-29 16:38:09,796:INFO:Engine for model 'svm' has not been set explicitly, hence returning None.
2026-03-29 16:38:09,810:INFO:Engine for model 'knn' has not been set explicitly, hence returning None.
2026-03-29 16:38:09,810:WARNING:
'xgboost' is a soft dependency and not included in the pycaret installation. Please run: `pip install xgboost` to install.
Alternately, you can install this by running `pip install pycaret[models]`
2026-03-29 16:38:09,810:WARNING:
'catboost' is a soft dependency and not included in the pycaret installation. Please run: `pip install catboost` to install.
Alternately, you can install this by running `pip install pycaret[models]`
2026-03-29 16:38:09,810:INFO:Engine successfully changes for model 'lasso' to 'sklearn'.
2026-03-29 16:38:09,812:INFO:Engine for model 'ridge' has not been set explicitly, hence returning None.
2026-03-29 16:38:09,813:INFO:Engine for model 'en' has not been set explicitly, hence returning None.
2026-03-29 16:38:09,834:INFO:Engine for model 'svm' has not been set explicitly, hence returning None.
2026-03-29 16:38:09,848:INFO:Engine for model 'knn' has not been set explicitly, hence returning None.
2026-03-29 16:38:09,848:WARNING:
'xgboost' is a soft dependency and not included in the pycaret installation. Please run: `pip install xgboost` to install.
Alternately, you can install this by running `pip install pycaret[models]`
2026-03-29 16:38:09,848:WARNING:
'catboost' is a soft dependency and not included in the pycaret installation. Please run: `pip install catboost` to install.
Alternately, you can install this by running `pip install pycaret[models]`
2026-03-29 16:38:09,850:INFO:Engine for model 'ridge' has not been set explicitly, hence returning None.
2026-03-29 16:38:09,851:INFO:Engine for model 'en' has not been set explicitly, hence returning None.
2026-03-29 16:38:09,873:INFO:Engine for model 'svm' has not been set explicitly, hence returning None.
2026-03-29 16:38:09,887:INFO:Engine for model 'knn' has not been set explicitly, hence returning None.
2026-03-29 16:38:09,887:WARNING:
'xgboost' is a soft dependency and not included in the pycaret installation. Please run: `pip install xgboost` to install.
Alternately, you can install this by running `pip install pycaret[models]`
2026-03-29 16:38:09,887:WARNING:
'catboost' is a soft dependency and not included in the pycaret installation. Please run: `pip install catboost` to install.
Alternately, you can install this by running `pip install pycaret[models]`
2026-03-29 16:38:09,888:INFO:Engine successfully changes for model 'ridge' to 'sklearn'.
2026-03-29 16:38:09,890:INFO:Engine for model 'en' has not been set explicitly, hence returning None.
2026-03-29 16:38:09,912:INFO:Engine for model 'svm' has not been set explicitly, hence returning None.
2026-03-29 16:38:09,926:INFO:Engine for model 'knn' has not been set explicitly, hence returning None.
2026-03-29 16:38:09,926:WARNING:
'xgboost' is a soft dependency and not included in the pycaret installation. Please run: `pip install xgboost` to install.
Alternately, you can install this by running `pip install pycaret[models]`
2026-03-29 16:38:09,926:WARNING:
'catboost' is a soft dependency and not included in the pycaret installation. Please run: `pip install catboost` to install.
Alternately, you can install this by running `pip install pycaret[models]`
2026-03-29 16:38:09,929:INFO:Engine for model 'en' has not been set explicitly, hence returning None.
2026-03-29 16:38:09,950:INFO:Engine for model 'svm' has not been set explicitly, hence returning None.
2026-03-29 16:38:09,965:INFO:Engine for model 'knn' has not been set explicitly, hence returning None.
2026-03-29 16:38:09,965:WARNING:
'xgboost' is a soft dependency and not included in the pycaret installation. Please run: `pip install xgboost` to install.
Alternately, you can install this by running `pip install pycaret[models]`
2026-03-29 16:38:09,965:WARNING:
'catboost' is a soft dependency and not included in the pycaret installation. Please run: `pip install catboost` to install.
Alternately, you can install this by running `pip install pycaret[models]`
2026-03-29 16:38:09,965:INFO:Engine successfully changes for model 'en' to 'sklearn'.
2026-03-29 16:38:09,989:INFO:Engine for model 'svm' has not been set explicitly, hence returning None.
2026-03-29 16:38:10,006:INFO:Engine for model 'knn' has not been set explicitly, hence returning None.
2026-03-29 16:38:10,006:WARNING:
'xgboost' is a soft dependency and not included in the pycaret installation. Please run: `pip install xgboost` to install.
Alternately, you can install this by running `pip install pycaret[models]`
2026-03-29 16:38:10,006:WARNING:
'catboost' is a soft dependency and not included in the pycaret installation. Please run: `pip install catboost` to install.
Alternately, you can install this by running `pip install pycaret[models]`
2026-03-29 16:38:10,030:INFO:Engine for model 'svm' has not been set explicitly, hence returning None.
2026-03-29 16:38:10,045:INFO:Engine for model 'knn' has not been set explicitly, hence returning None.
2026-03-29 16:38:10,045:WARNING:
'xgboost' is a soft dependency and not included in the pycaret installation. Please run: `pip install xgboost` to install.
Alternately, you can install this by running `pip install pycaret[models]`
2026-03-29 16:38:10,045:WARNING:
'catboost' is a soft dependency and not included in the pycaret installation. Please run: `pip install catboost` to install.
Alternately, you can install this by running `pip install pycaret[models]`
2026-03-29 16:38:10,045:INFO:Engine successfully changes for model 'knn' to 'sklearn'.
2026-03-29 16:38:10,068:INFO:Engine for model 'svm' has not been set explicitly, hence returning None.
2026-03-29 16:38:10,083:WARNING:
'xgboost' is a soft dependency and not included in the pycaret installation. Please run: `pip install xgboost` to install.
Alternately, you can install this by running `pip install pycaret[models]`
2026-03-29 16:38:10,083:WARNING:
'catboost' is a soft dependency and not included in the pycaret installation. Please run: `pip install catboost` to install.
Alternately, you can install this by running `pip install pycaret[models]`
2026-03-29 16:38:10,106:INFO:Engine for model 'svm' has not been set explicitly, hence returning None.
2026-03-29 16:38:10,121:WARNING:
'xgboost' is a soft dependency and not included in the pycaret installation. Please run: `pip install xgboost` to install.
Alternately, you can install this by running `pip install pycaret[models]`
2026-03-29 16:38:10,121:WARNING:
'catboost' is a soft dependency and not included in the pycaret installation. Please run: `pip install catboost` to install.
Alternately, you can install this by running `pip install pycaret[models]`
2026-03-29 16:38:10,121:INFO:Engine successfully changes for model 'svm' to 'sklearn'.
2026-03-29 16:38:10,160:WARNING:
'xgboost' is a soft dependency and not included in the pycaret installation. Please run: `pip install xgboost` to install.
Alternately, you can install this by running `pip install pycaret[models]`
2026-03-29 16:38:10,160:WARNING:
'catboost' is a soft dependency and not included in the pycaret installation. Please run: `pip install catboost` to install.
Alternately, you can install this by running `pip install pycaret[models]`
2026-03-29 16:38:10,200:WARNING:
'xgboost' is a soft dependency and not included in the pycaret installation. Please run: `pip install xgboost` to install.
Alternately, you can install this by running `pip install pycaret[models]`
2026-03-29 16:38:10,200:WARNING:
'catboost' is a soft dependency and not included in the pycaret installation. Please run: `pip install catboost` to install.
Alternately, you can install this by running `pip install pycaret[models]`
2026-03-29 16:38:10,201:INFO:Preparing preprocessing pipeline...
2026-03-29 16:38:10,201:INFO:Set up simple imputation.
2026-03-29 16:38:10,205:INFO:Set up encoding of ordinal features.
2026-03-29 16:38:10,209:INFO:Set up encoding of categorical features.
2026-03-29 16:38:10,354:INFO:Finished creating preprocessing pipeline.
2026-03-29 16:38:10,370:INFO:Pipeline: Pipeline(memory=FastMemory(location=/var/folders/k6/8ngcf3nx77l7c565qr86j25m0000gn/T/joblib),
         steps=[('numerical_imputer',
                 TransformerWrapper(include=['Id', 'MSSubClass', 'LotFrontage',
                                             'LotArea', 'OverallQual',
                                             'OverallCond', 'YearBuilt',
                                             'YearRemodAdd', 'MasVnrArea',
                                             'BsmtFinSF1', 'BsmtFinSF2',
                                             'BsmtUnfSF', 'TotalBsmtSF',
                                             '1stFlrSF', '2ndFlrSF',
                                             'LowQualFinSF', 'G...
                                                                    'Condition2',
                                                                    'BldgType',
                                                                    'HouseStyle',
                                                                    'RoofStyle',
                                                                    'RoofMatl',
                                                                    'Exterior1st',
                                                                    'Exterior2nd',
                                                                    'MasVnrType',
                                                                    'ExterQual',
                                                                    'ExterCond',
                                                                    'Foundation',
                                                                    'BsmtQual',
                                                                    'BsmtCond',
                                                                    'BsmtExposure',
                                                                    'BsmtFinType1',
                                                                    'BsmtFinType2',
                                                                    'Heating',
                                                                    'HeatingQC',
                                                                    'Electrical',
                                                                    'KitchenQual',
                                                                    'Functional',
                                                                    'FireplaceQu',
                                                                    'GarageType', ...],
                                                              handle_missing='return_nan',
                                                              use_cat_names=True)))])
2026-03-29 16:38:10,370:INFO:Creating final display dataframe.
2026-03-29 16:38:10,927:INFO:Setup _display_container:                     Description             Value
0                    Session id               123
1                        Target         SalePrice
2                   Target type        Regression
3           Original data shape        (1460, 81)
4        Transformed data shape       (1460, 279)
5   Transformed train set shape       (1021, 279)
6    Transformed test set shape        (439, 279)
7              Numeric features                37
8          Categorical features                43
9      Rows with missing values            100.0%
10                   Preprocess              True
11              Imputation type            simple
12           Numeric imputation              mean
13       Categorical imputation              mode
14     Maximum one-hot encoding                25
15              Encoding method              None
16               Fold Generator             KFold
17                  Fold Number                10
18                     CPU Jobs                -1
19                      Use GPU             False
20               Log Experiment             False
21              Experiment Name  reg-default-name
22                          USI              5421
2026-03-29 16:38:10,966:WARNING:
'xgboost' is a soft dependency and not included in the pycaret installation. Please run: `pip install xgboost` to install.
Alternately, you can install this by running `pip install pycaret[models]`
2026-03-29 16:38:10,966:WARNING:
'catboost' is a soft dependency and not included in the pycaret installation. Please run: `pip install catboost` to install.
Alternately, you can install this by running `pip install pycaret[models]`
2026-03-29 16:38:11,005:WARNING:
'xgboost' is a soft dependency and not included in the pycaret installation. Please run: `pip install xgboost` to install.
Alternately, you can install this by running `pip install pycaret[models]`
2026-03-29 16:38:11,005:WARNING:
'catboost' is a soft dependency and not included in the pycaret installation. Please run: `pip install catboost` to install.
Alternately, you can install this by running `pip install pycaret[models]`
2026-03-29 16:38:11,005:INFO:setup() successfully completed in 1.49s...............
2026-03-29 16:38:11,005:INFO:Initializing compare_models()
2026-03-29 16:38:11,005:INFO:compare_models(self=<pycaret.regression.oop.RegressionExperiment object at 0x2972ac6d0>, include=None, fold=None, round=4, cross_validation=True, sort=RMSE, n_select=1, budget_time=None, turbo=True, errors=ignore, fit_kwargs=None, groups=None, experiment_custom_tags=None, probability_threshold=None, verbose=True, parallel=None, caller_params={'self': <pycaret.regression.oop.RegressionExperiment object at 0x2972ac6d0>, 'include': None, 'exclude': None, 'fold': None, 'round': 4, 'cross_validation': True, 'sort': 'RMSE', 'n_select': 1, 'budget_time': None, 'turbo': True, 'errors': 'ignore', 'fit_kwargs': None, 'groups': None, 'experiment_custom_tags': None, 'engine': None, 'verbose': True, 'parallel': None, '__class__': <class 'pycaret.regression.oop.RegressionExperiment'>}, exclude=None)
2026-03-29 16:38:11,005:INFO:Checking exceptions
2026-03-29 16:38:11,007:INFO:Preparing display monitor
2026-03-29 16:38:11,040:INFO:Initializing Linear Regression
2026-03-29 16:38:11,040:INFO:Total runtime is 1.7484029134114583e-06 minutes
2026-03-29 16:38:11,040:INFO:SubProcess create_model() called ==================================
2026-03-29 16:38:11,040:INFO:Initializing create_model()
2026-03-29 16:38:11,040:INFO:create_model(self=<pycaret.regression.oop.RegressionExperiment object at 0x2972ac6d0>, estimator=lr, fold=KFold(n_splits=10, random_state=None, shuffle=False), round=4, cross_validation=True, predict=True, fit_kwargs={}, groups=None, refit=False, probability_threshold=None, experiment_custom_tags=None, verbose=False, system=False, add_to_model_list=True, metrics=None, display=<pycaret.internal.display.display.CommonDisplay object at 0x29e0bbd60>, model_only=True, return_train_score=False, error_score=0.0, kwargs={})
2026-03-29 16:38:11,040:INFO:Checking exceptions
2026-03-29 16:38:11,040:INFO:Importing libraries
2026-03-29 16:38:11,040:INFO:Copying training dataset
2026-03-29 16:38:11,045:INFO:Defining folds
2026-03-29 16:38:11,045:INFO:Declaring metric variables
2026-03-29 16:38:11,045:INFO:Importing untrained model
2026-03-29 16:38:11,045:INFO:Linear Regression Imported successfully
2026-03-29 16:38:11,046:INFO:Starting cross validation
2026-03-29 16:38:11,051:INFO:Cross validating with KFold(n_splits=10, random_state=None, shuffle=False), n_jobs=-1
2026-03-29 16:38:13,878:INFO:Calculating mean and std
2026-03-29 16:38:13,880:INFO:Creating metrics dataframe
2026-03-29 16:38:13,881:INFO:Uploading results into container
2026-03-29 16:38:13,882:INFO:Uploading model into container now
2026-03-29 16:38:13,882:INFO:_master_model_container: 1
2026-03-29 16:38:13,882:INFO:_display_container: 2
2026-03-29 16:38:13,882:INFO:LinearRegression(n_jobs=-1)
2026-03-29 16:38:13,882:INFO:create_model() successfully completed......................................
2026-03-29 16:38:13,932:INFO:SubProcess create_model() end ==================================
2026-03-29 16:38:13,932:INFO:Creating metrics dataframe
2026-03-29 16:38:13,934:INFO:Initializing Lasso Regression
2026-03-29 16:38:13,934:INFO:Total runtime is 0.048231585820515954 minutes
2026-03-29 16:38:13,934:INFO:SubProcess create_model() called ==================================
2026-03-29 16:38:13,934:INFO:Initializing create_model()
2026-03-29 16:38:13,934:INFO:create_model(self=<pycaret.regression.oop.RegressionExperiment object at 0x2972ac6d0>, estimator=lasso, fold=KFold(n_splits=10, random_state=None, shuffle=False), round=4, cross_validation=True, predict=True, fit_kwargs={}, groups=None, refit=False, probability_threshold=None, experiment_custom_tags=None, verbose=False, system=False, add_to_model_list=True, metrics=None, display=<pycaret.internal.display.display.CommonDisplay object at 0x29e0bbd60>, model_only=True, return_train_score=False, error_score=0.0, kwargs={})
2026-03-29 16:38:13,934:INFO:Checking exceptions
2026-03-29 16:38:13,934:INFO:Importing libraries
2026-03-29 16:38:13,934:INFO:Copying training dataset
2026-03-29 16:38:13,938:INFO:Defining folds
2026-03-29 16:38:13,938:INFO:Declaring metric variables
2026-03-29 16:38:13,938:INFO:Importing untrained model
2026-03-29 16:38:13,938:INFO:Lasso Regression Imported successfully
2026-03-29 16:38:13,938:INFO:Starting cross validation
2026-03-29 16:38:13,941:INFO:Cross validating with KFold(n_splits=10, random_state=None, shuffle=False), n_jobs=-1
2026-03-29 16:38:14,518:WARNING:/Users/lisanguyen/Documents/MLOps-project/.venv/lib/python3.10/site-packages/sklearn/linear_model/_coordinate_descent.py:678: ConvergenceWarning: Objective did not converge. You might want to increase the number of iterations, check the scale of the features or consider increasing regularisation. Duality gap: 1.709e+11, tolerance: 6.209e+08
  model = cd_fast.enet_coordinate_descent(

2026-03-29 16:38:14,518:WARNING:/Users/lisanguyen/Documents/MLOps-project/.venv/lib/python3.10/site-packages/sklearn/linear_model/_coordinate_descent.py:678: ConvergenceWarning: Objective did not converge. You might want to increase the number of iterations, check the scale of the features or consider increasing regularisation. Duality gap: 1.754e+11, tolerance: 6.033e+08
  model = cd_fast.enet_coordinate_descent(

2026-03-29 16:38:14,518:WARNING:/Users/lisanguyen/Documents/MLOps-project/.venv/lib/python3.10/site-packages/sklearn/linear_model/_coordinate_descent.py:678: ConvergenceWarning: Objective did not converge. You might want to increase the number of iterations, check the scale of the features or consider increasing regularisation. Duality gap: 1.800e+11, tolerance: 6.209e+08
  model = cd_fast.enet_coordinate_descent(

2026-03-29 16:38:14,518:WARNING:/Users/lisanguyen/Documents/MLOps-project/.venv/lib/python3.10/site-packages/sklearn/linear_model/_coordinate_descent.py:678: ConvergenceWarning: Objective did not converge. You might want to increase the number of iterations, check the scale of the features or consider increasing regularisation. Duality gap: 1.534e+11, tolerance: 5.954e+08
  model = cd_fast.enet_coordinate_descent(

2026-03-29 16:38:14,552:WARNING:/Users/lisanguyen/Documents/MLOps-project/.venv/lib/python3.10/site-packages/sklearn/linear_model/_coordinate_descent.py:678: ConvergenceWarning: Objective did not converge. You might want to increase the number of iterations, check the scale of the features or consider increasing regularisation. Duality gap: 1.755e+11, tolerance: 6.007e+08
  model = cd_fast.enet_coordinate_descent(

2026-03-29 16:38:14,574:WARNING:/Users/lisanguyen/Documents/MLOps-project/.venv/lib/python3.10/site-packages/sklearn/linear_model/_coordinate_descent.py:678: ConvergenceWarning: Objective did not converge. You might want to increase the number of iterations, check the scale of the features or consider increasing regularisation. Duality gap: 1.379e+10, tolerance: 5.994e+08
  model = cd_fast.enet_coordinate_descent(

2026-03-29 16:38:14,578:WARNING:/Users/lisanguyen/Documents/MLOps-project/.venv/lib/python3.10/site-packages/sklearn/linear_model/_coordinate_descent.py:678: ConvergenceWarning: Objective did not converge. You might want to increase the number of iterations, check the scale of the features or consider increasing regularisation. Duality gap: 1.200e+11, tolerance: 6.126e+08
  model = cd_fast.enet_coordinate_descent(

2026-03-29 16:38:14,578:WARNING:/Users/lisanguyen/Documents/MLOps-project/.venv/lib/python3.10/site-packages/sklearn/linear_model/_coordinate_descent.py:678: ConvergenceWarning: Objective did not converge. You might want to increase the number of iterations, check the scale of the features or consider increasing regularisation. Duality gap: 1.540e+11, tolerance: 5.687e+08
  model = cd_fast.enet_coordinate_descent(

2026-03-29 16:38:14,580:WARNING:/Users/lisanguyen/Documents/MLOps-project/.venv/lib/python3.10/site-packages/sklearn/linear_model/_coordinate_descent.py:678: ConvergenceWarning: Objective did not converge. You might want to increase the number of iterations, check the scale of the features or consider increasing regularisation. Duality gap: 1.444e+11, tolerance: 6.157e+08
  model = cd_fast.enet_coordinate_descent(

2026-03-29 16:38:15,263:WARNING:/Users/lisanguyen/Documents/MLOps-project/.venv/lib/python3.10/site-packages/sklearn/linear_model/_coordinate_descent.py:678: ConvergenceWarning: Objective did not converge. You might want to increase the number of iterations, check the scale of the features or consider increasing regularisation. Duality gap: 1.227e+11, tolerance: 5.835e+08
  model = cd_fast.enet_coordinate_descent(

2026-03-29 16:38:15,317:INFO:Calculating mean and std
2026-03-29 16:38:15,317:INFO:Creating metrics dataframe
2026-03-29 16:38:15,318:INFO:Uploading results into container
2026-03-29 16:38:15,318:INFO:Uploading model into container now
2026-03-29 16:38:15,319:INFO:_master_model_container: 2
2026-03-29 16:38:15,319:INFO:_display_container: 2
2026-03-29 16:38:15,319:INFO:Lasso(random_state=123)
2026-03-29 16:38:15,319:INFO:create_model() successfully completed......................................
2026-03-29 16:38:15,358:INFO:SubProcess create_model() end ==================================
2026-03-29 16:38:15,358:INFO:Creating metrics dataframe
2026-03-29 16:38:15,359:INFO:Initializing Ridge Regression
2026-03-29 16:38:15,359:INFO:Total runtime is 0.07198925018310548 minutes
2026-03-29 16:38:15,359:INFO:SubProcess create_model() called ==================================
2026-03-29 16:38:15,359:INFO:Initializing create_model()
2026-03-29 16:38:15,359:INFO:create_model(self=<pycaret.regression.oop.RegressionExperiment object at 0x2972ac6d0>, estimator=ridge, fold=KFold(n_splits=10, random_state=None, shuffle=False), round=4, cross_validation=True, predict=True, fit_kwargs={}, groups=None, refit=False, probability_threshold=None, experiment_custom_tags=None, verbose=False, system=False, add_to_model_list=True, metrics=None, display=<pycaret.internal.display.display.CommonDisplay object at 0x29e0bbd60>, model_only=True, return_train_score=False, error_score=0.0, kwargs={})
2026-03-29 16:38:15,359:INFO:Checking exceptions
2026-03-29 16:38:15,359:INFO:Importing libraries
2026-03-29 16:38:15,359:INFO:Copying training dataset
2026-03-29 16:38:15,363:INFO:Defining folds
2026-03-29 16:38:15,363:INFO:Declaring metric variables
2026-03-29 16:38:15,364:INFO:Importing untrained model
2026-03-29 16:38:15,364:INFO:Ridge Regression Imported successfully
2026-03-29 16:38:15,364:INFO:Starting cross validation
2026-03-29 16:38:15,366:INFO:Cross validating with KFold(n_splits=10, random_state=None, shuffle=False), n_jobs=-1
2026-03-29 16:38:15,828:INFO:Calculating mean and std
2026-03-29 16:38:15,829:INFO:Creating metrics dataframe
2026-03-29 16:38:15,829:INFO:Uploading results into container
2026-03-29 16:38:15,830:INFO:Uploading model into container now
2026-03-29 16:38:15,830:INFO:_master_model_container: 3
2026-03-29 16:38:15,830:INFO:_display_container: 2
2026-03-29 16:38:15,830:INFO:Ridge(random_state=123)
2026-03-29 16:38:15,830:INFO:create_model() successfully completed......................................
2026-03-29 16:38:15,866:INFO:SubProcess create_model() end ==================================
2026-03-29 16:38:15,866:INFO:Creating metrics dataframe
2026-03-29 16:38:15,867:INFO:Initializing Elastic Net
2026-03-29 16:38:15,867:INFO:Total runtime is 0.08045191367467246 minutes
2026-03-29 16:38:15,867:INFO:SubProcess create_model() called ==================================
2026-03-29 16:38:15,867:INFO:Initializing create_model()
2026-03-29 16:38:15,867:INFO:create_model(self=<pycaret.regression.oop.RegressionExperiment object at 0x2972ac6d0>, estimator=en, fold=KFold(n_splits=10, random_state=None, shuffle=False), round=4, cross_validation=True, predict=True, fit_kwargs={}, groups=None, refit=False, probability_threshold=None, experiment_custom_tags=None, verbose=False, system=False, add_to_model_list=True, metrics=None, display=<pycaret.internal.display.display.CommonDisplay object at 0x29e0bbd60>, model_only=True, return_train_score=False, error_score=0.0, kwargs={})
2026-03-29 16:38:15,867:INFO:Checking exceptions
2026-03-29 16:38:15,867:INFO:Importing libraries
2026-03-29 16:38:15,867:INFO:Copying training dataset
2026-03-29 16:38:15,871:INFO:Defining folds
2026-03-29 16:38:15,871:INFO:Declaring metric variables
2026-03-29 16:38:15,871:INFO:Importing untrained model
2026-03-29 16:38:15,871:INFO:Elastic Net Imported successfully
2026-03-29 16:38:15,871:INFO:Starting cross validation
2026-03-29 16:38:15,874:INFO:Cross validating with KFold(n_splits=10, random_state=None, shuffle=False), n_jobs=-1
2026-03-29 16:38:16,526:WARNING:/Users/lisanguyen/Documents/MLOps-project/.venv/lib/python3.10/site-packages/sklearn/linear_model/_coordinate_descent.py:678: ConvergenceWarning: Objective did not converge. You might want to increase the number of iterations, check the scale of the features or consider increasing regularisation. Duality gap: 6.239e+11, tolerance: 6.209e+08
  model = cd_fast.enet_coordinate_descent(

2026-03-29 16:38:16,535:WARNING:/Users/lisanguyen/Documents/MLOps-project/.venv/lib/python3.10/site-packages/sklearn/linear_model/_coordinate_descent.py:678: ConvergenceWarning: Objective did not converge. You might want to increase the number of iterations, check the scale of the features or consider increasing regularisation. Duality gap: 6.181e+11, tolerance: 6.126e+08
  model = cd_fast.enet_coordinate_descent(

2026-03-29 16:38:16,546:WARNING:/Users/lisanguyen/Documents/MLOps-project/.venv/lib/python3.10/site-packages/sklearn/linear_model/_coordinate_descent.py:678: ConvergenceWarning: Objective did not converge. You might want to increase the number of iterations, check the scale of the features or consider increasing regularisation. Duality gap: 5.917e+11, tolerance: 5.954e+08
  model = cd_fast.enet_coordinate_descent(

2026-03-29 16:38:16,548:WARNING:/Users/lisanguyen/Documents/MLOps-project/.venv/lib/python3.10/site-packages/sklearn/linear_model/_coordinate_descent.py:678: ConvergenceWarning: Objective did not converge. You might want to increase the number of iterations, check the scale of the features or consider increasing regularisation. Duality gap: 5.440e+11, tolerance: 5.835e+08
  model = cd_fast.enet_coordinate_descent(

2026-03-29 16:38:16,577:WARNING:/Users/lisanguyen/Documents/MLOps-project/.venv/lib/python3.10/site-packages/sklearn/linear_model/_coordinate_descent.py:678: ConvergenceWarning: Objective did not converge. You might want to increase the number of iterations, check the scale of the features or consider increasing regularisation. Duality gap: 6.173e+11, tolerance: 6.157e+08
  model = cd_fast.enet_coordinate_descent(

2026-03-29 16:38:16,586:WARNING:/Users/lisanguyen/Documents/MLOps-project/.venv/lib/python3.10/site-packages/sklearn/linear_model/_coordinate_descent.py:678: ConvergenceWarning: Objective did not converge. You might want to increase the number of iterations, check the scale of the features or consider increasing regularisation. Duality gap: 5.957e+11, tolerance: 6.033e+08
  model = cd_fast.enet_coordinate_descent(

2026-03-29 16:38:16,599:WARNING:/Users/lisanguyen/Documents/MLOps-project/.venv/lib/python3.10/site-packages/sklearn/linear_model/_coordinate_descent.py:678: ConvergenceWarning: Objective did not converge. You might want to increase the number of iterations, check the scale of the features or consider increasing regularisation. Duality gap: 6.120e+11, tolerance: 5.994e+08
  model = cd_fast.enet_coordinate_descent(

2026-03-29 16:38:16,606:WARNING:/Users/lisanguyen/Documents/MLOps-project/.venv/lib/python3.10/site-packages/sklearn/linear_model/_coordinate_descent.py:678: ConvergenceWarning: Objective did not converge. You might want to increase the number of iterations, check the scale of the features or consider increasing regularisation. Duality gap: 6.204e+11, tolerance: 6.209e+08
  model = cd_fast.enet_coordinate_descent(

2026-03-29 16:38:16,607:WARNING:/Users/lisanguyen/Documents/MLOps-project/.venv/lib/python3.10/site-packages/sklearn/linear_model/_coordinate_descent.py:678: ConvergenceWarning: Objective did not converge. You might want to increase the number of iterations, check the scale of the features or consider increasing regularisation. Duality gap: 5.577e+11, tolerance: 5.687e+08
  model = cd_fast.enet_coordinate_descent(

2026-03-29 16:38:16,639:WARNING:/Users/lisanguyen/Documents/MLOps-project/.venv/lib/python3.10/site-packages/sklearn/linear_model/_coordinate_descent.py:678: ConvergenceWarning: Objective did not converge. You might want to increase the number of iterations, check the scale of the features or consider increasing regularisation. Duality gap: 4.566e+11, tolerance: 6.007e+08
  model = cd_fast.enet_coordinate_descent(

2026-03-29 16:38:16,703:INFO:Calculating mean and std
2026-03-29 16:38:16,704:INFO:Creating metrics dataframe
2026-03-29 16:38:16,704:INFO:Uploading results into container
2026-03-29 16:38:16,704:INFO:Uploading model into container now
2026-03-29 16:38:16,705:INFO:_master_model_container: 4
2026-03-29 16:38:16,705:INFO:_display_container: 2
2026-03-29 16:38:16,705:INFO:ElasticNet(random_state=123)
2026-03-29 16:38:16,705:INFO:create_model() successfully completed......................................
2026-03-29 16:38:16,745:INFO:SubProcess create_model() end ==================================
2026-03-29 16:38:16,745:INFO:Creating metrics dataframe
2026-03-29 16:38:16,746:INFO:Initializing Least Angle Regression
2026-03-29 16:38:16,746:INFO:Total runtime is 0.0951038678487142 minutes
2026-03-29 16:38:16,746:INFO:SubProcess create_model() called ==================================
2026-03-29 16:38:16,746:INFO:Initializing create_model()
2026-03-29 16:38:16,746:INFO:create_model(self=<pycaret.regression.oop.RegressionExperiment object at 0x2972ac6d0>, estimator=lar, fold=KFold(n_splits=10, random_state=None, shuffle=False), round=4, cross_validation=True, predict=True, fit_kwargs={}, groups=None, refit=False, probability_threshold=None, experiment_custom_tags=None, verbose=False, system=False, add_to_model_list=True, metrics=None, display=<pycaret.internal.display.display.CommonDisplay object at 0x29e0bbd60>, model_only=True, return_train_score=False, error_score=0.0, kwargs={})
2026-03-29 16:38:16,746:INFO:Checking exceptions
2026-03-29 16:38:16,746:INFO:Importing libraries
2026-03-29 16:38:16,746:INFO:Copying training dataset
2026-03-29 16:38:16,750:INFO:Defining folds
2026-03-29 16:38:16,750:INFO:Declaring metric variables
2026-03-29 16:38:16,750:INFO:Importing untrained model
2026-03-29 16:38:16,750:INFO:Least Angle Regression Imported successfully
2026-03-29 16:38:16,750:INFO:Starting cross validation
2026-03-29 16:38:16,753:INFO:Cross validating with KFold(n_splits=10, random_state=None, shuffle=False), n_jobs=-1
2026-03-29 16:38:17,131:WARNING:/Users/lisanguyen/Documents/MLOps-project/.venv/lib/python3.10/site-packages/sklearn/linear_model/_least_angle.py:688: ConvergenceWarning: Regressors in active set degenerate. Dropping a regressor, after 243 iterations, i.e. alpha=1.635e+03, with an active set of 199 regressors, and the smallest cholesky pivot element being 2.356e-08. Reduce max_iter or increase eps parameters.
  warnings.warn(

2026-03-29 16:38:17,132:WARNING:/Users/lisanguyen/Documents/MLOps-project/.venv/lib/python3.10/site-packages/sklearn/linear_model/_least_angle.py:688: ConvergenceWarning: Regressors in active set degenerate. Dropping a regressor, after 243 iterations, i.e. alpha=1.608e+03, with an active set of 199 regressors, and the smallest cholesky pivot element being 8.625e-08. Reduce max_iter or increase eps parameters.
  warnings.warn(

2026-03-29 16:38:17,147:WARNING:/Users/lisanguyen/Documents/MLOps-project/.venv/lib/python3.10/site-packages/sklearn/linear_model/_least_angle.py:688: ConvergenceWarning: Regressors in active set degenerate. Dropping a regressor, after 98 iterations, i.e. alpha=2.119e+02, with an active set of 85 regressors, and the smallest cholesky pivot element being 2.220e-16. Reduce max_iter or increase eps parameters.
  warnings.warn(

2026-03-29 16:38:17,154:WARNING:/Users/lisanguyen/Documents/MLOps-project/.venv/lib/python3.10/site-packages/sklearn/linear_model/_least_angle.py:688: ConvergenceWarning: Regressors in active set degenerate. Dropping a regressor, after 133 iterations, i.e. alpha=1.151e+02, with an active set of 118 regressors, and the smallest cholesky pivot element being 2.220e-16. Reduce max_iter or increase eps parameters.
  warnings.warn(

2026-03-29 16:38:17,174:WARNING:/Users/lisanguyen/Documents/MLOps-project/.venv/lib/python3.10/site-packages/sklearn/linear_model/_least_angle.py:688: ConvergenceWarning: Regressors in active set degenerate. Dropping a regressor, after 348 iterations, i.e. alpha=5.551e+04, with an active set of 269 regressors, and the smallest cholesky pivot element being 2.356e-08. Reduce max_iter or increase eps parameters.
  warnings.warn(

2026-03-29 16:38:17,174:WARNING:/Users/lisanguyen/Documents/MLOps-project/.venv/lib/python3.10/site-packages/sklearn/linear_model/_least_angle.py:688: ConvergenceWarning: Regressors in active set degenerate. Dropping a regressor, after 348 iterations, i.e. alpha=2.596e+04, with an active set of 269 regressors, and the smallest cholesky pivot element being 1.490e-08. Reduce max_iter or increase eps parameters.
  warnings.warn(

2026-03-29 16:38:17,195:WARNING:/Users/lisanguyen/Documents/MLOps-project/.venv/lib/python3.10/site-packages/sklearn/linear_model/_least_angle.py:688: ConvergenceWarning: Regressors in active set degenerate. Dropping a regressor, after 213 iterations, i.e. alpha=2.993e+06, with an active set of 162 regressors, and the smallest cholesky pivot element being 1.054e-08. Reduce max_iter or increase eps parameters.
  warnings.warn(

2026-03-29 16:38:17,198:WARNING:/Users/lisanguyen/Documents/MLOps-project/.venv/lib/python3.10/site-packages/sklearn/linear_model/_least_angle.py:688: ConvergenceWarning: Regressors in active set degenerate. Dropping a regressor, after 220 iterations, i.e. alpha=3.041e+02, with an active set of 181 regressors, and the smallest cholesky pivot element being 1.054e-08. Reduce max_iter or increase eps parameters.
  warnings.warn(

2026-03-29 16:38:17,208:WARNING:/Users/lisanguyen/Documents/MLOps-project/.venv/lib/python3.10/site-packages/sklearn/linear_model/_least_angle.py:688: ConvergenceWarning: Regressors in active set degenerate. Dropping a regressor, after 266 iterations, i.e. alpha=2.135e+04, with an active set of 207 regressors, and the smallest cholesky pivot element being 2.107e-08. Reduce max_iter or increase eps parameters.
  warnings.warn(

2026-03-29 16:38:17,208:WARNING:/Users/lisanguyen/Documents/MLOps-project/.venv/lib/python3.10/site-packages/sklearn/linear_model/_least_angle.py:688: ConvergenceWarning: Regressors in active set degenerate. Dropping a regressor, after 411 iterations, i.e. alpha=1.958e+09, with an active set of 277 regressors, and the smallest cholesky pivot element being 2.788e-08. Reduce max_iter or increase eps parameters.
  warnings.warn(

2026-03-29 16:38:17,232:WARNING:/Users/lisanguyen/Documents/MLOps-project/.venv/lib/python3.10/site-packages/sklearn/linear_model/_least_angle.py:688: ConvergenceWarning: Regressors in active set degenerate. Dropping a regressor, after 365 iterations, i.e. alpha=3.394e+08, with an active set of 274 regressors, and the smallest cholesky pivot element being 6.409e-08. Reduce max_iter or increase eps parameters.
  warnings.warn(

2026-03-29 16:38:17,247:WARNING:/Users/lisanguyen/Documents/MLOps-project/.venv/lib/python3.10/site-packages/sklearn/linear_model/_least_angle.py:688: ConvergenceWarning: Regressors in active set degenerate. Dropping a regressor, after 387 iterations, i.e. alpha=5.630e+10, with an active set of 276 regressors, and the smallest cholesky pivot element being 1.054e-08. Reduce max_iter or increase eps parameters.
  warnings.warn(

2026-03-29 16:38:17,257:WARNING:/Users/lisanguyen/Documents/MLOps-project/.venv/lib/python3.10/site-packages/sklearn/linear_model/_least_angle.py:688: ConvergenceWarning: Regressors in active set degenerate. Dropping a regressor, after 352 iterations, i.e. alpha=7.493e+06, with an active set of 257 regressors, and the smallest cholesky pivot element being 2.356e-08. Reduce max_iter or increase eps parameters.
  warnings.warn(

2026-03-29 16:38:17,260:WARNING:/Users/lisanguyen/Documents/MLOps-project/.venv/lib/python3.10/site-packages/sklearn/linear_model/_least_angle.py:688: ConvergenceWarning: Regressors in active set degenerate. Dropping a regressor, after 372 iterations, i.e. alpha=1.830e+08, with an active set of 271 regressors, and the smallest cholesky pivot element being 2.356e-08. Reduce max_iter or increase eps parameters.
  warnings.warn(

2026-03-29 16:38:17,268:WARNING:/Users/lisanguyen/Documents/MLOps-project/.venv/lib/python3.10/site-packages/sklearn/linear_model/_least_angle.py:688: ConvergenceWarning: Regressors in active set degenerate. Dropping a regressor, after 332 iterations, i.e. alpha=5.748e+03, with an active set of 257 regressors, and the smallest cholesky pivot element being 1.825e-08. Reduce max_iter or increase eps parameters.
  warnings.warn(

2026-03-29 16:38:17,274:WARNING:/Users/lisanguyen/Documents/MLOps-project/.venv/lib/python3.10/site-packages/sklearn/linear_model/_least_angle.py:688: ConvergenceWarning: Regressors in active set degenerate. Dropping a regressor, after 352 iterations, i.e. alpha=3.922e+04, with an active set of 273 regressors, and the smallest cholesky pivot element being 8.752e-08. Reduce max_iter or increase eps parameters.
  warnings.warn(

2026-03-29 16:38:17,275:WARNING:/Users/lisanguyen/Documents/MLOps-project/.venv/lib/python3.10/site-packages/sklearn/linear_model/_least_angle.py:688: ConvergenceWarning: Regressors in active set degenerate. Dropping a regressor, after 352 iterations, i.e. alpha=9.862e+03, with an active set of 273 regressors, and the smallest cholesky pivot element being 8.752e-08. Reduce max_iter or increase eps parameters.
  warnings.warn(

2026-03-29 16:38:17,370:INFO:Calculating mean and std
2026-03-29 16:38:17,370:INFO:Creating metrics dataframe
2026-03-29 16:38:17,371:INFO:Uploading results into container
2026-03-29 16:38:17,371:INFO:Uploading model into container now
2026-03-29 16:38:17,371:INFO:_master_model_container: 5
2026-03-29 16:38:17,371:INFO:_display_container: 2
2026-03-29 16:38:17,371:INFO:Lars(random_state=123)
2026-03-29 16:38:17,371:INFO:create_model() successfully completed......................................
2026-03-29 16:38:17,413:INFO:SubProcess create_model() end ==================================
2026-03-29 16:38:17,413:INFO:Creating metrics dataframe
2026-03-29 16:38:17,414:INFO:Initializing Lasso Least Angle Regression
2026-03-29 16:38:17,414:INFO:Total runtime is 0.10623558362325033 minutes
2026-03-29 16:38:17,414:INFO:SubProcess create_model() called ==================================
2026-03-29 16:38:17,414:INFO:Initializing create_model()
2026-03-29 16:38:17,414:INFO:create_model(self=<pycaret.regression.oop.RegressionExperiment object at 0x2972ac6d0>, estimator=llar, fold=KFold(n_splits=10, random_state=None, shuffle=False), round=4, cross_validation=True, predict=True, fit_kwargs={}, groups=None, refit=False, probability_threshold=None, experiment_custom_tags=None, verbose=False, system=False, add_to_model_list=True, metrics=None, display=<pycaret.internal.display.display.CommonDisplay object at 0x29e0bbd60>, model_only=True, return_train_score=False, error_score=0.0, kwargs={})
2026-03-29 16:38:17,414:INFO:Checking exceptions
2026-03-29 16:38:17,414:INFO:Importing libraries
2026-03-29 16:38:17,414:INFO:Copying training dataset
2026-03-29 16:38:17,418:INFO:Defining folds
2026-03-29 16:38:17,418:INFO:Declaring metric variables
2026-03-29 16:38:17,418:INFO:Importing untrained model
2026-03-29 16:38:17,418:INFO:Lasso Least Angle Regression Imported successfully
2026-03-29 16:38:17,419:INFO:Starting cross validation
2026-03-29 16:38:17,421:INFO:Cross validating with KFold(n_splits=10, random_state=None, shuffle=False), n_jobs=-1
2026-03-29 16:38:17,765:WARNING:/Users/lisanguyen/Documents/MLOps-project/.venv/lib/python3.10/site-packages/sklearn/linear_model/_least_angle.py:718: ConvergenceWarning: Early stopping the lars path, as the residues are small and the current value of alpha is no longer well controlled. 81 iterations, alpha=1.003e+03, previous alpha=3.350e+02, with an active set of 70 regressors.
  warnings.warn(

2026-03-29 16:38:17,770:WARNING:/Users/lisanguyen/Documents/MLOps-project/.venv/lib/python3.10/site-packages/sklearn/linear_model/_least_angle.py:688: ConvergenceWarning: Regressors in active set degenerate. Dropping a regressor, after 34 iterations, i.e. alpha=2.006e+03, with an active set of 28 regressors, and the smallest cholesky pivot element being 2.220e-16. Reduce max_iter or increase eps parameters.
  warnings.warn(

2026-03-29 16:38:17,770:WARNING:/Users/lisanguyen/Documents/MLOps-project/.venv/lib/python3.10/site-packages/sklearn/linear_model/_least_angle.py:688: ConvergenceWarning: Regressors in active set degenerate. Dropping a regressor, after 35 iterations, i.e. alpha=2.006e+03, with an active set of 29 regressors, and the smallest cholesky pivot element being 2.220e-16. Reduce max_iter or increase eps parameters.
  warnings.warn(

2026-03-29 16:38:17,771:WARNING:/Users/lisanguyen/Documents/MLOps-project/.venv/lib/python3.10/site-packages/sklearn/linear_model/_least_angle.py:718: ConvergenceWarning: Early stopping the lars path, as the residues are small and the current value of alpha is no longer well controlled. 48 iterations, alpha=1.060e+03, previous alpha=9.459e+02, with an active set of 41 regressors.
  warnings.warn(

2026-03-29 16:38:17,782:WARNING:/Users/lisanguyen/Documents/MLOps-project/.venv/lib/python3.10/site-packages/sklearn/linear_model/_least_angle.py:718: ConvergenceWarning: Early stopping the lars path, as the residues are small and the current value of alpha is no longer well controlled. 15 iterations, alpha=1.854e+05, previous alpha=1.811e+05, with an active set of 16 regressors.
  warnings.warn(

2026-03-29 16:38:17,815:WARNING:/Users/lisanguyen/Documents/MLOps-project/.venv/lib/python3.10/site-packages/sklearn/linear_model/_least_angle.py:718: ConvergenceWarning: Early stopping the lars path, as the residues are small and the current value of alpha is no longer well controlled. 57 iterations, alpha=8.932e+02, previous alpha=8.932e+02, with an active set of 42 regressors.
  warnings.warn(

2026-03-29 16:38:17,817:WARNING:/Users/lisanguyen/Documents/MLOps-project/.venv/lib/python3.10/site-packages/sklearn/linear_model/_least_angle.py:718: ConvergenceWarning: Early stopping the lars path, as the residues are small and the current value of alpha is no longer well controlled. 255 iterations, alpha=2.748e+01, previous alpha=2.747e+01, with an active set of 176 regressors.
  warnings.warn(

2026-03-29 16:38:17,819:WARNING:/Users/lisanguyen/Documents/MLOps-project/.venv/lib/python3.10/site-packages/sklearn/linear_model/_least_angle.py:688: ConvergenceWarning: Regressors in active set degenerate. Dropping a regressor, after 266 iterations, i.e. alpha=1.767e+01, with an active set of 190 regressors, and the smallest cholesky pivot element being 1.490e-08. Reduce max_iter or increase eps parameters.
  warnings.warn(

2026-03-29 16:38:17,821:WARNING:/Users/lisanguyen/Documents/MLOps-project/.venv/lib/python3.10/site-packages/sklearn/linear_model/_least_angle.py:688: ConvergenceWarning: Regressors in active set degenerate. Dropping a regressor, after 280 iterations, i.e. alpha=1.198e+01, with an active set of 200 regressors, and the smallest cholesky pivot element being 1.490e-08. Reduce max_iter or increase eps parameters.
  warnings.warn(

2026-03-29 16:38:17,823:WARNING:/Users/lisanguyen/Documents/MLOps-project/.venv/lib/python3.10/site-packages/sklearn/linear_model/_least_angle.py:718: ConvergenceWarning: Early stopping the lars path, as the residues are small and the current value of alpha is no longer well controlled. 285 iterations, alpha=1.083e+01, previous alpha=1.082e+01, with an active set of 204 regressors.
  warnings.warn(

2026-03-29 16:38:17,828:WARNING:/Users/lisanguyen/Documents/MLOps-project/.venv/lib/python3.10/site-packages/sklearn/linear_model/_least_angle.py:718: ConvergenceWarning: Early stopping the lars path, as the residues are small and the current value of alpha is no longer well controlled. 101 iterations, alpha=2.329e+02, previous alpha=2.323e+02, with an active set of 84 regressors.
  warnings.warn(

2026-03-29 16:38:17,838:WARNING:/Users/lisanguyen/Documents/MLOps-project/.venv/lib/python3.10/site-packages/sklearn/linear_model/_least_angle.py:718: ConvergenceWarning: Early stopping the lars path, as the residues are small and the current value of alpha is no longer well controlled. 164 iterations, alpha=9.262e+01, previous alpha=9.230e+01, with an active set of 125 regressors.
  warnings.warn(

2026-03-29 16:38:17,852:WARNING:/Users/lisanguyen/Documents/MLOps-project/.venv/lib/python3.10/site-packages/sklearn/linear_model/_least_angle.py:688: ConvergenceWarning: Regressors in active set degenerate. Dropping a regressor, after 187 iterations, i.e. alpha=3.483e+01, with an active set of 155 regressors, and the smallest cholesky pivot element being 2.220e-16. Reduce max_iter or increase eps parameters.
  warnings.warn(

2026-03-29 16:38:17,852:WARNING:/Users/lisanguyen/Documents/MLOps-project/.venv/lib/python3.10/site-packages/sklearn/linear_model/_least_angle.py:688: ConvergenceWarning: Regressors in active set degenerate. Dropping a regressor, after 188 iterations, i.e. alpha=3.480e+01, with an active set of 156 regressors, and the smallest cholesky pivot element being 2.220e-16. Reduce max_iter or increase eps parameters.
  warnings.warn(

2026-03-29 16:38:17,853:WARNING:/Users/lisanguyen/Documents/MLOps-project/.venv/lib/python3.10/site-packages/sklearn/linear_model/_least_angle.py:688: ConvergenceWarning: Regressors in active set degenerate. Dropping a regressor, after 188 iterations, i.e. alpha=3.480e+01, with an active set of 156 regressors, and the smallest cholesky pivot element being 2.581e-08. Reduce max_iter or increase eps parameters.
  warnings.warn(

2026-03-29 16:38:17,856:WARNING:/Users/lisanguyen/Documents/MLOps-project/.venv/lib/python3.10/site-packages/sklearn/linear_model/_least_angle.py:688: ConvergenceWarning: Regressors in active set degenerate. Dropping a regressor, after 207 iterations, i.e. alpha=2.382e+01, with an active set of 169 regressors, and the smallest cholesky pivot element being 2.788e-08. Reduce max_iter or increase eps parameters.
  warnings.warn(

2026-03-29 16:38:17,857:WARNING:/Users/lisanguyen/Documents/MLOps-project/.venv/lib/python3.10/site-packages/sklearn/linear_model/_least_angle.py:688: ConvergenceWarning: Regressors in active set degenerate. Dropping a regressor, after 207 iterations, i.e. alpha=2.382e+01, with an active set of 169 regressors, and the smallest cholesky pivot element being 2.220e-16. Reduce max_iter or increase eps parameters.
  warnings.warn(

2026-03-29 16:38:17,859:WARNING:/Users/lisanguyen/Documents/MLOps-project/.venv/lib/python3.10/site-packages/sklearn/linear_model/_least_angle.py:718: ConvergenceWarning: Early stopping the lars path, as the residues are small and the current value of alpha is no longer well controlled. 226 iterations, alpha=1.739e+01, previous alpha=1.739e+01, with an active set of 183 regressors.
  warnings.warn(

2026-03-29 16:38:17,870:WARNING:/Users/lisanguyen/Documents/MLOps-project/.venv/lib/python3.10/site-packages/sklearn/linear_model/_least_angle.py:718: ConvergenceWarning: Early stopping the lars path, as the residues are small and the current value of alpha is no longer well controlled. 24 iterations, alpha=1.166e+04, previous alpha=4.283e+03, with an active set of 23 regressors.
  warnings.warn(

2026-03-29 16:38:17,938:INFO:Calculating mean and std
2026-03-29 16:38:17,938:INFO:Creating metrics dataframe
2026-03-29 16:38:17,939:INFO:Uploading results into container
2026-03-29 16:38:17,939:INFO:Uploading model into container now
2026-03-29 16:38:17,940:INFO:_master_model_container: 6
2026-03-29 16:38:17,940:INFO:_display_container: 2
2026-03-29 16:38:17,940:INFO:LassoLars(random_state=123)
2026-03-29 16:38:17,940:INFO:create_model() successfully completed......................................
2026-03-29 16:38:17,977:INFO:SubProcess create_model() end ==================================
2026-03-29 16:38:17,977:INFO:Creating metrics dataframe
2026-03-29 16:38:17,978:INFO:Initializing Orthogonal Matching Pursuit
2026-03-29 16:38:17,978:INFO:Total runtime is 0.11564011573791505 minutes
2026-03-29 16:38:17,978:INFO:SubProcess create_model() called ==================================
2026-03-29 16:38:17,978:INFO:Initializing create_model()
2026-03-29 16:38:17,978:INFO:create_model(self=<pycaret.regression.oop.RegressionExperiment object at 0x2972ac6d0>, estimator=omp, fold=KFold(n_splits=10, random_state=None, shuffle=False), round=4, cross_validation=True, predict=True, fit_kwargs={}, groups=None, refit=False, probability_threshold=None, experiment_custom_tags=None, verbose=False, system=False, add_to_model_list=True, metrics=None, display=<pycaret.internal.display.display.CommonDisplay object at 0x29e0bbd60>, model_only=True, return_train_score=False, error_score=0.0, kwargs={})
2026-03-29 16:38:17,978:INFO:Checking exceptions
2026-03-29 16:38:17,978:INFO:Importing libraries
2026-03-29 16:38:17,978:INFO:Copying training dataset
2026-03-29 16:38:17,982:INFO:Defining folds
2026-03-29 16:38:17,982:INFO:Declaring metric variables
2026-03-29 16:38:17,982:INFO:Importing untrained model
2026-03-29 16:38:17,982:INFO:Orthogonal Matching Pursuit Imported successfully
2026-03-29 16:38:17,983:INFO:Starting cross validation
2026-03-29 16:38:17,985:INFO:Cross validating with KFold(n_splits=10, random_state=None, shuffle=False), n_jobs=-1
2026-03-29 16:38:18,441:INFO:Calculating mean and std
2026-03-29 16:38:18,441:INFO:Creating metrics dataframe
2026-03-29 16:38:18,442:INFO:Uploading results into container
2026-03-29 16:38:18,442:INFO:Uploading model into container now
2026-03-29 16:38:18,442:INFO:_master_model_container: 7
2026-03-29 16:38:18,442:INFO:_display_container: 2
2026-03-29 16:38:18,442:INFO:OrthogonalMatchingPursuit()
2026-03-29 16:38:18,442:INFO:create_model() successfully completed......................................
2026-03-29 16:38:18,478:INFO:SubProcess create_model() end ==================================
2026-03-29 16:38:18,479:INFO:Creating metrics dataframe
2026-03-29 16:38:18,479:INFO:Initializing Bayesian Ridge
2026-03-29 16:38:18,479:INFO:Total runtime is 0.12399460077285768 minutes
2026-03-29 16:38:18,480:INFO:SubProcess create_model() called ==================================
2026-03-29 16:38:18,480:INFO:Initializing create_model()
2026-03-29 16:38:18,480:INFO:create_model(self=<pycaret.regression.oop.RegressionExperiment object at 0x2972ac6d0>, estimator=br, fold=KFold(n_splits=10, random_state=None, shuffle=False), round=4, cross_validation=True, predict=True, fit_kwargs={}, groups=None, refit=False, probability_threshold=None, experiment_custom_tags=None, verbose=False, system=False, add_to_model_list=True, metrics=None, display=<pycaret.internal.display.display.CommonDisplay object at 0x29e0bbd60>, model_only=True, return_train_score=False, error_score=0.0, kwargs={})
2026-03-29 16:38:18,480:INFO:Checking exceptions
2026-03-29 16:38:18,480:INFO:Importing libraries
2026-03-29 16:38:18,480:INFO:Copying training dataset
2026-03-29 16:38:18,484:INFO:Defining folds
2026-03-29 16:38:18,484:INFO:Declaring metric variables
2026-03-29 16:38:18,484:INFO:Importing untrained model
2026-03-29 16:38:18,484:INFO:Bayesian Ridge Imported successfully
2026-03-29 16:38:18,484:INFO:Starting cross validation
2026-03-29 16:38:18,486:INFO:Cross validating with KFold(n_splits=10, random_state=None, shuffle=False), n_jobs=-1
2026-03-29 16:38:18,937:INFO:Calculating mean and std
2026-03-29 16:38:18,938:INFO:Creating metrics dataframe
2026-03-29 16:38:18,938:INFO:Uploading results into container
2026-03-29 16:38:18,939:INFO:Uploading model into container now
2026-03-29 16:38:18,939:INFO:_master_model_container: 8
2026-03-29 16:38:18,939:INFO:_display_container: 2
2026-03-29 16:38:18,939:INFO:BayesianRidge()
2026-03-29 16:38:18,939:INFO:create_model() successfully completed......................................
2026-03-29 16:38:18,975:INFO:SubProcess create_model() end ==================================
2026-03-29 16:38:18,975:INFO:Creating metrics dataframe
2026-03-29 16:38:18,976:INFO:Initializing Passive Aggressive Regressor
2026-03-29 16:38:18,976:INFO:Total runtime is 0.13227198123931885 minutes
2026-03-29 16:38:18,976:INFO:SubProcess create_model() called ==================================
2026-03-29 16:38:18,976:INFO:Initializing create_model()
2026-03-29 16:38:18,976:INFO:create_model(self=<pycaret.regression.oop.RegressionExperiment object at 0x2972ac6d0>, estimator=par, fold=KFold(n_splits=10, random_state=None, shuffle=False), round=4, cross_validation=True, predict=True, fit_kwargs={}, groups=None, refit=False, probability_threshold=None, experiment_custom_tags=None, verbose=False, system=False, add_to_model_list=True, metrics=None, display=<pycaret.internal.display.display.CommonDisplay object at 0x29e0bbd60>, model_only=True, return_train_score=False, error_score=0.0, kwargs={})
2026-03-29 16:38:18,976:INFO:Checking exceptions
2026-03-29 16:38:18,976:INFO:Importing libraries
2026-03-29 16:38:18,976:INFO:Copying training dataset
2026-03-29 16:38:18,980:INFO:Defining folds
2026-03-29 16:38:18,980:INFO:Declaring metric variables
2026-03-29 16:38:18,980:INFO:Importing untrained model
2026-03-29 16:38:18,980:INFO:Passive Aggressive Regressor Imported successfully
2026-03-29 16:38:18,980:INFO:Starting cross validation
2026-03-29 16:38:18,983:INFO:Cross validating with KFold(n_splits=10, random_state=None, shuffle=False), n_jobs=-1
2026-03-29 16:38:19,425:INFO:Calculating mean and std
2026-03-29 16:38:19,425:INFO:Creating metrics dataframe
2026-03-29 16:38:19,426:INFO:Uploading results into container
2026-03-29 16:38:19,426:INFO:Uploading model into container now
2026-03-29 16:38:19,426:INFO:_master_model_container: 9
2026-03-29 16:38:19,426:INFO:_display_container: 2
2026-03-29 16:38:19,427:INFO:PassiveAggressiveRegressor(random_state=123)
2026-03-29 16:38:19,427:INFO:create_model() successfully completed......................................
2026-03-29 16:38:19,463:INFO:SubProcess create_model() end ==================================
2026-03-29 16:38:19,463:INFO:Creating metrics dataframe
2026-03-29 16:38:19,464:INFO:Initializing Huber Regressor
2026-03-29 16:38:19,464:INFO:Total runtime is 0.14040813048680623 minutes
2026-03-29 16:38:19,464:INFO:SubProcess create_model() called ==================================
2026-03-29 16:38:19,464:INFO:Initializing create_model()
2026-03-29 16:38:19,464:INFO:create_model(self=<pycaret.regression.oop.RegressionExperiment object at 0x2972ac6d0>, estimator=huber, fold=KFold(n_splits=10, random_state=None, shuffle=False), round=4, cross_validation=True, predict=True, fit_kwargs={}, groups=None, refit=False, probability_threshold=None, experiment_custom_tags=None, verbose=False, system=False, add_to_model_list=True, metrics=None, display=<pycaret.internal.display.display.CommonDisplay object at 0x29e0bbd60>, model_only=True, return_train_score=False, error_score=0.0, kwargs={})
2026-03-29 16:38:19,464:INFO:Checking exceptions
2026-03-29 16:38:19,464:INFO:Importing libraries
2026-03-29 16:38:19,464:INFO:Copying training dataset
2026-03-29 16:38:19,469:INFO:Defining folds
2026-03-29 16:38:19,469:INFO:Declaring metric variables
2026-03-29 16:38:19,469:INFO:Importing untrained model
2026-03-29 16:38:19,469:INFO:Huber Regressor Imported successfully
2026-03-29 16:38:19,469:INFO:Starting cross validation
2026-03-29 16:38:19,471:INFO:Cross validating with KFold(n_splits=10, random_state=None, shuffle=False), n_jobs=-1
2026-03-29 16:38:19,807:WARNING:/Users/lisanguyen/Documents/MLOps-project/.venv/lib/python3.10/site-packages/sklearn/linear_model/_huber.py:342: ConvergenceWarning: lbfgs failed to converge (status=1):
STOP: TOTAL NO. of ITERATIONS REACHED LIMIT.

Increase the number of iterations (max_iter) or scale the data as shown in:
    https://scikit-learn.org/stable/modules/preprocessing.html
  self.n_iter_ = _check_optimize_result("lbfgs", opt_res, self.max_iter)

2026-03-29 16:38:19,824:WARNING:/Users/lisanguyen/Documents/MLOps-project/.venv/lib/python3.10/site-packages/sklearn/linear_model/_huber.py:342: ConvergenceWarning: lbfgs failed to converge (status=1):
STOP: TOTAL NO. of ITERATIONS REACHED LIMIT.

Increase the number of iterations (max_iter) or scale the data as shown in:
    https://scikit-learn.org/stable/modules/preprocessing.html
  self.n_iter_ = _check_optimize_result("lbfgs", opt_res, self.max_iter)

2026-03-29 16:38:19,844:WARNING:/Users/lisanguyen/Documents/MLOps-project/.venv/lib/python3.10/site-packages/sklearn/linear_model/_huber.py:342: ConvergenceWarning: lbfgs failed to converge (status=1):
STOP: TOTAL NO. of ITERATIONS REACHED LIMIT.

Increase the number of iterations (max_iter) or scale the data as shown in:
    https://scikit-learn.org/stable/modules/preprocessing.html
  self.n_iter_ = _check_optimize_result("lbfgs", opt_res, self.max_iter)

2026-03-29 16:38:19,849:WARNING:/Users/lisanguyen/Documents/MLOps-project/.venv/lib/python3.10/site-packages/sklearn/linear_model/_huber.py:342: ConvergenceWarning: lbfgs failed to converge (status=1):
STOP: TOTAL NO. of ITERATIONS REACHED LIMIT.

Increase the number of iterations (max_iter) or scale the data as shown in:
    https://scikit-learn.org/stable/modules/preprocessing.html
  self.n_iter_ = _check_optimize_result("lbfgs", opt_res, self.max_iter)

2026-03-29 16:38:19,881:WARNING:/Users/lisanguyen/Documents/MLOps-project/.venv/lib/python3.10/site-packages/sklearn/linear_model/_huber.py:342: ConvergenceWarning: lbfgs failed to converge (status=1):
STOP: TOTAL NO. of ITERATIONS REACHED LIMIT.

Increase the number of iterations (max_iter) or scale the data as shown in:
    https://scikit-learn.org/stable/modules/preprocessing.html
  self.n_iter_ = _check_optimize_result("lbfgs", opt_res, self.max_iter)

2026-03-29 16:38:19,901:WARNING:/Users/lisanguyen/Documents/MLOps-project/.venv/lib/python3.10/site-packages/sklearn/linear_model/_huber.py:342: ConvergenceWarning: lbfgs failed to converge (status=1):
STOP: TOTAL NO. of ITERATIONS REACHED LIMIT.

Increase the number of iterations (max_iter) or scale the data as shown in:
    https://scikit-learn.org/stable/modules/preprocessing.html
  self.n_iter_ = _check_optimize_result("lbfgs", opt_res, self.max_iter)

2026-03-29 16:38:19,909:WARNING:/Users/lisanguyen/Documents/MLOps-project/.venv/lib/python3.10/site-packages/sklearn/linear_model/_huber.py:342: ConvergenceWarning: lbfgs failed to converge (status=1):
STOP: TOTAL NO. of ITERATIONS REACHED LIMIT.

Increase the number of iterations (max_iter) or scale the data as shown in:
    https://scikit-learn.org/stable/modules/preprocessing.html
  self.n_iter_ = _check_optimize_result("lbfgs", opt_res, self.max_iter)

2026-03-29 16:38:19,909:WARNING:/Users/lisanguyen/Documents/MLOps-project/.venv/lib/python3.10/site-packages/sklearn/linear_model/_huber.py:342: ConvergenceWarning: lbfgs failed to converge (status=1):
STOP: TOTAL NO. of ITERATIONS REACHED LIMIT.

Increase the number of iterations (max_iter) or scale the data as shown in:
    https://scikit-learn.org/stable/modules/preprocessing.html
  self.n_iter_ = _check_optimize_result("lbfgs", opt_res, self.max_iter)

2026-03-29 16:38:19,926:WARNING:/Users/lisanguyen/Documents/MLOps-project/.venv/lib/python3.10/site-packages/sklearn/linear_model/_huber.py:342: ConvergenceWarning: lbfgs failed to converge (status=1):
STOP: TOTAL NO. of ITERATIONS REACHED LIMIT.

Increase the number of iterations (max_iter) or scale the data as shown in:
    https://scikit-learn.org/stable/modules/preprocessing.html
  self.n_iter_ = _check_optimize_result("lbfgs", opt_res, self.max_iter)

2026-03-29 16:38:19,935:WARNING:/Users/lisanguyen/Documents/MLOps-project/.venv/lib/python3.10/site-packages/sklearn/linear_model/_huber.py:342: ConvergenceWarning: lbfgs failed to converge (status=1):
STOP: TOTAL NO. of ITERATIONS REACHED LIMIT.

Increase the number of iterations (max_iter) or scale the data as shown in:
    https://scikit-learn.org/stable/modules/preprocessing.html
  self.n_iter_ = _check_optimize_result("lbfgs", opt_res, self.max_iter)

2026-03-29 16:38:20,026:INFO:Calculating mean and std
2026-03-29 16:38:20,026:INFO:Creating metrics dataframe
2026-03-29 16:38:20,027:INFO:Uploading results into container
2026-03-29 16:38:20,027:INFO:Uploading model into container now
2026-03-29 16:38:20,027:INFO:_master_model_container: 10
2026-03-29 16:38:20,027:INFO:_display_container: 2
2026-03-29 16:38:20,027:INFO:HuberRegressor()
2026-03-29 16:38:20,027:INFO:create_model() successfully completed......................................
2026-03-29 16:38:20,064:INFO:SubProcess create_model() end ==================================
2026-03-29 16:38:20,064:INFO:Creating metrics dataframe
2026-03-29 16:38:20,065:INFO:Initializing K Neighbors Regressor
2026-03-29 16:38:20,065:INFO:Total runtime is 0.1504166523615519 minutes
2026-03-29 16:38:20,065:INFO:SubProcess create_model() called ==================================
2026-03-29 16:38:20,065:INFO:Initializing create_model()
2026-03-29 16:38:20,065:INFO:create_model(self=<pycaret.regression.oop.RegressionExperiment object at 0x2972ac6d0>, estimator=knn, fold=KFold(n_splits=10, random_state=None, shuffle=False), round=4, cross_validation=True, predict=True, fit_kwargs={}, groups=None, refit=False, probability_threshold=None, experiment_custom_tags=None, verbose=False, system=False, add_to_model_list=True, metrics=None, display=<pycaret.internal.display.display.CommonDisplay object at 0x29e0bbd60>, model_only=True, return_train_score=False, error_score=0.0, kwargs={})
2026-03-29 16:38:20,065:INFO:Checking exceptions
2026-03-29 16:38:20,065:INFO:Importing libraries
2026-03-29 16:38:20,065:INFO:Copying training dataset
2026-03-29 16:38:20,069:INFO:Defining folds
2026-03-29 16:38:20,069:INFO:Declaring metric variables
2026-03-29 16:38:20,069:INFO:Importing untrained model
2026-03-29 16:38:20,069:INFO:K Neighbors Regressor Imported successfully
2026-03-29 16:38:20,069:INFO:Starting cross validation
2026-03-29 16:38:20,072:INFO:Cross validating with KFold(n_splits=10, random_state=None, shuffle=False), n_jobs=-1
2026-03-29 16:38:20,484:INFO:Calculating mean and std
2026-03-29 16:38:20,484:INFO:Creating metrics dataframe
2026-03-29 16:38:20,485:INFO:Uploading results into container
2026-03-29 16:38:20,485:INFO:Uploading model into container now
2026-03-29 16:38:20,485:INFO:_master_model_container: 11
2026-03-29 16:38:20,485:INFO:_display_container: 2
2026-03-29 16:38:20,485:INFO:KNeighborsRegressor(n_jobs=-1)
2026-03-29 16:38:20,485:INFO:create_model() successfully completed......................................
2026-03-29 16:38:20,522:INFO:SubProcess create_model() end ==================================
2026-03-29 16:38:20,522:INFO:Creating metrics dataframe
2026-03-29 16:38:20,523:INFO:Initializing Decision Tree Regressor
2026-03-29 16:38:20,523:INFO:Total runtime is 0.15804654757181802 minutes
2026-03-29 16:38:20,523:INFO:SubProcess create_model() called ==================================
2026-03-29 16:38:20,523:INFO:Initializing create_model()
2026-03-29 16:38:20,523:INFO:create_model(self=<pycaret.regression.oop.RegressionExperiment object at 0x2972ac6d0>, estimator=dt, fold=KFold(n_splits=10, random_state=None, shuffle=False), round=4, cross_validation=True, predict=True, fit_kwargs={}, groups=None, refit=False, probability_threshold=None, experiment_custom_tags=None, verbose=False, system=False, add_to_model_list=True, metrics=None, display=<pycaret.internal.display.display.CommonDisplay object at 0x29e0bbd60>, model_only=True, return_train_score=False, error_score=0.0, kwargs={})
2026-03-29 16:38:20,523:INFO:Checking exceptions
2026-03-29 16:38:20,523:INFO:Importing libraries
2026-03-29 16:38:20,523:INFO:Copying training dataset
2026-03-29 16:38:20,527:INFO:Defining folds
2026-03-29 16:38:20,527:INFO:Declaring metric variables
2026-03-29 16:38:20,527:INFO:Importing untrained model
2026-03-29 16:38:20,527:INFO:Decision Tree Regressor Imported successfully
2026-03-29 16:38:20,527:INFO:Starting cross validation
2026-03-29 16:38:20,530:INFO:Cross validating with KFold(n_splits=10, random_state=None, shuffle=False), n_jobs=-1
2026-03-29 16:38:20,949:INFO:Calculating mean and std
2026-03-29 16:38:20,949:INFO:Creating metrics dataframe
2026-03-29 16:38:20,950:INFO:Uploading results into container
2026-03-29 16:38:20,950:INFO:Uploading model into container now
2026-03-29 16:38:20,950:INFO:_master_model_container: 12
2026-03-29 16:38:20,950:INFO:_display_container: 2
2026-03-29 16:38:20,950:INFO:DecisionTreeRegressor(random_state=123)
2026-03-29 16:38:20,950:INFO:create_model() successfully completed......................................
2026-03-29 16:38:20,987:INFO:SubProcess create_model() end ==================================
2026-03-29 16:38:20,987:INFO:Creating metrics dataframe
2026-03-29 16:38:20,988:INFO:Initializing Random Forest Regressor
2026-03-29 16:38:20,988:INFO:Total runtime is 0.16579959789911905 minutes
2026-03-29 16:38:20,988:INFO:SubProcess create_model() called ==================================
2026-03-29 16:38:20,988:INFO:Initializing create_model()
2026-03-29 16:38:20,988:INFO:create_model(self=<pycaret.regression.oop.RegressionExperiment object at 0x2972ac6d0>, estimator=rf, fold=KFold(n_splits=10, random_state=None, shuffle=False), round=4, cross_validation=True, predict=True, fit_kwargs={}, groups=None, refit=False, probability_threshold=None, experiment_custom_tags=None, verbose=False, system=False, add_to_model_list=True, metrics=None, display=<pycaret.internal.display.display.CommonDisplay object at 0x29e0bbd60>, model_only=True, return_train_score=False, error_score=0.0, kwargs={})
2026-03-29 16:38:20,988:INFO:Checking exceptions
2026-03-29 16:38:20,988:INFO:Importing libraries
2026-03-29 16:38:20,988:INFO:Copying training dataset
2026-03-29 16:38:20,992:INFO:Defining folds
2026-03-29 16:38:20,992:INFO:Declaring metric variables
2026-03-29 16:38:20,992:INFO:Importing untrained model
2026-03-29 16:38:20,992:INFO:Random Forest Regressor Imported successfully
2026-03-29 16:38:20,992:INFO:Starting cross validation
2026-03-29 16:38:20,994:INFO:Cross validating with KFold(n_splits=10, random_state=None, shuffle=False), n_jobs=-1
2026-03-29 16:38:22,703:INFO:Calculating mean and std
2026-03-29 16:38:22,704:INFO:Creating metrics dataframe
2026-03-29 16:38:22,705:INFO:Uploading results into container
2026-03-29 16:38:22,705:INFO:Uploading model into container now
2026-03-29 16:38:22,705:INFO:_master_model_container: 13
2026-03-29 16:38:22,705:INFO:_display_container: 2
2026-03-29 16:38:22,705:INFO:RandomForestRegressor(n_jobs=-1, random_state=123)
2026-03-29 16:38:22,705:INFO:create_model() successfully completed......................................
2026-03-29 16:38:22,743:INFO:SubProcess create_model() end ==================================
2026-03-29 16:38:22,743:INFO:Creating metrics dataframe
2026-03-29 16:38:22,744:INFO:Initializing Extra Trees Regressor
2026-03-29 16:38:22,744:INFO:Total runtime is 0.1950677474339803 minutes
2026-03-29 16:38:22,744:INFO:SubProcess create_model() called ==================================
2026-03-29 16:38:22,744:INFO:Initializing create_model()
2026-03-29 16:38:22,744:INFO:create_model(self=<pycaret.regression.oop.RegressionExperiment object at 0x2972ac6d0>, estimator=et, fold=KFold(n_splits=10, random_state=None, shuffle=False), round=4, cross_validation=True, predict=True, fit_kwargs={}, groups=None, refit=False, probability_threshold=None, experiment_custom_tags=None, verbose=False, system=False, add_to_model_list=True, metrics=None, display=<pycaret.internal.display.display.CommonDisplay object at 0x29e0bbd60>, model_only=True, return_train_score=False, error_score=0.0, kwargs={})
2026-03-29 16:38:22,744:INFO:Checking exceptions
2026-03-29 16:38:22,744:INFO:Importing libraries
2026-03-29 16:38:22,744:INFO:Copying training dataset
2026-03-29 16:38:22,748:INFO:Defining folds
2026-03-29 16:38:22,748:INFO:Declaring metric variables
2026-03-29 16:38:22,748:INFO:Importing untrained model
2026-03-29 16:38:22,748:INFO:Extra Trees Regressor Imported successfully
2026-03-29 16:38:22,748:INFO:Starting cross validation
2026-03-29 16:38:22,751:INFO:Cross validating with KFold(n_splits=10, random_state=None, shuffle=False), n_jobs=-1
2026-03-29 16:38:24,408:INFO:Calculating mean and std
2026-03-29 16:38:24,408:INFO:Creating metrics dataframe
2026-03-29 16:38:24,409:INFO:Uploading results into container
2026-03-29 16:38:24,409:INFO:Uploading model into container now
2026-03-29 16:38:24,409:INFO:_master_model_container: 14
2026-03-29 16:38:24,409:INFO:_display_container: 2
2026-03-29 16:38:24,409:INFO:ExtraTreesRegressor(n_jobs=-1, random_state=123)
2026-03-29 16:38:24,409:INFO:create_model() successfully completed......................................
2026-03-29 16:38:24,447:INFO:SubProcess create_model() end ==================================
2026-03-29 16:38:24,447:INFO:Creating metrics dataframe
2026-03-29 16:38:24,448:INFO:Initializing AdaBoost Regressor
2026-03-29 16:38:24,448:INFO:Total runtime is 0.22346448103586833 minutes
2026-03-29 16:38:24,448:INFO:SubProcess create_model() called ==================================
2026-03-29 16:38:24,448:INFO:Initializing create_model()
2026-03-29 16:38:24,448:INFO:create_model(self=<pycaret.regression.oop.RegressionExperiment object at 0x2972ac6d0>, estimator=ada, fold=KFold(n_splits=10, random_state=None, shuffle=False), round=4, cross_validation=True, predict=True, fit_kwargs={}, groups=None, refit=False, probability_threshold=None, experiment_custom_tags=None, verbose=False, system=False, add_to_model_list=True, metrics=None, display=<pycaret.internal.display.display.CommonDisplay object at 0x29e0bbd60>, model_only=True, return_train_score=False, error_score=0.0, kwargs={})
2026-03-29 16:38:24,448:INFO:Checking exceptions
2026-03-29 16:38:24,448:INFO:Importing libraries
2026-03-29 16:38:24,448:INFO:Copying training dataset
2026-03-29 16:38:24,452:INFO:Defining folds
2026-03-29 16:38:24,452:INFO:Declaring metric variables
2026-03-29 16:38:24,452:INFO:Importing untrained model
2026-03-29 16:38:24,452:INFO:AdaBoost Regressor Imported successfully
2026-03-29 16:38:24,452:INFO:Starting cross validation
2026-03-29 16:38:24,455:INFO:Cross validating with KFold(n_splits=10, random_state=None, shuffle=False), n_jobs=-1
2026-03-29 16:38:25,171:INFO:Calculating mean and std
2026-03-29 16:38:25,171:INFO:Creating metrics dataframe
2026-03-29 16:38:25,172:INFO:Uploading results into container
2026-03-29 16:38:25,172:INFO:Uploading model into container now
2026-03-29 16:38:25,172:INFO:_master_model_container: 15
2026-03-29 16:38:25,172:INFO:_display_container: 2
2026-03-29 16:38:25,172:INFO:AdaBoostRegressor(random_state=123)
2026-03-29 16:38:25,172:INFO:create_model() successfully completed......................................
2026-03-29 16:38:25,209:INFO:SubProcess create_model() end ==================================
2026-03-29 16:38:25,209:INFO:Creating metrics dataframe
2026-03-29 16:38:25,210:INFO:Initializing Gradient Boosting Regressor
2026-03-29 16:38:25,210:INFO:Total runtime is 0.23617493311564128 minutes
2026-03-29 16:38:25,210:INFO:SubProcess create_model() called ==================================
2026-03-29 16:38:25,210:INFO:Initializing create_model()
2026-03-29 16:38:25,210:INFO:create_model(self=<pycaret.regression.oop.RegressionExperiment object at 0x2972ac6d0>, estimator=gbr, fold=KFold(n_splits=10, random_state=None, shuffle=False), round=4, cross_validation=True, predict=True, fit_kwargs={}, groups=None, refit=False, probability_threshold=None, experiment_custom_tags=None, verbose=False, system=False, add_to_model_list=True, metrics=None, display=<pycaret.internal.display.display.CommonDisplay object at 0x29e0bbd60>, model_only=True, return_train_score=False, error_score=0.0, kwargs={})
2026-03-29 16:38:25,210:INFO:Checking exceptions
2026-03-29 16:38:25,210:INFO:Importing libraries
2026-03-29 16:38:25,210:INFO:Copying training dataset
2026-03-29 16:38:25,214:INFO:Defining folds
2026-03-29 16:38:25,214:INFO:Declaring metric variables
2026-03-29 16:38:25,215:INFO:Importing untrained model
2026-03-29 16:38:25,215:INFO:Gradient Boosting Regressor Imported successfully
2026-03-29 16:38:25,215:INFO:Starting cross validation
2026-03-29 16:38:25,217:INFO:Cross validating with KFold(n_splits=10, random_state=None, shuffle=False), n_jobs=-1
2026-03-29 16:38:26,121:INFO:Calculating mean and std
2026-03-29 16:38:26,121:INFO:Creating metrics dataframe
2026-03-29 16:38:26,122:INFO:Uploading results into container
2026-03-29 16:38:26,122:INFO:Uploading model into container now
2026-03-29 16:38:26,122:INFO:_master_model_container: 16
2026-03-29 16:38:26,122:INFO:_display_container: 2
2026-03-29 16:38:26,123:INFO:GradientBoostingRegressor(random_state=123)
2026-03-29 16:38:26,123:INFO:create_model() successfully completed......................................
2026-03-29 16:38:26,159:INFO:SubProcess create_model() end ==================================
2026-03-29 16:38:26,159:INFO:Creating metrics dataframe
2026-03-29 16:38:26,160:INFO:Initializing Light Gradient Boosting Machine
2026-03-29 16:38:26,160:INFO:Total runtime is 0.25200706322987876 minutes
2026-03-29 16:38:26,160:INFO:SubProcess create_model() called ==================================
2026-03-29 16:38:26,160:INFO:Initializing create_model()
2026-03-29 16:38:26,160:INFO:create_model(self=<pycaret.regression.oop.RegressionExperiment object at 0x2972ac6d0>, estimator=lightgbm, fold=KFold(n_splits=10, random_state=None, shuffle=False), round=4, cross_validation=True, predict=True, fit_kwargs={}, groups=None, refit=False, probability_threshold=None, experiment_custom_tags=None, verbose=False, system=False, add_to_model_list=True, metrics=None, display=<pycaret.internal.display.display.CommonDisplay object at 0x29e0bbd60>, model_only=True, return_train_score=False, error_score=0.0, kwargs={})
2026-03-29 16:38:26,160:INFO:Checking exceptions
2026-03-29 16:38:26,160:INFO:Importing libraries
2026-03-29 16:38:26,160:INFO:Copying training dataset
2026-03-29 16:38:26,165:INFO:Defining folds
2026-03-29 16:38:26,165:INFO:Declaring metric variables
2026-03-29 16:38:26,165:INFO:Importing untrained model
2026-03-29 16:38:26,165:INFO:Light Gradient Boosting Machine Imported successfully
2026-03-29 16:38:26,165:INFO:Starting cross validation
2026-03-29 16:38:26,167:INFO:Cross validating with KFold(n_splits=10, random_state=None, shuffle=False), n_jobs=-1
2026-03-29 16:38:30,107:INFO:Calculating mean and std
2026-03-29 16:38:30,108:INFO:Creating metrics dataframe
2026-03-29 16:38:30,108:INFO:Uploading results into container
2026-03-29 16:38:30,109:INFO:Uploading model into container now
2026-03-29 16:38:30,109:INFO:_master_model_container: 17
2026-03-29 16:38:30,109:INFO:_display_container: 2
2026-03-29 16:38:30,109:INFO:LGBMRegressor(n_jobs=-1, random_state=123)
2026-03-29 16:38:30,109:INFO:create_model() successfully completed......................................
2026-03-29 16:38:30,146:INFO:SubProcess create_model() end ==================================
2026-03-29 16:38:30,146:INFO:Creating metrics dataframe
2026-03-29 16:38:30,147:INFO:Initializing Dummy Regressor
2026-03-29 16:38:30,147:INFO:Total runtime is 0.3184563994407654 minutes
2026-03-29 16:38:30,147:INFO:SubProcess create_model() called ==================================
2026-03-29 16:38:30,147:INFO:Initializing create_model()
2026-03-29 16:38:30,147:INFO:create_model(self=<pycaret.regression.oop.RegressionExperiment object at 0x2972ac6d0>, estimator=dummy, fold=KFold(n_splits=10, random_state=None, shuffle=False), round=4, cross_validation=True, predict=True, fit_kwargs={}, groups=None, refit=False, probability_threshold=None, experiment_custom_tags=None, verbose=False, system=False, add_to_model_list=True, metrics=None, display=<pycaret.internal.display.display.CommonDisplay object at 0x29e0bbd60>, model_only=True, return_train_score=False, error_score=0.0, kwargs={})
2026-03-29 16:38:30,147:INFO:Checking exceptions
2026-03-29 16:38:30,147:INFO:Importing libraries
2026-03-29 16:38:30,147:INFO:Copying training dataset
2026-03-29 16:38:30,152:INFO:Defining folds
2026-03-29 16:38:30,152:INFO:Declaring metric variables
2026-03-29 16:38:30,152:INFO:Importing untrained model
2026-03-29 16:38:30,152:INFO:Dummy Regressor Imported successfully
2026-03-29 16:38:30,152:INFO:Starting cross validation
2026-03-29 16:38:30,154:INFO:Cross validating with KFold(n_splits=10, random_state=None, shuffle=False), n_jobs=-1
2026-03-29 16:38:30,585:INFO:Calculating mean and std
2026-03-29 16:38:30,585:INFO:Creating metrics dataframe
2026-03-29 16:38:30,586:INFO:Uploading results into container
2026-03-29 16:38:30,586:INFO:Uploading model into container now
2026-03-29 16:38:30,586:INFO:_master_model_container: 18
2026-03-29 16:38:30,586:INFO:_display_container: 2
2026-03-29 16:38:30,587:INFO:DummyRegressor()
2026-03-29 16:38:30,587:INFO:create_model() successfully completed......................................
2026-03-29 16:38:30,624:INFO:SubProcess create_model() end ==================================
2026-03-29 16:38:30,624:INFO:Creating metrics dataframe
2026-03-29 16:38:30,627:WARNING:/Users/lisanguyen/Documents/MLOps-project/.venv/lib/python3.10/site-packages/pycaret/internal/pycaret_experiment/supervised_experiment.py:323: FutureWarning: Styler.applymap has been deprecated. Use Styler.map instead.
  master_display_.apply(

2026-03-29 16:38:30,628:INFO:Initializing create_model()
2026-03-29 16:38:30,628:INFO:create_model(self=<pycaret.regression.oop.RegressionExperiment object at 0x2972ac6d0>, estimator=GradientBoostingRegressor(random_state=123), fold=KFold(n_splits=10, random_state=None, shuffle=False), round=4, cross_validation=False, predict=False, fit_kwargs={}, groups=None, refit=True, probability_threshold=None, experiment_custom_tags=None, verbose=False, system=False, add_to_model_list=True, metrics=None, display=None, model_only=True, return_train_score=False, error_score=0.0, kwargs={})
2026-03-29 16:38:30,628:INFO:Checking exceptions
2026-03-29 16:38:30,628:INFO:Importing libraries
2026-03-29 16:38:30,628:INFO:Copying training dataset
2026-03-29 16:38:30,632:INFO:Defining folds
2026-03-29 16:38:30,632:INFO:Declaring metric variables
2026-03-29 16:38:30,632:INFO:Importing untrained model
2026-03-29 16:38:30,632:INFO:Declaring custom model
2026-03-29 16:38:30,633:INFO:Gradient Boosting Regressor Imported successfully
2026-03-29 16:38:30,635:INFO:Cross validation set to False
2026-03-29 16:38:30,635:INFO:Fitting Model
2026-03-29 16:38:31,168:INFO:GradientBoostingRegressor(random_state=123)
2026-03-29 16:38:31,169:INFO:create_model() successfully completed......................................
2026-03-29 16:38:31,208:INFO:_master_model_container: 18
2026-03-29 16:38:31,208:INFO:_display_container: 2
2026-03-29 16:38:31,208:INFO:GradientBoostingRegressor(random_state=123)
2026-03-29 16:38:31,208:INFO:compare_models() successfully completed......................................
2026-03-29 16:38:31,225:INFO:Initializing save_model()
2026-03-29 16:38:31,225:INFO:save_model(model=GradientBoostingRegressor(random_state=123), model_name=property_evaluator_v1, prep_pipe_=Pipeline(memory=FastMemory(location=/var/folders/k6/8ngcf3nx77l7c565qr86j25m0000gn/T/joblib),
         steps=[('numerical_imputer',
                 TransformerWrapper(include=['Id', 'MSSubClass', 'LotFrontage',
                                             'LotArea', 'OverallQual',
                                             'OverallCond', 'YearBuilt',
                                             'YearRemodAdd', 'MasVnrArea',
                                             'BsmtFinSF1', 'BsmtFinSF2',
                                             'BsmtUnfSF', 'TotalBsmtSF',
                                             '1stFlrSF', '2ndFlrSF',
                                             'LowQualFinSF', 'G...
                                                                    'Condition2',
                                                                    'BldgType',
                                                                    'HouseStyle',
                                                                    'RoofStyle',
                                                                    'RoofMatl',
                                                                    'Exterior1st',
                                                                    'Exterior2nd',
                                                                    'MasVnrType',
                                                                    'ExterQual',
                                                                    'ExterCond',
                                                                    'Foundation',
                                                                    'BsmtQual',
                                                                    'BsmtCond',
                                                                    'BsmtExposure',
                                                                    'BsmtFinType1',
                                                                    'BsmtFinType2',
                                                                    'Heating',
                                                                    'HeatingQC',
                                                                    'Electrical',
                                                                    'KitchenQual',
                                                                    'Functional',
                                                                    'FireplaceQu',
                                                                    'GarageType', ...],
                                                              handle_missing='return_nan',
                                                              use_cat_names=True)))]), verbose=True, use_case=MLUsecase.REGRESSION, kwargs={})
2026-03-29 16:38:31,225:INFO:Adding model into prep_pipe
2026-03-29 16:38:31,243:INFO:property_evaluator_v1.pkl saved in current working directory
2026-03-29 16:38:31,259:INFO:Pipeline(memory=Memory(location=None),
         steps=[('numerical_imputer',
                 TransformerWrapper(include=['Id', 'MSSubClass', 'LotFrontage',
                                             'LotArea', 'OverallQual',
                                             'OverallCond', 'YearBuilt',
                                             'YearRemodAdd', 'MasVnrArea',
                                             'BsmtFinSF1', 'BsmtFinSF2',
                                             'BsmtUnfSF', 'TotalBsmtSF',
                                             '1stFlrSF', '2ndFlrSF',
                                             'LowQualFinSF', 'GrLivArea',
                                             'BsmtFullBath', 'BsmtHalfBath',
                                             'FullBath', 'Hal...
                                                                    'Exterior1st',
                                                                    'Exterior2nd',
                                                                    'MasVnrType',
                                                                    'ExterQual',
                                                                    'ExterCond',
                                                                    'Foundation',
                                                                    'BsmtQual',
                                                                    'BsmtCond',
                                                                    'BsmtExposure',
                                                                    'BsmtFinType1',
                                                                    'BsmtFinType2',
                                                                    'Heating',
                                                                    'HeatingQC',
                                                                    'Electrical',
                                                                    'KitchenQual',
                                                                    'Functional',
                                                                    'FireplaceQu',
                                                                    'GarageType', ...],
                                                              handle_missing='return_nan',
                                                              use_cat_names=True))),
                ('trained_model', GradientBoostingRegressor(random_state=123))])
2026-03-29 16:38:31,259:INFO:save_model() successfully completed......................................
2026-03-29 16:38:50,745:WARNING:
'cuml' is a soft dependency and not included in the pycaret installation. Please run: `pip install cuml` to install.
2026-03-29 16:38:50,745:WARNING:
'cuml' is a soft dependency and not included in the pycaret installation. Please run: `pip install cuml` to install.
2026-03-29 16:38:50,745:WARNING:
'cuml' is a soft dependency and not included in the pycaret installation. Please run: `pip install cuml` to install.
2026-03-29 16:38:50,745:WARNING:
'cuml' is a soft dependency and not included in the pycaret installation. Please run: `pip install cuml` to install.
2026-03-29 16:38:50,952:INFO:Initializing load_model()
2026-03-29 16:38:50,952:INFO:load_model(model_name=property_evaluator_api, platform=None, authentication=None, verbose=True)
2026-03-29 16:39:28,017:WARNING:
'cuml' is a soft dependency and not included in the pycaret installation. Please run: `pip install cuml` to install.
2026-03-29 16:39:28,017:WARNING:
'cuml' is a soft dependency and not included in the pycaret installation. Please run: `pip install cuml` to install.
2026-03-29 16:39:28,017:WARNING:
'cuml' is a soft dependency and not included in the pycaret installation. Please run: `pip install cuml` to install.
2026-03-29 16:39:28,017:WARNING:
'cuml' is a soft dependency and not included in the pycaret installation. Please run: `pip install cuml` to install.
2026-03-29 16:39:28,182:INFO:Initializing load_model()
2026-03-29 16:39:28,182:INFO:load_model(model_name=property_evaluator_api, platform=None, authentication=None, verbose=True)
2026-03-29 16:42:06,795:WARNING:
'cuml' is a soft dependency and not included in the pycaret installation. Please run: `pip install cuml` to install.
2026-03-29 16:42:06,795:WARNING:
'cuml' is a soft dependency and not included in the pycaret installation. Please run: `pip install cuml` to install.
2026-03-29 16:42:06,795:WARNING:
'cuml' is a soft dependency and not included in the pycaret installation. Please run: `pip install cuml` to install.
2026-03-29 16:42:06,795:WARNING:
'cuml' is a soft dependency and not included in the pycaret installation. Please run: `pip install cuml` to install.
2026-03-29 16:42:07,008:INFO:PyCaret RegressionExperiment
2026-03-29 16:42:07,008:INFO:Logging name: reg-default-name
2026-03-29 16:42:07,008:INFO:ML Usecase: MLUsecase.REGRESSION
2026-03-29 16:42:07,008:INFO:version 3.3.2
2026-03-29 16:42:07,008:INFO:Initializing setup()
2026-03-29 16:42:07,008:INFO:self.USI: 9fc4
2026-03-29 16:42:07,008:INFO:self._variable_keys: {'y', 'seed', 'exp_name_log', 'X', 'pipeline', 'log_plots_param', 'X_train', 'y_train', 'n_jobs_param', 'data', 'fold_shuffle_param', '_available_plots', 'logging_param', 'fold_generator', 'memory', 'target_param', 'gpu_param', 'idx', 'exp_id', '_ml_usecase', 'gpu_n_jobs_param', 'X_test', 'html_param', 'y_test', 'transform_target_param', 'USI', 'fold_groups_param'}
2026-03-29 16:42:07,008:INFO:Checking environment
2026-03-29 16:42:07,008:INFO:python_version: 3.10.6
2026-03-29 16:42:07,008:INFO:python_build: ('v3.10.6:9c7b4bd164', 'Aug  1 2022 17:13:48')
2026-03-29 16:42:07,008:INFO:machine: arm64
2026-03-29 16:42:07,019:INFO:platform: macOS-14.3-arm64-arm-64bit
2026-03-29 16:42:07,020:INFO:Memory: svmem(total=19327352832, available=5203378176, percent=73.1, used=7303135232, free=386269184, active=4839718912, inactive=4667572224, wired=2463416320)
2026-03-29 16:42:07,020:INFO:Physical Core: 11
2026-03-29 16:42:07,020:INFO:Logical Core: 11
2026-03-29 16:42:07,020:INFO:Checking libraries
2026-03-29 16:42:07,020:INFO:System:
2026-03-29 16:42:07,020:INFO:    python: 3.10.6 (v3.10.6:9c7b4bd164, Aug  1 2022, 17:13:48) [Clang 13.0.0 (clang-1300.0.29.30)]
2026-03-29 16:42:07,020:INFO:executable: /Users/lisanguyen/Documents/MLOps-project/.venv/bin/python
2026-03-29 16:42:07,020:INFO:   machine: macOS-14.3-arm64-arm-64bit
2026-03-29 16:42:07,020:INFO:PyCaret required dependencies:
2026-03-29 16:42:07,033:INFO:                 pip: 22.2.1
2026-03-29 16:42:07,033:INFO:          setuptools: 63.2.0
2026-03-29 16:42:07,033:INFO:             pycaret: 3.3.2
2026-03-29 16:42:07,033:INFO:             IPython: 8.38.0
2026-03-29 16:42:07,033:INFO:          ipywidgets: 8.1.8
2026-03-29 16:42:07,033:INFO:                tqdm: 4.67.3
2026-03-29 16:42:07,033:INFO:               numpy: 1.26.4
2026-03-29 16:42:07,033:INFO:              pandas: 2.1.4
2026-03-29 16:42:07,033:INFO:              jinja2: 3.1.6
2026-03-29 16:42:07,033:INFO:               scipy: 1.11.4
2026-03-29 16:42:07,033:INFO:              joblib: 1.3.2
2026-03-29 16:42:07,033:INFO:             sklearn: 1.4.2
2026-03-29 16:42:07,033:INFO:                pyod: 2.0.7
2026-03-29 16:42:07,033:INFO:            imblearn: 0.14.1
2026-03-29 16:42:07,033:INFO:   category_encoders: 2.7.0
2026-03-29 16:42:07,033:INFO:            lightgbm: 4.6.0
2026-03-29 16:42:07,033:INFO:               numba: 0.64.0
2026-03-29 16:42:07,033:INFO:            requests: 2.32.5
2026-03-29 16:42:07,033:INFO:          matplotlib: 3.7.5
2026-03-29 16:42:07,033:INFO:          scikitplot: 0.3.7
2026-03-29 16:42:07,033:INFO:         yellowbrick: 1.5
2026-03-29 16:42:07,033:INFO:              plotly: 6.6.0
2026-03-29 16:42:07,033:INFO:    plotly-resampler: Not installed
2026-03-29 16:42:07,033:INFO:             kaleido: 1.2.0
2026-03-29 16:42:07,033:INFO:           schemdraw: 0.15
2026-03-29 16:42:07,033:INFO:         statsmodels: 0.14.6
2026-03-29 16:42:07,033:INFO:              sktime: 0.26.0
2026-03-29 16:42:07,033:INFO:               tbats: 1.1.3
2026-03-29 16:42:07,033:INFO:            pmdarima: 2.0.4
2026-03-29 16:42:07,033:INFO:              psutil: 7.2.2
2026-03-29 16:42:07,033:INFO:          markupsafe: 3.0.3
2026-03-29 16:42:07,033:INFO:             pickle5: Not installed
2026-03-29 16:42:07,033:INFO:         cloudpickle: 3.1.2
2026-03-29 16:42:07,033:INFO:         deprecation: 2.1.0
2026-03-29 16:42:07,033:INFO:              xxhash: 3.6.0
2026-03-29 16:42:07,033:INFO:           wurlitzer: 3.1.1
2026-03-29 16:42:07,033:INFO:PyCaret optional dependencies:
2026-03-29 16:42:07,134:INFO:                shap: Not installed
2026-03-29 16:42:07,134:INFO:           interpret: Not installed
2026-03-29 16:42:07,134:INFO:                umap: Not installed
2026-03-29 16:42:07,134:INFO:     ydata_profiling: Not installed
2026-03-29 16:42:07,134:INFO:  explainerdashboard: Not installed
2026-03-29 16:42:07,134:INFO:             autoviz: Not installed
2026-03-29 16:42:07,134:INFO:           fairlearn: Not installed
2026-03-29 16:42:07,134:INFO:          deepchecks: Not installed
2026-03-29 16:42:07,134:INFO:             xgboost: Not installed
2026-03-29 16:42:07,134:INFO:            catboost: Not installed
2026-03-29 16:42:07,134:INFO:              kmodes: Not installed
2026-03-29 16:42:07,134:INFO:             mlxtend: Not installed
2026-03-29 16:42:07,134:INFO:       statsforecast: Not installed
2026-03-29 16:42:07,134:INFO:        tune_sklearn: Not installed
2026-03-29 16:42:07,134:INFO:                 ray: Not installed
2026-03-29 16:42:07,134:INFO:            hyperopt: Not installed
2026-03-29 16:42:07,134:INFO:              optuna: Not installed
2026-03-29 16:42:07,134:INFO:               skopt: Not installed
2026-03-29 16:42:07,134:INFO:              mlflow: Not installed
2026-03-29 16:42:07,134:INFO:              gradio: Not installed
2026-03-29 16:42:07,134:INFO:             fastapi: 0.135.1
2026-03-29 16:42:07,134:INFO:             uvicorn: 0.41.0
2026-03-29 16:42:07,134:INFO:              m2cgen: Not installed
2026-03-29 16:42:07,134:INFO:           evidently: Not installed
2026-03-29 16:42:07,134:INFO:               fugue: Not installed
2026-03-29 16:42:07,134:INFO:           streamlit: Not installed
2026-03-29 16:42:07,134:INFO:             prophet: Not installed
2026-03-29 16:42:07,134:INFO:None
2026-03-29 16:42:07,134:INFO:Set up data.
2026-03-29 16:42:07,144:INFO:Set up folding strategy.
2026-03-29 16:42:07,144:INFO:Set up train/test split.
2026-03-29 16:42:07,152:INFO:Set up index.
2026-03-29 16:42:07,152:INFO:Assigning column types.
2026-03-29 16:42:07,155:INFO:Engine successfully changes for model 'lr' to 'sklearn'.
2026-03-29 16:42:07,155:INFO:Engine for model 'lasso' has not been set explicitly, hence returning None.
2026-03-29 16:42:07,156:INFO:Engine for model 'ridge' has not been set explicitly, hence returning None.
2026-03-29 16:42:07,158:INFO:Engine for model 'en' has not been set explicitly, hence returning None.
2026-03-29 16:42:07,178:INFO:Engine for model 'svm' has not been set explicitly, hence returning None.
2026-03-29 16:42:07,193:INFO:Engine for model 'knn' has not been set explicitly, hence returning None.
2026-03-29 16:42:07,193:WARNING:
'xgboost' is a soft dependency and not included in the pycaret installation. Please run: `pip install xgboost` to install.
Alternately, you can install this by running `pip install pycaret[models]`
2026-03-29 16:42:07,193:WARNING:
'catboost' is a soft dependency and not included in the pycaret installation. Please run: `pip install catboost` to install.
Alternately, you can install this by running `pip install pycaret[models]`
2026-03-29 16:42:07,193:INFO:Engine for model 'lasso' has not been set explicitly, hence returning None.
2026-03-29 16:42:07,195:INFO:Engine for model 'ridge' has not been set explicitly, hence returning None.
2026-03-29 16:42:07,196:INFO:Engine for model 'en' has not been set explicitly, hence returning None.
2026-03-29 16:42:07,217:INFO:Engine for model 'svm' has not been set explicitly, hence returning None.
2026-03-29 16:42:07,232:INFO:Engine for model 'knn' has not been set explicitly, hence returning None.
2026-03-29 16:42:07,232:WARNING:
'xgboost' is a soft dependency and not included in the pycaret installation. Please run: `pip install xgboost` to install.
Alternately, you can install this by running `pip install pycaret[models]`
2026-03-29 16:42:07,232:WARNING:
'catboost' is a soft dependency and not included in the pycaret installation. Please run: `pip install catboost` to install.
Alternately, you can install this by running `pip install pycaret[models]`
2026-03-29 16:42:07,232:INFO:Engine successfully changes for model 'lasso' to 'sklearn'.
2026-03-29 16:42:07,234:INFO:Engine for model 'ridge' has not been set explicitly, hence returning None.
2026-03-29 16:42:07,235:INFO:Engine for model 'en' has not been set explicitly, hence returning None.
2026-03-29 16:42:07,257:INFO:Engine for model 'svm' has not been set explicitly, hence returning None.
2026-03-29 16:42:07,272:INFO:Engine for model 'knn' has not been set explicitly, hence returning None.
2026-03-29 16:42:07,272:WARNING:
'xgboost' is a soft dependency and not included in the pycaret installation. Please run: `pip install xgboost` to install.
Alternately, you can install this by running `pip install pycaret[models]`
2026-03-29 16:42:07,272:WARNING:
'catboost' is a soft dependency and not included in the pycaret installation. Please run: `pip install catboost` to install.
Alternately, you can install this by running `pip install pycaret[models]`
2026-03-29 16:42:07,274:INFO:Engine for model 'ridge' has not been set explicitly, hence returning None.
2026-03-29 16:42:07,275:INFO:Engine for model 'en' has not been set explicitly, hence returning None.
2026-03-29 16:42:07,297:INFO:Engine for model 'svm' has not been set explicitly, hence returning None.
2026-03-29 16:42:07,312:INFO:Engine for model 'knn' has not been set explicitly, hence returning None.
2026-03-29 16:42:07,312:WARNING:
'xgboost' is a soft dependency and not included in the pycaret installation. Please run: `pip install xgboost` to install.
Alternately, you can install this by running `pip install pycaret[models]`
2026-03-29 16:42:07,312:WARNING:
'catboost' is a soft dependency and not included in the pycaret installation. Please run: `pip install catboost` to install.
Alternately, you can install this by running `pip install pycaret[models]`
2026-03-29 16:42:07,312:INFO:Engine successfully changes for model 'ridge' to 'sklearn'.
2026-03-29 16:42:07,315:INFO:Engine for model 'en' has not been set explicitly, hence returning None.
2026-03-29 16:42:07,337:INFO:Engine for model 'svm' has not been set explicitly, hence returning None.
2026-03-29 16:42:07,352:INFO:Engine for model 'knn' has not been set explicitly, hence returning None.
2026-03-29 16:42:07,352:WARNING:
'xgboost' is a soft dependency and not included in the pycaret installation. Please run: `pip install xgboost` to install.
Alternately, you can install this by running `pip install pycaret[models]`
2026-03-29 16:42:07,352:WARNING:
'catboost' is a soft dependency and not included in the pycaret installation. Please run: `pip install catboost` to install.
Alternately, you can install this by running `pip install pycaret[models]`
2026-03-29 16:42:07,355:INFO:Engine for model 'en' has not been set explicitly, hence returning None.
2026-03-29 16:42:07,376:INFO:Engine for model 'svm' has not been set explicitly, hence returning None.
2026-03-29 16:42:07,391:INFO:Engine for model 'knn' has not been set explicitly, hence returning None.
2026-03-29 16:42:07,391:WARNING:
'xgboost' is a soft dependency and not included in the pycaret installation. Please run: `pip install xgboost` to install.
Alternately, you can install this by running `pip install pycaret[models]`
2026-03-29 16:42:07,391:WARNING:
'catboost' is a soft dependency and not included in the pycaret installation. Please run: `pip install catboost` to install.
Alternately, you can install this by running `pip install pycaret[models]`
2026-03-29 16:42:07,392:INFO:Engine successfully changes for model 'en' to 'sklearn'.
2026-03-29 16:42:07,416:INFO:Engine for model 'svm' has not been set explicitly, hence returning None.
2026-03-29 16:42:07,431:INFO:Engine for model 'knn' has not been set explicitly, hence returning None.
2026-03-29 16:42:07,431:WARNING:
'xgboost' is a soft dependency and not included in the pycaret installation. Please run: `pip install xgboost` to install.
Alternately, you can install this by running `pip install pycaret[models]`
2026-03-29 16:42:07,431:WARNING:
'catboost' is a soft dependency and not included in the pycaret installation. Please run: `pip install catboost` to install.
Alternately, you can install this by running `pip install pycaret[models]`
2026-03-29 16:42:07,455:INFO:Engine for model 'svm' has not been set explicitly, hence returning None.
2026-03-29 16:42:07,470:INFO:Engine for model 'knn' has not been set explicitly, hence returning None.
2026-03-29 16:42:07,470:WARNING:
'xgboost' is a soft dependency and not included in the pycaret installation. Please run: `pip install xgboost` to install.
Alternately, you can install this by running `pip install pycaret[models]`
2026-03-29 16:42:07,470:WARNING:
'catboost' is a soft dependency and not included in the pycaret installation. Please run: `pip install catboost` to install.
Alternately, you can install this by running `pip install pycaret[models]`
2026-03-29 16:42:07,471:INFO:Engine successfully changes for model 'knn' to 'sklearn'.
2026-03-29 16:42:07,495:INFO:Engine for model 'svm' has not been set explicitly, hence returning None.
2026-03-29 16:42:07,510:WARNING:
'xgboost' is a soft dependency and not included in the pycaret installation. Please run: `pip install xgboost` to install.
Alternately, you can install this by running `pip install pycaret[models]`
2026-03-29 16:42:07,510:WARNING:
'catboost' is a soft dependency and not included in the pycaret installation. Please run: `pip install catboost` to install.
Alternately, you can install this by running `pip install pycaret[models]`
2026-03-29 16:42:07,535:INFO:Engine for model 'svm' has not been set explicitly, hence returning None.
2026-03-29 16:42:07,550:WARNING:
'xgboost' is a soft dependency and not included in the pycaret installation. Please run: `pip install xgboost` to install.
Alternately, you can install this by running `pip install pycaret[models]`
2026-03-29 16:42:07,550:WARNING:
'catboost' is a soft dependency and not included in the pycaret installation. Please run: `pip install catboost` to install.
Alternately, you can install this by running `pip install pycaret[models]`
2026-03-29 16:42:07,551:INFO:Engine successfully changes for model 'svm' to 'sklearn'.
2026-03-29 16:42:07,591:WARNING:
'xgboost' is a soft dependency and not included in the pycaret installation. Please run: `pip install xgboost` to install.
Alternately, you can install this by running `pip install pycaret[models]`
2026-03-29 16:42:07,591:WARNING:
'catboost' is a soft dependency and not included in the pycaret installation. Please run: `pip install catboost` to install.
Alternately, you can install this by running `pip install pycaret[models]`
2026-03-29 16:42:07,631:WARNING:
'xgboost' is a soft dependency and not included in the pycaret installation. Please run: `pip install xgboost` to install.
Alternately, you can install this by running `pip install pycaret[models]`
2026-03-29 16:42:07,631:WARNING:
'catboost' is a soft dependency and not included in the pycaret installation. Please run: `pip install catboost` to install.
Alternately, you can install this by running `pip install pycaret[models]`
2026-03-29 16:42:07,633:INFO:Preparing preprocessing pipeline...
2026-03-29 16:42:07,633:INFO:Set up simple imputation.
2026-03-29 16:42:07,636:INFO:Set up encoding of ordinal features.
2026-03-29 16:42:07,639:INFO:Set up encoding of categorical features.
2026-03-29 16:42:07,791:INFO:Finished creating preprocessing pipeline.
2026-03-29 16:42:07,807:INFO:Pipeline: Pipeline(memory=FastMemory(location=/var/folders/k6/8ngcf3nx77l7c565qr86j25m0000gn/T/joblib),
         steps=[('numerical_imputer',
                 TransformerWrapper(include=['Id', 'MSSubClass', 'LotFrontage',
                                             'LotArea', 'OverallQual',
                                             'OverallCond', 'YearBuilt',
                                             'YearRemodAdd', 'MasVnrArea',
                                             'BsmtFinSF1', 'BsmtFinSF2',
                                             'BsmtUnfSF', 'TotalBsmtSF',
                                             '1stFlrSF', '2ndFlrSF',
                                             'LowQualFinSF', 'G...
                                                                    'Condition2',
                                                                    'BldgType',
                                                                    'HouseStyle',
                                                                    'RoofStyle',
                                                                    'RoofMatl',
                                                                    'Exterior1st',
                                                                    'Exterior2nd',
                                                                    'MasVnrType',
                                                                    'ExterQual',
                                                                    'ExterCond',
                                                                    'Foundation',
                                                                    'BsmtQual',
                                                                    'BsmtCond',
                                                                    'BsmtExposure',
                                                                    'BsmtFinType1',
                                                                    'BsmtFinType2',
                                                                    'Heating',
                                                                    'HeatingQC',
                                                                    'Electrical',
                                                                    'KitchenQual',
                                                                    'Functional',
                                                                    'FireplaceQu',
                                                                    'GarageType', ...],
                                                              handle_missing='return_nan',
                                                              use_cat_names=True)))])
2026-03-29 16:42:07,807:INFO:Creating final display dataframe.
2026-03-29 16:42:08,194:INFO:Setup _display_container:                     Description             Value
0                    Session id               123
1                        Target         SalePrice
2                   Target type        Regression
3           Original data shape        (1460, 81)
4        Transformed data shape       (1460, 279)
5   Transformed train set shape       (1021, 279)
6    Transformed test set shape        (439, 279)
7              Numeric features                37
8          Categorical features                43
9      Rows with missing values            100.0%
10                   Preprocess              True
11              Imputation type            simple
12           Numeric imputation              mean
13       Categorical imputation              mode
14     Maximum one-hot encoding                25
15              Encoding method              None
16               Fold Generator             KFold
17                  Fold Number                10
18                     CPU Jobs                -1
19                      Use GPU             False
20               Log Experiment             False
21              Experiment Name  reg-default-name
22                          USI              9fc4
2026-03-29 16:42:08,235:WARNING:
'xgboost' is a soft dependency and not included in the pycaret installation. Please run: `pip install xgboost` to install.
Alternately, you can install this by running `pip install pycaret[models]`
2026-03-29 16:42:08,235:WARNING:
'catboost' is a soft dependency and not included in the pycaret installation. Please run: `pip install catboost` to install.
Alternately, you can install this by running `pip install pycaret[models]`
2026-03-29 16:42:08,276:WARNING:
'xgboost' is a soft dependency and not included in the pycaret installation. Please run: `pip install xgboost` to install.
Alternately, you can install this by running `pip install pycaret[models]`
2026-03-29 16:42:08,277:WARNING:
'catboost' is a soft dependency and not included in the pycaret installation. Please run: `pip install catboost` to install.
Alternately, you can install this by running `pip install pycaret[models]`
2026-03-29 16:42:08,277:INFO:setup() successfully completed in 1.27s...............
2026-03-29 16:42:08,277:INFO:Initializing compare_models()
2026-03-29 16:42:08,277:INFO:compare_models(self=<pycaret.regression.oop.RegressionExperiment object at 0x29aeac6d0>, include=None, fold=None, round=4, cross_validation=True, sort=RMSE, n_select=1, budget_time=None, turbo=True, errors=ignore, fit_kwargs=None, groups=None, experiment_custom_tags=None, probability_threshold=None, verbose=True, parallel=None, caller_params={'self': <pycaret.regression.oop.RegressionExperiment object at 0x29aeac6d0>, 'include': None, 'exclude': None, 'fold': None, 'round': 4, 'cross_validation': True, 'sort': 'RMSE', 'n_select': 1, 'budget_time': None, 'turbo': True, 'errors': 'ignore', 'fit_kwargs': None, 'groups': None, 'experiment_custom_tags': None, 'engine': None, 'verbose': True, 'parallel': None, '__class__': <class 'pycaret.regression.oop.RegressionExperiment'>}, exclude=None)
2026-03-29 16:42:08,277:INFO:Checking exceptions
2026-03-29 16:42:08,278:INFO:Preparing display monitor
2026-03-29 16:42:08,289:INFO:Initializing Linear Regression
2026-03-29 16:42:08,289:INFO:Total runtime is 2.2172927856445314e-06 minutes
2026-03-29 16:42:08,289:INFO:SubProcess create_model() called ==================================
2026-03-29 16:42:08,289:INFO:Initializing create_model()
2026-03-29 16:42:08,289:INFO:create_model(self=<pycaret.regression.oop.RegressionExperiment object at 0x29aeac6d0>, estimator=lr, fold=KFold(n_splits=10, random_state=None, shuffle=False), round=4, cross_validation=True, predict=True, fit_kwargs={}, groups=None, refit=False, probability_threshold=None, experiment_custom_tags=None, verbose=False, system=False, add_to_model_list=True, metrics=None, display=<pycaret.internal.display.display.CommonDisplay object at 0x2a165ad70>, model_only=True, return_train_score=False, error_score=0.0, kwargs={})
2026-03-29 16:42:08,289:INFO:Checking exceptions
2026-03-29 16:42:08,289:INFO:Importing libraries
2026-03-29 16:42:08,289:INFO:Copying training dataset
2026-03-29 16:42:08,294:INFO:Defining folds
2026-03-29 16:42:08,294:INFO:Declaring metric variables
2026-03-29 16:42:08,294:INFO:Importing untrained model
2026-03-29 16:42:08,294:INFO:Linear Regression Imported successfully
2026-03-29 16:42:08,294:INFO:Starting cross validation
2026-03-29 16:42:08,300:INFO:Cross validating with KFold(n_splits=10, random_state=None, shuffle=False), n_jobs=-1
2026-03-29 16:42:11,003:INFO:Calculating mean and std
2026-03-29 16:42:11,004:INFO:Creating metrics dataframe
2026-03-29 16:42:11,006:INFO:Uploading results into container
2026-03-29 16:42:11,006:INFO:Uploading model into container now
2026-03-29 16:42:11,006:INFO:_master_model_container: 1
2026-03-29 16:42:11,006:INFO:_display_container: 2
2026-03-29 16:42:11,007:INFO:LinearRegression(n_jobs=-1)
2026-03-29 16:42:11,007:INFO:create_model() successfully completed......................................
2026-03-29 16:42:11,053:INFO:SubProcess create_model() end ==================================
2026-03-29 16:42:11,054:INFO:Creating metrics dataframe
2026-03-29 16:42:11,055:INFO:Initializing Lasso Regression
2026-03-29 16:42:11,055:INFO:Total runtime is 0.04609965085983276 minutes
2026-03-29 16:42:11,055:INFO:SubProcess create_model() called ==================================
2026-03-29 16:42:11,055:INFO:Initializing create_model()
2026-03-29 16:42:11,055:INFO:create_model(self=<pycaret.regression.oop.RegressionExperiment object at 0x29aeac6d0>, estimator=lasso, fold=KFold(n_splits=10, random_state=None, shuffle=False), round=4, cross_validation=True, predict=True, fit_kwargs={}, groups=None, refit=False, probability_threshold=None, experiment_custom_tags=None, verbose=False, system=False, add_to_model_list=True, metrics=None, display=<pycaret.internal.display.display.CommonDisplay object at 0x2a165ad70>, model_only=True, return_train_score=False, error_score=0.0, kwargs={})
2026-03-29 16:42:11,055:INFO:Checking exceptions
2026-03-29 16:42:11,055:INFO:Importing libraries
2026-03-29 16:42:11,055:INFO:Copying training dataset
2026-03-29 16:42:11,059:INFO:Defining folds
2026-03-29 16:42:11,059:INFO:Declaring metric variables
2026-03-29 16:42:11,059:INFO:Importing untrained model
2026-03-29 16:42:11,060:INFO:Lasso Regression Imported successfully
2026-03-29 16:42:11,060:INFO:Starting cross validation
2026-03-29 16:42:11,062:INFO:Cross validating with KFold(n_splits=10, random_state=None, shuffle=False), n_jobs=-1
2026-03-29 16:42:11,621:WARNING:/Users/lisanguyen/Documents/MLOps-project/.venv/lib/python3.10/site-packages/sklearn/linear_model/_coordinate_descent.py:678: ConvergenceWarning: Objective did not converge. You might want to increase the number of iterations, check the scale of the features or consider increasing regularisation. Duality gap: 1.540e+11, tolerance: 5.687e+08
  model = cd_fast.enet_coordinate_descent(

2026-03-29 16:42:11,631:WARNING:/Users/lisanguyen/Documents/MLOps-project/.venv/lib/python3.10/site-packages/sklearn/linear_model/_coordinate_descent.py:678: ConvergenceWarning: Objective did not converge. You might want to increase the number of iterations, check the scale of the features or consider increasing regularisation. Duality gap: 1.755e+11, tolerance: 6.007e+08
  model = cd_fast.enet_coordinate_descent(

2026-03-29 16:42:11,635:WARNING:/Users/lisanguyen/Documents/MLOps-project/.venv/lib/python3.10/site-packages/sklearn/linear_model/_coordinate_descent.py:678: ConvergenceWarning: Objective did not converge. You might want to increase the number of iterations, check the scale of the features or consider increasing regularisation. Duality gap: 1.379e+10, tolerance: 5.994e+08
  model = cd_fast.enet_coordinate_descent(

2026-03-29 16:42:11,638:WARNING:/Users/lisanguyen/Documents/MLOps-project/.venv/lib/python3.10/site-packages/sklearn/linear_model/_coordinate_descent.py:678: ConvergenceWarning: Objective did not converge. You might want to increase the number of iterations, check the scale of the features or consider increasing regularisation. Duality gap: 1.754e+11, tolerance: 6.033e+08
  model = cd_fast.enet_coordinate_descent(

2026-03-29 16:42:11,639:WARNING:/Users/lisanguyen/Documents/MLOps-project/.venv/lib/python3.10/site-packages/sklearn/linear_model/_coordinate_descent.py:678: ConvergenceWarning: Objective did not converge. You might want to increase the number of iterations, check the scale of the features or consider increasing regularisation. Duality gap: 1.534e+11, tolerance: 5.954e+08
  model = cd_fast.enet_coordinate_descent(

2026-03-29 16:42:11,640:WARNING:/Users/lisanguyen/Documents/MLOps-project/.venv/lib/python3.10/site-packages/sklearn/linear_model/_coordinate_descent.py:678: ConvergenceWarning: Objective did not converge. You might want to increase the number of iterations, check the scale of the features or consider increasing regularisation. Duality gap: 1.444e+11, tolerance: 6.157e+08
  model = cd_fast.enet_coordinate_descent(

2026-03-29 16:42:11,640:WARNING:/Users/lisanguyen/Documents/MLOps-project/.venv/lib/python3.10/site-packages/sklearn/linear_model/_coordinate_descent.py:678: ConvergenceWarning: Objective did not converge. You might want to increase the number of iterations, check the scale of the features or consider increasing regularisation. Duality gap: 1.800e+11, tolerance: 6.209e+08
  model = cd_fast.enet_coordinate_descent(

2026-03-29 16:42:11,675:WARNING:/Users/lisanguyen/Documents/MLOps-project/.venv/lib/python3.10/site-packages/sklearn/linear_model/_coordinate_descent.py:678: ConvergenceWarning: Objective did not converge. You might want to increase the number of iterations, check the scale of the features or consider increasing regularisation. Duality gap: 1.709e+11, tolerance: 6.209e+08
  model = cd_fast.enet_coordinate_descent(

2026-03-29 16:42:11,707:WARNING:/Users/lisanguyen/Documents/MLOps-project/.venv/lib/python3.10/site-packages/sklearn/linear_model/_coordinate_descent.py:678: ConvergenceWarning: Objective did not converge. You might want to increase the number of iterations, check the scale of the features or consider increasing regularisation. Duality gap: 1.200e+11, tolerance: 6.126e+08
  model = cd_fast.enet_coordinate_descent(

2026-03-29 16:42:12,356:WARNING:/Users/lisanguyen/Documents/MLOps-project/.venv/lib/python3.10/site-packages/sklearn/linear_model/_coordinate_descent.py:678: ConvergenceWarning: Objective did not converge. You might want to increase the number of iterations, check the scale of the features or consider increasing regularisation. Duality gap: 1.227e+11, tolerance: 5.835e+08
  model = cd_fast.enet_coordinate_descent(

2026-03-29 16:42:12,400:INFO:Calculating mean and std
2026-03-29 16:42:12,400:INFO:Creating metrics dataframe
2026-03-29 16:42:12,401:INFO:Uploading results into container
2026-03-29 16:42:12,402:INFO:Uploading model into container now
2026-03-29 16:42:12,402:INFO:_master_model_container: 2
2026-03-29 16:42:12,402:INFO:_display_container: 2
2026-03-29 16:42:12,402:INFO:Lasso(random_state=123)
2026-03-29 16:42:12,402:INFO:create_model() successfully completed......................................
2026-03-29 16:42:12,441:INFO:SubProcess create_model() end ==================================
2026-03-29 16:42:12,441:INFO:Creating metrics dataframe
2026-03-29 16:42:12,442:INFO:Initializing Ridge Regression
2026-03-29 16:42:12,442:INFO:Total runtime is 0.06921914815902709 minutes
2026-03-29 16:42:12,442:INFO:SubProcess create_model() called ==================================
2026-03-29 16:42:12,442:INFO:Initializing create_model()
2026-03-29 16:42:12,442:INFO:create_model(self=<pycaret.regression.oop.RegressionExperiment object at 0x29aeac6d0>, estimator=ridge, fold=KFold(n_splits=10, random_state=None, shuffle=False), round=4, cross_validation=True, predict=True, fit_kwargs={}, groups=None, refit=False, probability_threshold=None, experiment_custom_tags=None, verbose=False, system=False, add_to_model_list=True, metrics=None, display=<pycaret.internal.display.display.CommonDisplay object at 0x2a165ad70>, model_only=True, return_train_score=False, error_score=0.0, kwargs={})
2026-03-29 16:42:12,442:INFO:Checking exceptions
2026-03-29 16:42:12,442:INFO:Importing libraries
2026-03-29 16:42:12,442:INFO:Copying training dataset
2026-03-29 16:42:12,446:INFO:Defining folds
2026-03-29 16:42:12,446:INFO:Declaring metric variables
2026-03-29 16:42:12,446:INFO:Importing untrained model
2026-03-29 16:42:12,447:INFO:Ridge Regression Imported successfully
2026-03-29 16:42:12,447:INFO:Starting cross validation
2026-03-29 16:42:12,449:INFO:Cross validating with KFold(n_splits=10, random_state=None, shuffle=False), n_jobs=-1
2026-03-29 16:42:12,893:INFO:Calculating mean and std
2026-03-29 16:42:12,893:INFO:Creating metrics dataframe
2026-03-29 16:42:12,894:INFO:Uploading results into container
2026-03-29 16:42:12,894:INFO:Uploading model into container now
2026-03-29 16:42:12,894:INFO:_master_model_container: 3
2026-03-29 16:42:12,894:INFO:_display_container: 2
2026-03-29 16:42:12,894:INFO:Ridge(random_state=123)
2026-03-29 16:42:12,894:INFO:create_model() successfully completed......................................
2026-03-29 16:42:12,931:INFO:SubProcess create_model() end ==================================
2026-03-29 16:42:12,931:INFO:Creating metrics dataframe
2026-03-29 16:42:12,932:INFO:Initializing Elastic Net
2026-03-29 16:42:12,932:INFO:Total runtime is 0.07738698323567708 minutes
2026-03-29 16:42:12,932:INFO:SubProcess create_model() called ==================================
2026-03-29 16:42:12,932:INFO:Initializing create_model()
2026-03-29 16:42:12,932:INFO:create_model(self=<pycaret.regression.oop.RegressionExperiment object at 0x29aeac6d0>, estimator=en, fold=KFold(n_splits=10, random_state=None, shuffle=False), round=4, cross_validation=True, predict=True, fit_kwargs={}, groups=None, refit=False, probability_threshold=None, experiment_custom_tags=None, verbose=False, system=False, add_to_model_list=True, metrics=None, display=<pycaret.internal.display.display.CommonDisplay object at 0x2a165ad70>, model_only=True, return_train_score=False, error_score=0.0, kwargs={})
2026-03-29 16:42:12,932:INFO:Checking exceptions
2026-03-29 16:42:12,932:INFO:Importing libraries
2026-03-29 16:42:12,932:INFO:Copying training dataset
2026-03-29 16:42:12,936:INFO:Defining folds
2026-03-29 16:42:12,936:INFO:Declaring metric variables
2026-03-29 16:42:12,936:INFO:Importing untrained model
2026-03-29 16:42:12,936:INFO:Elastic Net Imported successfully
2026-03-29 16:42:12,936:INFO:Starting cross validation
2026-03-29 16:42:12,938:INFO:Cross validating with KFold(n_splits=10, random_state=None, shuffle=False), n_jobs=-1
2026-03-29 16:42:13,481:WARNING:/Users/lisanguyen/Documents/MLOps-project/.venv/lib/python3.10/site-packages/sklearn/linear_model/_coordinate_descent.py:678: ConvergenceWarning: Objective did not converge. You might want to increase the number of iterations, check the scale of the features or consider increasing regularisation. Duality gap: 5.440e+11, tolerance: 5.835e+08
  model = cd_fast.enet_coordinate_descent(

2026-03-29 16:42:13,510:WARNING:/Users/lisanguyen/Documents/MLOps-project/.venv/lib/python3.10/site-packages/sklearn/linear_model/_coordinate_descent.py:678: ConvergenceWarning: Objective did not converge. You might want to increase the number of iterations, check the scale of the features or consider increasing regularisation. Duality gap: 5.957e+11, tolerance: 6.033e+08
  model = cd_fast.enet_coordinate_descent(

2026-03-29 16:42:13,513:WARNING:/Users/lisanguyen/Documents/MLOps-project/.venv/lib/python3.10/site-packages/sklearn/linear_model/_coordinate_descent.py:678: ConvergenceWarning: Objective did not converge. You might want to increase the number of iterations, check the scale of the features or consider increasing regularisation. Duality gap: 6.173e+11, tolerance: 6.157e+08
  model = cd_fast.enet_coordinate_descent(

2026-03-29 16:42:13,523:WARNING:/Users/lisanguyen/Documents/MLOps-project/.venv/lib/python3.10/site-packages/sklearn/linear_model/_coordinate_descent.py:678: ConvergenceWarning: Objective did not converge. You might want to increase the number of iterations, check the scale of the features or consider increasing regularisation. Duality gap: 5.917e+11, tolerance: 5.954e+08
  model = cd_fast.enet_coordinate_descent(

2026-03-29 16:42:13,525:WARNING:/Users/lisanguyen/Documents/MLOps-project/.venv/lib/python3.10/site-packages/sklearn/linear_model/_coordinate_descent.py:678: ConvergenceWarning: Objective did not converge. You might want to increase the number of iterations, check the scale of the features or consider increasing regularisation. Duality gap: 6.239e+11, tolerance: 6.209e+08
  model = cd_fast.enet_coordinate_descent(

2026-03-29 16:42:13,541:WARNING:/Users/lisanguyen/Documents/MLOps-project/.venv/lib/python3.10/site-packages/sklearn/linear_model/_coordinate_descent.py:678: ConvergenceWarning: Objective did not converge. You might want to increase the number of iterations, check the scale of the features or consider increasing regularisation. Duality gap: 6.181e+11, tolerance: 6.126e+08
  model = cd_fast.enet_coordinate_descent(

2026-03-29 16:42:13,547:WARNING:/Users/lisanguyen/Documents/MLOps-project/.venv/lib/python3.10/site-packages/sklearn/linear_model/_coordinate_descent.py:678: ConvergenceWarning: Objective did not converge. You might want to increase the number of iterations, check the scale of the features or consider increasing regularisation. Duality gap: 4.566e+11, tolerance: 6.007e+08
  model = cd_fast.enet_coordinate_descent(

2026-03-29 16:42:13,550:WARNING:/Users/lisanguyen/Documents/MLOps-project/.venv/lib/python3.10/site-packages/sklearn/linear_model/_coordinate_descent.py:678: ConvergenceWarning: Objective did not converge. You might want to increase the number of iterations, check the scale of the features or consider increasing regularisation. Duality gap: 6.204e+11, tolerance: 6.209e+08
  model = cd_fast.enet_coordinate_descent(

2026-03-29 16:42:13,553:WARNING:/Users/lisanguyen/Documents/MLOps-project/.venv/lib/python3.10/site-packages/sklearn/linear_model/_coordinate_descent.py:678: ConvergenceWarning: Objective did not converge. You might want to increase the number of iterations, check the scale of the features or consider increasing regularisation. Duality gap: 5.577e+11, tolerance: 5.687e+08
  model = cd_fast.enet_coordinate_descent(

2026-03-29 16:42:13,573:WARNING:/Users/lisanguyen/Documents/MLOps-project/.venv/lib/python3.10/site-packages/sklearn/linear_model/_coordinate_descent.py:678: ConvergenceWarning: Objective did not converge. You might want to increase the number of iterations, check the scale of the features or consider increasing regularisation. Duality gap: 6.120e+11, tolerance: 5.994e+08
  model = cd_fast.enet_coordinate_descent(

2026-03-29 16:42:13,632:INFO:Calculating mean and std
2026-03-29 16:42:13,632:INFO:Creating metrics dataframe
2026-03-29 16:42:13,633:INFO:Uploading results into container
2026-03-29 16:42:13,633:INFO:Uploading model into container now
2026-03-29 16:42:13,633:INFO:_master_model_container: 4
2026-03-29 16:42:13,633:INFO:_display_container: 2
2026-03-29 16:42:13,633:INFO:ElasticNet(random_state=123)
2026-03-29 16:42:13,633:INFO:create_model() successfully completed......................................
2026-03-29 16:42:13,670:INFO:SubProcess create_model() end ==================================
2026-03-29 16:42:13,670:INFO:Creating metrics dataframe
2026-03-29 16:42:13,671:INFO:Initializing Least Angle Regression
2026-03-29 16:42:13,671:INFO:Total runtime is 0.08969971338907877 minutes
2026-03-29 16:42:13,671:INFO:SubProcess create_model() called ==================================
2026-03-29 16:42:13,671:INFO:Initializing create_model()
2026-03-29 16:42:13,671:INFO:create_model(self=<pycaret.regression.oop.RegressionExperiment object at 0x29aeac6d0>, estimator=lar, fold=KFold(n_splits=10, random_state=None, shuffle=False), round=4, cross_validation=True, predict=True, fit_kwargs={}, groups=None, refit=False, probability_threshold=None, experiment_custom_tags=None, verbose=False, system=False, add_to_model_list=True, metrics=None, display=<pycaret.internal.display.display.CommonDisplay object at 0x2a165ad70>, model_only=True, return_train_score=False, error_score=0.0, kwargs={})
2026-03-29 16:42:13,671:INFO:Checking exceptions
2026-03-29 16:42:13,671:INFO:Importing libraries
2026-03-29 16:42:13,671:INFO:Copying training dataset
2026-03-29 16:42:13,675:INFO:Defining folds
2026-03-29 16:42:13,675:INFO:Declaring metric variables
2026-03-29 16:42:13,675:INFO:Importing untrained model
2026-03-29 16:42:13,675:INFO:Least Angle Regression Imported successfully
2026-03-29 16:42:13,675:INFO:Starting cross validation
2026-03-29 16:42:13,677:INFO:Cross validating with KFold(n_splits=10, random_state=None, shuffle=False), n_jobs=-1
2026-03-29 16:42:13,972:WARNING:/Users/lisanguyen/Documents/MLOps-project/.venv/lib/python3.10/site-packages/sklearn/linear_model/_least_angle.py:688: ConvergenceWarning: Regressors in active set degenerate. Dropping a regressor, after 243 iterations, i.e. alpha=1.635e+03, with an active set of 199 regressors, and the smallest cholesky pivot element being 2.356e-08. Reduce max_iter or increase eps parameters.
  warnings.warn(

2026-03-29 16:42:13,972:WARNING:/Users/lisanguyen/Documents/MLOps-project/.venv/lib/python3.10/site-packages/sklearn/linear_model/_least_angle.py:688: ConvergenceWarning: Regressors in active set degenerate. Dropping a regressor, after 243 iterations, i.e. alpha=1.608e+03, with an active set of 199 regressors, and the smallest cholesky pivot element being 8.625e-08. Reduce max_iter or increase eps parameters.
  warnings.warn(

2026-03-29 16:42:13,973:WARNING:/Users/lisanguyen/Documents/MLOps-project/.venv/lib/python3.10/site-packages/sklearn/linear_model/_least_angle.py:688: ConvergenceWarning: Regressors in active set degenerate. Dropping a regressor, after 213 iterations, i.e. alpha=2.993e+06, with an active set of 162 regressors, and the smallest cholesky pivot element being 1.054e-08. Reduce max_iter or increase eps parameters.
  warnings.warn(

2026-03-29 16:42:13,988:WARNING:/Users/lisanguyen/Documents/MLOps-project/.venv/lib/python3.10/site-packages/sklearn/linear_model/_least_angle.py:688: ConvergenceWarning: Regressors in active set degenerate. Dropping a regressor, after 348 iterations, i.e. alpha=5.551e+04, with an active set of 269 regressors, and the smallest cholesky pivot element being 2.356e-08. Reduce max_iter or increase eps parameters.
  warnings.warn(

2026-03-29 16:42:13,988:WARNING:/Users/lisanguyen/Documents/MLOps-project/.venv/lib/python3.10/site-packages/sklearn/linear_model/_least_angle.py:688: ConvergenceWarning: Regressors in active set degenerate. Dropping a regressor, after 348 iterations, i.e. alpha=2.596e+04, with an active set of 269 regressors, and the smallest cholesky pivot element being 1.490e-08. Reduce max_iter or increase eps parameters.
  warnings.warn(

2026-03-29 16:42:13,988:WARNING:/Users/lisanguyen/Documents/MLOps-project/.venv/lib/python3.10/site-packages/sklearn/linear_model/_least_angle.py:688: ConvergenceWarning: Regressors in active set degenerate. Dropping a regressor, after 98 iterations, i.e. alpha=2.119e+02, with an active set of 85 regressors, and the smallest cholesky pivot element being 2.220e-16. Reduce max_iter or increase eps parameters.
  warnings.warn(

2026-03-29 16:42:13,992:WARNING:/Users/lisanguyen/Documents/MLOps-project/.venv/lib/python3.10/site-packages/sklearn/linear_model/_least_angle.py:688: ConvergenceWarning: Regressors in active set degenerate. Dropping a regressor, after 133 iterations, i.e. alpha=1.151e+02, with an active set of 118 regressors, and the smallest cholesky pivot element being 2.220e-16. Reduce max_iter or increase eps parameters.
  warnings.warn(

2026-03-29 16:42:13,999:WARNING:/Users/lisanguyen/Documents/MLOps-project/.venv/lib/python3.10/site-packages/sklearn/linear_model/_least_angle.py:688: ConvergenceWarning: Regressors in active set degenerate. Dropping a regressor, after 220 iterations, i.e. alpha=3.041e+02, with an active set of 181 regressors, and the smallest cholesky pivot element being 1.054e-08. Reduce max_iter or increase eps parameters.
  warnings.warn(

2026-03-29 16:42:14,005:WARNING:/Users/lisanguyen/Documents/MLOps-project/.venv/lib/python3.10/site-packages/sklearn/linear_model/_least_angle.py:688: ConvergenceWarning: Regressors in active set degenerate. Dropping a regressor, after 266 iterations, i.e. alpha=2.135e+04, with an active set of 207 regressors, and the smallest cholesky pivot element being 2.107e-08. Reduce max_iter or increase eps parameters.
  warnings.warn(

2026-03-29 16:42:14,013:WARNING:/Users/lisanguyen/Documents/MLOps-project/.venv/lib/python3.10/site-packages/sklearn/linear_model/_least_angle.py:688: ConvergenceWarning: Regressors in active set degenerate. Dropping a regressor, after 365 iterations, i.e. alpha=3.394e+08, with an active set of 274 regressors, and the smallest cholesky pivot element being 6.409e-08. Reduce max_iter or increase eps parameters.
  warnings.warn(

2026-03-29 16:42:14,024:WARNING:/Users/lisanguyen/Documents/MLOps-project/.venv/lib/python3.10/site-packages/sklearn/linear_model/_least_angle.py:688: ConvergenceWarning: Regressors in active set degenerate. Dropping a regressor, after 387 iterations, i.e. alpha=5.630e+10, with an active set of 276 regressors, and the smallest cholesky pivot element being 1.054e-08. Reduce max_iter or increase eps parameters.
  warnings.warn(

2026-03-29 16:42:14,044:WARNING:/Users/lisanguyen/Documents/MLOps-project/.venv/lib/python3.10/site-packages/sklearn/linear_model/_least_angle.py:688: ConvergenceWarning: Regressors in active set degenerate. Dropping a regressor, after 411 iterations, i.e. alpha=1.958e+09, with an active set of 277 regressors, and the smallest cholesky pivot element being 2.788e-08. Reduce max_iter or increase eps parameters.
  warnings.warn(

2026-03-29 16:42:14,059:WARNING:/Users/lisanguyen/Documents/MLOps-project/.venv/lib/python3.10/site-packages/sklearn/linear_model/_least_angle.py:688: ConvergenceWarning: Regressors in active set degenerate. Dropping a regressor, after 332 iterations, i.e. alpha=5.748e+03, with an active set of 257 regressors, and the smallest cholesky pivot element being 1.825e-08. Reduce max_iter or increase eps parameters.
  warnings.warn(

2026-03-29 16:42:14,063:WARNING:/Users/lisanguyen/Documents/MLOps-project/.venv/lib/python3.10/site-packages/sklearn/linear_model/_least_angle.py:688: ConvergenceWarning: Regressors in active set degenerate. Dropping a regressor, after 352 iterations, i.e. alpha=3.922e+04, with an active set of 273 regressors, and the smallest cholesky pivot element being 8.752e-08. Reduce max_iter or increase eps parameters.
  warnings.warn(

2026-03-29 16:42:14,063:WARNING:/Users/lisanguyen/Documents/MLOps-project/.venv/lib/python3.10/site-packages/sklearn/linear_model/_least_angle.py:688: ConvergenceWarning: Regressors in active set degenerate. Dropping a regressor, after 352 iterations, i.e. alpha=9.862e+03, with an active set of 273 regressors, and the smallest cholesky pivot element being 8.752e-08. Reduce max_iter or increase eps parameters.
  warnings.warn(

2026-03-29 16:42:14,073:WARNING:/Users/lisanguyen/Documents/MLOps-project/.venv/lib/python3.10/site-packages/sklearn/linear_model/_least_angle.py:688: ConvergenceWarning: Regressors in active set degenerate. Dropping a regressor, after 352 iterations, i.e. alpha=7.493e+06, with an active set of 257 regressors, and the smallest cholesky pivot element being 2.356e-08. Reduce max_iter or increase eps parameters.
  warnings.warn(

2026-03-29 16:42:14,076:WARNING:/Users/lisanguyen/Documents/MLOps-project/.venv/lib/python3.10/site-packages/sklearn/linear_model/_least_angle.py:688: ConvergenceWarning: Regressors in active set degenerate. Dropping a regressor, after 372 iterations, i.e. alpha=1.830e+08, with an active set of 271 regressors, and the smallest cholesky pivot element being 2.356e-08. Reduce max_iter or increase eps parameters.
  warnings.warn(

2026-03-29 16:42:14,133:INFO:Calculating mean and std
2026-03-29 16:42:14,133:INFO:Creating metrics dataframe
2026-03-29 16:42:14,134:INFO:Uploading results into container
2026-03-29 16:42:14,134:INFO:Uploading model into container now
2026-03-29 16:42:14,134:INFO:_master_model_container: 5
2026-03-29 16:42:14,134:INFO:_display_container: 2
2026-03-29 16:42:14,134:INFO:Lars(random_state=123)
2026-03-29 16:42:14,134:INFO:create_model() successfully completed......................................
2026-03-29 16:42:14,170:INFO:SubProcess create_model() end ==================================
2026-03-29 16:42:14,170:INFO:Creating metrics dataframe
2026-03-29 16:42:14,171:INFO:Initializing Lasso Least Angle Regression
2026-03-29 16:42:14,171:INFO:Total runtime is 0.09803918600082397 minutes
2026-03-29 16:42:14,171:INFO:SubProcess create_model() called ==================================
2026-03-29 16:42:14,171:INFO:Initializing create_model()
2026-03-29 16:42:14,171:INFO:create_model(self=<pycaret.regression.oop.RegressionExperiment object at 0x29aeac6d0>, estimator=llar, fold=KFold(n_splits=10, random_state=None, shuffle=False), round=4, cross_validation=True, predict=True, fit_kwargs={}, groups=None, refit=False, probability_threshold=None, experiment_custom_tags=None, verbose=False, system=False, add_to_model_list=True, metrics=None, display=<pycaret.internal.display.display.CommonDisplay object at 0x2a165ad70>, model_only=True, return_train_score=False, error_score=0.0, kwargs={})
2026-03-29 16:42:14,171:INFO:Checking exceptions
2026-03-29 16:42:14,171:INFO:Importing libraries
2026-03-29 16:42:14,171:INFO:Copying training dataset
2026-03-29 16:42:14,175:INFO:Defining folds
2026-03-29 16:42:14,175:INFO:Declaring metric variables
2026-03-29 16:42:14,175:INFO:Importing untrained model
2026-03-29 16:42:14,175:INFO:Lasso Least Angle Regression Imported successfully
2026-03-29 16:42:14,175:INFO:Starting cross validation
2026-03-29 16:42:14,178:INFO:Cross validating with KFold(n_splits=10, random_state=None, shuffle=False), n_jobs=-1
2026-03-29 16:42:14,431:WARNING:/Users/lisanguyen/Documents/MLOps-project/.venv/lib/python3.10/site-packages/sklearn/linear_model/_least_angle.py:718: ConvergenceWarning: Early stopping the lars path, as the residues are small and the current value of alpha is no longer well controlled. 81 iterations, alpha=1.003e+03, previous alpha=3.350e+02, with an active set of 70 regressors.
  warnings.warn(

2026-03-29 16:42:14,454:WARNING:/Users/lisanguyen/Documents/MLOps-project/.venv/lib/python3.10/site-packages/sklearn/linear_model/_least_angle.py:718: ConvergenceWarning: Early stopping the lars path, as the residues are small and the current value of alpha is no longer well controlled. 15 iterations, alpha=1.854e+05, previous alpha=1.811e+05, with an active set of 16 regressors.
  warnings.warn(

2026-03-29 16:42:14,478:WARNING:/Users/lisanguyen/Documents/MLOps-project/.venv/lib/python3.10/site-packages/sklearn/linear_model/_least_angle.py:688: ConvergenceWarning: Regressors in active set degenerate. Dropping a regressor, after 34 iterations, i.e. alpha=2.006e+03, with an active set of 28 regressors, and the smallest cholesky pivot element being 2.220e-16. Reduce max_iter or increase eps parameters.
  warnings.warn(

2026-03-29 16:42:14,478:WARNING:/Users/lisanguyen/Documents/MLOps-project/.venv/lib/python3.10/site-packages/sklearn/linear_model/_least_angle.py:688: ConvergenceWarning: Regressors in active set degenerate. Dropping a regressor, after 35 iterations, i.e. alpha=2.006e+03, with an active set of 29 regressors, and the smallest cholesky pivot element being 2.220e-16. Reduce max_iter or increase eps parameters.
  warnings.warn(

2026-03-29 16:42:14,478:WARNING:/Users/lisanguyen/Documents/MLOps-project/.venv/lib/python3.10/site-packages/sklearn/linear_model/_least_angle.py:718: ConvergenceWarning: Early stopping the lars path, as the residues are small and the current value of alpha is no longer well controlled. 48 iterations, alpha=1.060e+03, previous alpha=9.459e+02, with an active set of 41 regressors.
  warnings.warn(

2026-03-29 16:42:14,493:WARNING:/Users/lisanguyen/Documents/MLOps-project/.venv/lib/python3.10/site-packages/sklearn/linear_model/_least_angle.py:718: ConvergenceWarning: Early stopping the lars path, as the residues are small and the current value of alpha is no longer well controlled. 255 iterations, alpha=2.748e+01, previous alpha=2.747e+01, with an active set of 176 regressors.
  warnings.warn(

2026-03-29 16:42:14,495:WARNING:/Users/lisanguyen/Documents/MLOps-project/.venv/lib/python3.10/site-packages/sklearn/linear_model/_least_angle.py:718: ConvergenceWarning: Early stopping the lars path, as the residues are small and the current value of alpha is no longer well controlled. 101 iterations, alpha=2.329e+02, previous alpha=2.323e+02, with an active set of 84 regressors.
  warnings.warn(

2026-03-29 16:42:14,503:WARNING:/Users/lisanguyen/Documents/MLOps-project/.venv/lib/python3.10/site-packages/sklearn/linear_model/_least_angle.py:688: ConvergenceWarning: Regressors in active set degenerate. Dropping a regressor, after 266 iterations, i.e. alpha=1.767e+01, with an active set of 190 regressors, and the smallest cholesky pivot element being 1.490e-08. Reduce max_iter or increase eps parameters.
  warnings.warn(

2026-03-29 16:42:14,505:WARNING:/Users/lisanguyen/Documents/MLOps-project/.venv/lib/python3.10/site-packages/sklearn/linear_model/_least_angle.py:718: ConvergenceWarning: Early stopping the lars path, as the residues are small and the current value of alpha is no longer well controlled. 164 iterations, alpha=9.262e+01, previous alpha=9.230e+01, with an active set of 125 regressors.
  warnings.warn(

2026-03-29 16:42:14,505:WARNING:/Users/lisanguyen/Documents/MLOps-project/.venv/lib/python3.10/site-packages/sklearn/linear_model/_least_angle.py:688: ConvergenceWarning: Regressors in active set degenerate. Dropping a regressor, after 280 iterations, i.e. alpha=1.198e+01, with an active set of 200 regressors, and the smallest cholesky pivot element being 1.490e-08. Reduce max_iter or increase eps parameters.
  warnings.warn(

2026-03-29 16:42:14,507:WARNING:/Users/lisanguyen/Documents/MLOps-project/.venv/lib/python3.10/site-packages/sklearn/linear_model/_least_angle.py:718: ConvergenceWarning: Early stopping the lars path, as the residues are small and the current value of alpha is no longer well controlled. 285 iterations, alpha=1.083e+01, previous alpha=1.082e+01, with an active set of 204 regressors.
  warnings.warn(

2026-03-29 16:42:14,509:WARNING:/Users/lisanguyen/Documents/MLOps-project/.venv/lib/python3.10/site-packages/sklearn/linear_model/_least_angle.py:718: ConvergenceWarning: Early stopping the lars path, as the residues are small and the current value of alpha is no longer well controlled. 57 iterations, alpha=8.932e+02, previous alpha=8.932e+02, with an active set of 42 regressors.
  warnings.warn(

2026-03-29 16:42:14,523:WARNING:/Users/lisanguyen/Documents/MLOps-project/.venv/lib/python3.10/site-packages/sklearn/linear_model/_least_angle.py:718: ConvergenceWarning: Early stopping the lars path, as the residues are small and the current value of alpha is no longer well controlled. 24 iterations, alpha=1.166e+04, previous alpha=4.283e+03, with an active set of 23 regressors.
  warnings.warn(

2026-03-29 16:42:14,538:WARNING:/Users/lisanguyen/Documents/MLOps-project/.venv/lib/python3.10/site-packages/sklearn/linear_model/_least_angle.py:688: ConvergenceWarning: Regressors in active set degenerate. Dropping a regressor, after 187 iterations, i.e. alpha=3.483e+01, with an active set of 155 regressors, and the smallest cholesky pivot element being 2.220e-16. Reduce max_iter or increase eps parameters.
  warnings.warn(

2026-03-29 16:42:14,538:WARNING:/Users/lisanguyen/Documents/MLOps-project/.venv/lib/python3.10/site-packages/sklearn/linear_model/_least_angle.py:688: ConvergenceWarning: Regressors in active set degenerate. Dropping a regressor, after 188 iterations, i.e. alpha=3.480e+01, with an active set of 156 regressors, and the smallest cholesky pivot element being 2.220e-16. Reduce max_iter or increase eps parameters.
  warnings.warn(

2026-03-29 16:42:14,538:WARNING:/Users/lisanguyen/Documents/MLOps-project/.venv/lib/python3.10/site-packages/sklearn/linear_model/_least_angle.py:688: ConvergenceWarning: Regressors in active set degenerate. Dropping a regressor, after 188 iterations, i.e. alpha=3.480e+01, with an active set of 156 regressors, and the smallest cholesky pivot element being 2.581e-08. Reduce max_iter or increase eps parameters.
  warnings.warn(

2026-03-29 16:42:14,540:WARNING:/Users/lisanguyen/Documents/MLOps-project/.venv/lib/python3.10/site-packages/sklearn/linear_model/_least_angle.py:688: ConvergenceWarning: Regressors in active set degenerate. Dropping a regressor, after 207 iterations, i.e. alpha=2.382e+01, with an active set of 169 regressors, and the smallest cholesky pivot element being 2.788e-08. Reduce max_iter or increase eps parameters.
  warnings.warn(

2026-03-29 16:42:14,540:WARNING:/Users/lisanguyen/Documents/MLOps-project/.venv/lib/python3.10/site-packages/sklearn/linear_model/_least_angle.py:688: ConvergenceWarning: Regressors in active set degenerate. Dropping a regressor, after 207 iterations, i.e. alpha=2.382e+01, with an active set of 169 regressors, and the smallest cholesky pivot element being 2.220e-16. Reduce max_iter or increase eps parameters.
  warnings.warn(

2026-03-29 16:42:14,543:WARNING:/Users/lisanguyen/Documents/MLOps-project/.venv/lib/python3.10/site-packages/sklearn/linear_model/_least_angle.py:718: ConvergenceWarning: Early stopping the lars path, as the residues are small and the current value of alpha is no longer well controlled. 226 iterations, alpha=1.739e+01, previous alpha=1.739e+01, with an active set of 183 regressors.
  warnings.warn(

2026-03-29 16:42:14,596:INFO:Calculating mean and std
2026-03-29 16:42:14,596:INFO:Creating metrics dataframe
2026-03-29 16:42:14,597:INFO:Uploading results into container
2026-03-29 16:42:14,597:INFO:Uploading model into container now
2026-03-29 16:42:14,597:INFO:_master_model_container: 6
2026-03-29 16:42:14,597:INFO:_display_container: 2
2026-03-29 16:42:14,597:INFO:LassoLars(random_state=123)
2026-03-29 16:42:14,597:INFO:create_model() successfully completed......................................
2026-03-29 16:42:14,633:INFO:SubProcess create_model() end ==================================
2026-03-29 16:42:14,633:INFO:Creating metrics dataframe
2026-03-29 16:42:14,634:INFO:Initializing Orthogonal Matching Pursuit
2026-03-29 16:42:14,634:INFO:Total runtime is 0.10576189756393432 minutes
2026-03-29 16:42:14,634:INFO:SubProcess create_model() called ==================================
2026-03-29 16:42:14,634:INFO:Initializing create_model()
2026-03-29 16:42:14,635:INFO:create_model(self=<pycaret.regression.oop.RegressionExperiment object at 0x29aeac6d0>, estimator=omp, fold=KFold(n_splits=10, random_state=None, shuffle=False), round=4, cross_validation=True, predict=True, fit_kwargs={}, groups=None, refit=False, probability_threshold=None, experiment_custom_tags=None, verbose=False, system=False, add_to_model_list=True, metrics=None, display=<pycaret.internal.display.display.CommonDisplay object at 0x2a165ad70>, model_only=True, return_train_score=False, error_score=0.0, kwargs={})
2026-03-29 16:42:14,635:INFO:Checking exceptions
2026-03-29 16:42:14,635:INFO:Importing libraries
2026-03-29 16:42:14,635:INFO:Copying training dataset
2026-03-29 16:42:14,639:INFO:Defining folds
2026-03-29 16:42:14,639:INFO:Declaring metric variables
2026-03-29 16:42:14,639:INFO:Importing untrained model
2026-03-29 16:42:14,639:INFO:Orthogonal Matching Pursuit Imported successfully
2026-03-29 16:42:14,639:INFO:Starting cross validation
2026-03-29 16:42:14,641:INFO:Cross validating with KFold(n_splits=10, random_state=None, shuffle=False), n_jobs=-1
2026-03-29 16:42:15,043:INFO:Calculating mean and std
2026-03-29 16:42:15,043:INFO:Creating metrics dataframe
2026-03-29 16:42:15,044:INFO:Uploading results into container
2026-03-29 16:42:15,044:INFO:Uploading model into container now
2026-03-29 16:42:15,044:INFO:_master_model_container: 7
2026-03-29 16:42:15,044:INFO:_display_container: 2
2026-03-29 16:42:15,044:INFO:OrthogonalMatchingPursuit()
2026-03-29 16:42:15,044:INFO:create_model() successfully completed......................................
2026-03-29 16:42:15,081:INFO:SubProcess create_model() end ==================================
2026-03-29 16:42:15,081:INFO:Creating metrics dataframe
2026-03-29 16:42:15,081:INFO:Initializing Bayesian Ridge
2026-03-29 16:42:15,081:INFO:Total runtime is 0.11321415106455485 minutes
2026-03-29 16:42:15,082:INFO:SubProcess create_model() called ==================================
2026-03-29 16:42:15,082:INFO:Initializing create_model()
2026-03-29 16:42:15,082:INFO:create_model(self=<pycaret.regression.oop.RegressionExperiment object at 0x29aeac6d0>, estimator=br, fold=KFold(n_splits=10, random_state=None, shuffle=False), round=4, cross_validation=True, predict=True, fit_kwargs={}, groups=None, refit=False, probability_threshold=None, experiment_custom_tags=None, verbose=False, system=False, add_to_model_list=True, metrics=None, display=<pycaret.internal.display.display.CommonDisplay object at 0x2a165ad70>, model_only=True, return_train_score=False, error_score=0.0, kwargs={})
2026-03-29 16:42:15,082:INFO:Checking exceptions
2026-03-29 16:42:15,082:INFO:Importing libraries
2026-03-29 16:42:15,082:INFO:Copying training dataset
2026-03-29 16:42:15,086:INFO:Defining folds
2026-03-29 16:42:15,086:INFO:Declaring metric variables
2026-03-29 16:42:15,086:INFO:Importing untrained model
2026-03-29 16:42:15,086:INFO:Bayesian Ridge Imported successfully
2026-03-29 16:42:15,086:INFO:Starting cross validation
2026-03-29 16:42:15,088:INFO:Cross validating with KFold(n_splits=10, random_state=None, shuffle=False), n_jobs=-1
2026-03-29 16:42:15,535:INFO:Calculating mean and std
2026-03-29 16:42:15,536:INFO:Creating metrics dataframe
2026-03-29 16:42:15,536:INFO:Uploading results into container
2026-03-29 16:42:15,537:INFO:Uploading model into container now
2026-03-29 16:42:15,537:INFO:_master_model_container: 8
2026-03-29 16:42:15,537:INFO:_display_container: 2
2026-03-29 16:42:15,537:INFO:BayesianRidge()
2026-03-29 16:42:15,537:INFO:create_model() successfully completed......................................
2026-03-29 16:42:15,573:INFO:SubProcess create_model() end ==================================
2026-03-29 16:42:15,573:INFO:Creating metrics dataframe
2026-03-29 16:42:15,574:INFO:Initializing Passive Aggressive Regressor
2026-03-29 16:42:15,574:INFO:Total runtime is 0.12142370144526163 minutes
2026-03-29 16:42:15,574:INFO:SubProcess create_model() called ==================================
2026-03-29 16:42:15,574:INFO:Initializing create_model()
2026-03-29 16:42:15,574:INFO:create_model(self=<pycaret.regression.oop.RegressionExperiment object at 0x29aeac6d0>, estimator=par, fold=KFold(n_splits=10, random_state=None, shuffle=False), round=4, cross_validation=True, predict=True, fit_kwargs={}, groups=None, refit=False, probability_threshold=None, experiment_custom_tags=None, verbose=False, system=False, add_to_model_list=True, metrics=None, display=<pycaret.internal.display.display.CommonDisplay object at 0x2a165ad70>, model_only=True, return_train_score=False, error_score=0.0, kwargs={})
2026-03-29 16:42:15,574:INFO:Checking exceptions
2026-03-29 16:42:15,574:INFO:Importing libraries
2026-03-29 16:42:15,574:INFO:Copying training dataset
2026-03-29 16:42:15,578:INFO:Defining folds
2026-03-29 16:42:15,578:INFO:Declaring metric variables
2026-03-29 16:42:15,578:INFO:Importing untrained model
2026-03-29 16:42:15,578:INFO:Passive Aggressive Regressor Imported successfully
2026-03-29 16:42:15,578:INFO:Starting cross validation
2026-03-29 16:42:15,581:INFO:Cross validating with KFold(n_splits=10, random_state=None, shuffle=False), n_jobs=-1
2026-03-29 16:42:16,014:INFO:Calculating mean and std
2026-03-29 16:42:16,014:INFO:Creating metrics dataframe
2026-03-29 16:42:16,015:INFO:Uploading results into container
2026-03-29 16:42:16,015:INFO:Uploading model into container now
2026-03-29 16:42:16,016:INFO:_master_model_container: 9
2026-03-29 16:42:16,016:INFO:_display_container: 2
2026-03-29 16:42:16,016:INFO:PassiveAggressiveRegressor(random_state=123)
2026-03-29 16:42:16,016:INFO:create_model() successfully completed......................................
2026-03-29 16:42:16,052:INFO:SubProcess create_model() end ==================================
2026-03-29 16:42:16,052:INFO:Creating metrics dataframe
2026-03-29 16:42:16,053:INFO:Initializing Huber Regressor
2026-03-29 16:42:16,053:INFO:Total runtime is 0.12940061887105306 minutes
2026-03-29 16:42:16,053:INFO:SubProcess create_model() called ==================================
2026-03-29 16:42:16,053:INFO:Initializing create_model()
2026-03-29 16:42:16,053:INFO:create_model(self=<pycaret.regression.oop.RegressionExperiment object at 0x29aeac6d0>, estimator=huber, fold=KFold(n_splits=10, random_state=None, shuffle=False), round=4, cross_validation=True, predict=True, fit_kwargs={}, groups=None, refit=False, probability_threshold=None, experiment_custom_tags=None, verbose=False, system=False, add_to_model_list=True, metrics=None, display=<pycaret.internal.display.display.CommonDisplay object at 0x2a165ad70>, model_only=True, return_train_score=False, error_score=0.0, kwargs={})
2026-03-29 16:42:16,053:INFO:Checking exceptions
2026-03-29 16:42:16,053:INFO:Importing libraries
2026-03-29 16:42:16,053:INFO:Copying training dataset
2026-03-29 16:42:16,057:INFO:Defining folds
2026-03-29 16:42:16,057:INFO:Declaring metric variables
2026-03-29 16:42:16,057:INFO:Importing untrained model
2026-03-29 16:42:16,057:INFO:Huber Regressor Imported successfully
2026-03-29 16:42:16,057:INFO:Starting cross validation
2026-03-29 16:42:16,060:INFO:Cross validating with KFold(n_splits=10, random_state=None, shuffle=False), n_jobs=-1
2026-03-29 16:42:16,425:WARNING:/Users/lisanguyen/Documents/MLOps-project/.venv/lib/python3.10/site-packages/sklearn/linear_model/_huber.py:342: ConvergenceWarning: lbfgs failed to converge (status=1):
STOP: TOTAL NO. of ITERATIONS REACHED LIMIT.

Increase the number of iterations (max_iter) or scale the data as shown in:
    https://scikit-learn.org/stable/modules/preprocessing.html
  self.n_iter_ = _check_optimize_result("lbfgs", opt_res, self.max_iter)

2026-03-29 16:42:16,425:WARNING:/Users/lisanguyen/Documents/MLOps-project/.venv/lib/python3.10/site-packages/sklearn/linear_model/_huber.py:342: ConvergenceWarning: lbfgs failed to converge (status=1):
STOP: TOTAL NO. of ITERATIONS REACHED LIMIT.

Increase the number of iterations (max_iter) or scale the data as shown in:
    https://scikit-learn.org/stable/modules/preprocessing.html
  self.n_iter_ = _check_optimize_result("lbfgs", opt_res, self.max_iter)

2026-03-29 16:42:16,442:WARNING:/Users/lisanguyen/Documents/MLOps-project/.venv/lib/python3.10/site-packages/sklearn/linear_model/_huber.py:342: ConvergenceWarning: lbfgs failed to converge (status=1):
STOP: TOTAL NO. of ITERATIONS REACHED LIMIT.

Increase the number of iterations (max_iter) or scale the data as shown in:
    https://scikit-learn.org/stable/modules/preprocessing.html
  self.n_iter_ = _check_optimize_result("lbfgs", opt_res, self.max_iter)

2026-03-29 16:42:16,453:WARNING:/Users/lisanguyen/Documents/MLOps-project/.venv/lib/python3.10/site-packages/sklearn/linear_model/_huber.py:342: ConvergenceWarning: lbfgs failed to converge (status=1):
STOP: TOTAL NO. of ITERATIONS REACHED LIMIT.

Increase the number of iterations (max_iter) or scale the data as shown in:
    https://scikit-learn.org/stable/modules/preprocessing.html
  self.n_iter_ = _check_optimize_result("lbfgs", opt_res, self.max_iter)

2026-03-29 16:42:16,454:WARNING:/Users/lisanguyen/Documents/MLOps-project/.venv/lib/python3.10/site-packages/sklearn/linear_model/_huber.py:342: ConvergenceWarning: lbfgs failed to converge (status=1):
STOP: TOTAL NO. of ITERATIONS REACHED LIMIT.

Increase the number of iterations (max_iter) or scale the data as shown in:
    https://scikit-learn.org/stable/modules/preprocessing.html
  self.n_iter_ = _check_optimize_result("lbfgs", opt_res, self.max_iter)

2026-03-29 16:42:16,475:WARNING:/Users/lisanguyen/Documents/MLOps-project/.venv/lib/python3.10/site-packages/sklearn/linear_model/_huber.py:342: ConvergenceWarning: lbfgs failed to converge (status=1):
STOP: TOTAL NO. of ITERATIONS REACHED LIMIT.

Increase the number of iterations (max_iter) or scale the data as shown in:
    https://scikit-learn.org/stable/modules/preprocessing.html
  self.n_iter_ = _check_optimize_result("lbfgs", opt_res, self.max_iter)

2026-03-29 16:42:16,482:WARNING:/Users/lisanguyen/Documents/MLOps-project/.venv/lib/python3.10/site-packages/sklearn/linear_model/_huber.py:342: ConvergenceWarning: lbfgs failed to converge (status=1):
STOP: TOTAL NO. of ITERATIONS REACHED LIMIT.

Increase the number of iterations (max_iter) or scale the data as shown in:
    https://scikit-learn.org/stable/modules/preprocessing.html
  self.n_iter_ = _check_optimize_result("lbfgs", opt_res, self.max_iter)

2026-03-29 16:42:16,491:WARNING:/Users/lisanguyen/Documents/MLOps-project/.venv/lib/python3.10/site-packages/sklearn/linear_model/_huber.py:342: ConvergenceWarning: lbfgs failed to converge (status=1):
STOP: TOTAL NO. of ITERATIONS REACHED LIMIT.

Increase the number of iterations (max_iter) or scale the data as shown in:
    https://scikit-learn.org/stable/modules/preprocessing.html
  self.n_iter_ = _check_optimize_result("lbfgs", opt_res, self.max_iter)

2026-03-29 16:42:16,493:WARNING:/Users/lisanguyen/Documents/MLOps-project/.venv/lib/python3.10/site-packages/sklearn/linear_model/_huber.py:342: ConvergenceWarning: lbfgs failed to converge (status=1):
STOP: TOTAL NO. of ITERATIONS REACHED LIMIT.

Increase the number of iterations (max_iter) or scale the data as shown in:
    https://scikit-learn.org/stable/modules/preprocessing.html
  self.n_iter_ = _check_optimize_result("lbfgs", opt_res, self.max_iter)

2026-03-29 16:42:16,524:WARNING:/Users/lisanguyen/Documents/MLOps-project/.venv/lib/python3.10/site-packages/sklearn/linear_model/_huber.py:342: ConvergenceWarning: lbfgs failed to converge (status=1):
STOP: TOTAL NO. of ITERATIONS REACHED LIMIT.

Increase the number of iterations (max_iter) or scale the data as shown in:
    https://scikit-learn.org/stable/modules/preprocessing.html
  self.n_iter_ = _check_optimize_result("lbfgs", opt_res, self.max_iter)

2026-03-29 16:42:16,590:INFO:Calculating mean and std
2026-03-29 16:42:16,590:INFO:Creating metrics dataframe
2026-03-29 16:42:16,591:INFO:Uploading results into container
2026-03-29 16:42:16,591:INFO:Uploading model into container now
2026-03-29 16:42:16,591:INFO:_master_model_container: 10
2026-03-29 16:42:16,591:INFO:_display_container: 2
2026-03-29 16:42:16,592:INFO:HuberRegressor()
2026-03-29 16:42:16,592:INFO:create_model() successfully completed......................................
2026-03-29 16:42:16,628:INFO:SubProcess create_model() end ==================================
2026-03-29 16:42:16,628:INFO:Creating metrics dataframe
2026-03-29 16:42:16,629:INFO:Initializing K Neighbors Regressor
2026-03-29 16:42:16,629:INFO:Total runtime is 0.1390123685201009 minutes
2026-03-29 16:42:16,629:INFO:SubProcess create_model() called ==================================
2026-03-29 16:42:16,630:INFO:Initializing create_model()
2026-03-29 16:42:16,630:INFO:create_model(self=<pycaret.regression.oop.RegressionExperiment object at 0x29aeac6d0>, estimator=knn, fold=KFold(n_splits=10, random_state=None, shuffle=False), round=4, cross_validation=True, predict=True, fit_kwargs={}, groups=None, refit=False, probability_threshold=None, experiment_custom_tags=None, verbose=False, system=False, add_to_model_list=True, metrics=None, display=<pycaret.internal.display.display.CommonDisplay object at 0x2a165ad70>, model_only=True, return_train_score=False, error_score=0.0, kwargs={})
2026-03-29 16:42:16,630:INFO:Checking exceptions
2026-03-29 16:42:16,630:INFO:Importing libraries
2026-03-29 16:42:16,630:INFO:Copying training dataset
2026-03-29 16:42:16,634:INFO:Defining folds
2026-03-29 16:42:16,634:INFO:Declaring metric variables
2026-03-29 16:42:16,634:INFO:Importing untrained model
2026-03-29 16:42:16,634:INFO:K Neighbors Regressor Imported successfully
2026-03-29 16:42:16,634:INFO:Starting cross validation
2026-03-29 16:42:16,636:INFO:Cross validating with KFold(n_splits=10, random_state=None, shuffle=False), n_jobs=-1
2026-03-29 16:42:17,049:INFO:Calculating mean and std
2026-03-29 16:42:17,049:INFO:Creating metrics dataframe
2026-03-29 16:42:17,050:INFO:Uploading results into container
2026-03-29 16:42:17,050:INFO:Uploading model into container now
2026-03-29 16:42:17,050:INFO:_master_model_container: 11
2026-03-29 16:42:17,050:INFO:_display_container: 2
2026-03-29 16:42:17,050:INFO:KNeighborsRegressor(n_jobs=-1)
2026-03-29 16:42:17,050:INFO:create_model() successfully completed......................................
2026-03-29 16:42:17,087:INFO:SubProcess create_model() end ==================================
2026-03-29 16:42:17,087:INFO:Creating metrics dataframe
2026-03-29 16:42:17,088:INFO:Initializing Decision Tree Regressor
2026-03-29 16:42:17,088:INFO:Total runtime is 0.1466626008351644 minutes
2026-03-29 16:42:17,088:INFO:SubProcess create_model() called ==================================
2026-03-29 16:42:17,089:INFO:Initializing create_model()
2026-03-29 16:42:17,089:INFO:create_model(self=<pycaret.regression.oop.RegressionExperiment object at 0x29aeac6d0>, estimator=dt, fold=KFold(n_splits=10, random_state=None, shuffle=False), round=4, cross_validation=True, predict=True, fit_kwargs={}, groups=None, refit=False, probability_threshold=None, experiment_custom_tags=None, verbose=False, system=False, add_to_model_list=True, metrics=None, display=<pycaret.internal.display.display.CommonDisplay object at 0x2a165ad70>, model_only=True, return_train_score=False, error_score=0.0, kwargs={})
2026-03-29 16:42:17,089:INFO:Checking exceptions
2026-03-29 16:42:17,089:INFO:Importing libraries
2026-03-29 16:42:17,089:INFO:Copying training dataset
2026-03-29 16:42:17,093:INFO:Defining folds
2026-03-29 16:42:17,093:INFO:Declaring metric variables
2026-03-29 16:42:17,093:INFO:Importing untrained model
2026-03-29 16:42:17,093:INFO:Decision Tree Regressor Imported successfully
2026-03-29 16:42:17,093:INFO:Starting cross validation
2026-03-29 16:42:17,095:INFO:Cross validating with KFold(n_splits=10, random_state=None, shuffle=False), n_jobs=-1
2026-03-29 16:42:17,517:INFO:Calculating mean and std
2026-03-29 16:42:17,517:INFO:Creating metrics dataframe
2026-03-29 16:42:17,518:INFO:Uploading results into container
2026-03-29 16:42:17,518:INFO:Uploading model into container now
2026-03-29 16:42:17,518:INFO:_master_model_container: 12
2026-03-29 16:42:17,518:INFO:_display_container: 2
2026-03-29 16:42:17,518:INFO:DecisionTreeRegressor(random_state=123)
2026-03-29 16:42:17,518:INFO:create_model() successfully completed......................................
2026-03-29 16:42:17,554:INFO:SubProcess create_model() end ==================================
2026-03-29 16:42:17,554:INFO:Creating metrics dataframe
2026-03-29 16:42:17,555:INFO:Initializing Random Forest Regressor
2026-03-29 16:42:17,555:INFO:Total runtime is 0.15444674889246623 minutes
2026-03-29 16:42:17,555:INFO:SubProcess create_model() called ==================================
2026-03-29 16:42:17,556:INFO:Initializing create_model()
2026-03-29 16:42:17,556:INFO:create_model(self=<pycaret.regression.oop.RegressionExperiment object at 0x29aeac6d0>, estimator=rf, fold=KFold(n_splits=10, random_state=None, shuffle=False), round=4, cross_validation=True, predict=True, fit_kwargs={}, groups=None, refit=False, probability_threshold=None, experiment_custom_tags=None, verbose=False, system=False, add_to_model_list=True, metrics=None, display=<pycaret.internal.display.display.CommonDisplay object at 0x2a165ad70>, model_only=True, return_train_score=False, error_score=0.0, kwargs={})
2026-03-29 16:42:17,556:INFO:Checking exceptions
2026-03-29 16:42:17,556:INFO:Importing libraries
2026-03-29 16:42:17,556:INFO:Copying training dataset
2026-03-29 16:42:17,560:INFO:Defining folds
2026-03-29 16:42:17,560:INFO:Declaring metric variables
2026-03-29 16:42:17,560:INFO:Importing untrained model
2026-03-29 16:42:17,560:INFO:Random Forest Regressor Imported successfully
2026-03-29 16:42:17,560:INFO:Starting cross validation
2026-03-29 16:42:17,562:INFO:Cross validating with KFold(n_splits=10, random_state=None, shuffle=False), n_jobs=-1
2026-03-29 16:42:19,231:INFO:Calculating mean and std
2026-03-29 16:42:19,231:INFO:Creating metrics dataframe
2026-03-29 16:42:19,232:INFO:Uploading results into container
2026-03-29 16:42:19,232:INFO:Uploading model into container now
2026-03-29 16:42:19,232:INFO:_master_model_container: 13
2026-03-29 16:42:19,232:INFO:_display_container: 2
2026-03-29 16:42:19,233:INFO:RandomForestRegressor(n_jobs=-1, random_state=123)
2026-03-29 16:42:19,233:INFO:create_model() successfully completed......................................
2026-03-29 16:42:19,270:INFO:SubProcess create_model() end ==================================
2026-03-29 16:42:19,270:INFO:Creating metrics dataframe
2026-03-29 16:42:19,271:INFO:Initializing Extra Trees Regressor
2026-03-29 16:42:19,271:INFO:Total runtime is 0.18304388125737509 minutes
2026-03-29 16:42:19,271:INFO:SubProcess create_model() called ==================================
2026-03-29 16:42:19,271:INFO:Initializing create_model()
2026-03-29 16:42:19,271:INFO:create_model(self=<pycaret.regression.oop.RegressionExperiment object at 0x29aeac6d0>, estimator=et, fold=KFold(n_splits=10, random_state=None, shuffle=False), round=4, cross_validation=True, predict=True, fit_kwargs={}, groups=None, refit=False, probability_threshold=None, experiment_custom_tags=None, verbose=False, system=False, add_to_model_list=True, metrics=None, display=<pycaret.internal.display.display.CommonDisplay object at 0x2a165ad70>, model_only=True, return_train_score=False, error_score=0.0, kwargs={})
2026-03-29 16:42:19,271:INFO:Checking exceptions
2026-03-29 16:42:19,271:INFO:Importing libraries
2026-03-29 16:42:19,271:INFO:Copying training dataset
2026-03-29 16:42:19,275:INFO:Defining folds
2026-03-29 16:42:19,275:INFO:Declaring metric variables
2026-03-29 16:42:19,276:INFO:Importing untrained model
2026-03-29 16:42:19,276:INFO:Extra Trees Regressor Imported successfully
2026-03-29 16:42:19,276:INFO:Starting cross validation
2026-03-29 16:42:19,278:INFO:Cross validating with KFold(n_splits=10, random_state=None, shuffle=False), n_jobs=-1
2026-03-29 16:42:20,920:INFO:Calculating mean and std
2026-03-29 16:42:20,920:INFO:Creating metrics dataframe
2026-03-29 16:42:20,921:INFO:Uploading results into container
2026-03-29 16:42:20,921:INFO:Uploading model into container now
2026-03-29 16:42:20,922:INFO:_master_model_container: 14
2026-03-29 16:42:20,922:INFO:_display_container: 2
2026-03-29 16:42:20,922:INFO:ExtraTreesRegressor(n_jobs=-1, random_state=123)
2026-03-29 16:42:20,922:INFO:create_model() successfully completed......................................
2026-03-29 16:42:20,960:INFO:SubProcess create_model() end ==================================
2026-03-29 16:42:20,960:INFO:Creating metrics dataframe
2026-03-29 16:42:20,961:INFO:Initializing AdaBoost Regressor
2026-03-29 16:42:20,961:INFO:Total runtime is 0.21120453278223675 minutes
2026-03-29 16:42:20,961:INFO:SubProcess create_model() called ==================================
2026-03-29 16:42:20,961:INFO:Initializing create_model()
2026-03-29 16:42:20,961:INFO:create_model(self=<pycaret.regression.oop.RegressionExperiment object at 0x29aeac6d0>, estimator=ada, fold=KFold(n_splits=10, random_state=None, shuffle=False), round=4, cross_validation=True, predict=True, fit_kwargs={}, groups=None, refit=False, probability_threshold=None, experiment_custom_tags=None, verbose=False, system=False, add_to_model_list=True, metrics=None, display=<pycaret.internal.display.display.CommonDisplay object at 0x2a165ad70>, model_only=True, return_train_score=False, error_score=0.0, kwargs={})
2026-03-29 16:42:20,961:INFO:Checking exceptions
2026-03-29 16:42:20,961:INFO:Importing libraries
2026-03-29 16:42:20,961:INFO:Copying training dataset
2026-03-29 16:42:20,965:INFO:Defining folds
2026-03-29 16:42:20,965:INFO:Declaring metric variables
2026-03-29 16:42:20,966:INFO:Importing untrained model
2026-03-29 16:42:20,966:INFO:AdaBoost Regressor Imported successfully
2026-03-29 16:42:20,966:INFO:Starting cross validation
2026-03-29 16:42:20,968:INFO:Cross validating with KFold(n_splits=10, random_state=None, shuffle=False), n_jobs=-1
2026-03-29 16:42:21,659:INFO:Calculating mean and std
2026-03-29 16:42:21,659:INFO:Creating metrics dataframe
2026-03-29 16:42:21,660:INFO:Uploading results into container
2026-03-29 16:42:21,660:INFO:Uploading model into container now
2026-03-29 16:42:21,660:INFO:_master_model_container: 15
2026-03-29 16:42:21,660:INFO:_display_container: 2
2026-03-29 16:42:21,660:INFO:AdaBoostRegressor(random_state=123)
2026-03-29 16:42:21,660:INFO:create_model() successfully completed......................................
2026-03-29 16:42:21,697:INFO:SubProcess create_model() end ==================================
2026-03-29 16:42:21,697:INFO:Creating metrics dataframe
2026-03-29 16:42:21,698:INFO:Initializing Gradient Boosting Regressor
2026-03-29 16:42:21,698:INFO:Total runtime is 0.22349238395690918 minutes
2026-03-29 16:42:21,698:INFO:SubProcess create_model() called ==================================
2026-03-29 16:42:21,698:INFO:Initializing create_model()
2026-03-29 16:42:21,698:INFO:create_model(self=<pycaret.regression.oop.RegressionExperiment object at 0x29aeac6d0>, estimator=gbr, fold=KFold(n_splits=10, random_state=None, shuffle=False), round=4, cross_validation=True, predict=True, fit_kwargs={}, groups=None, refit=False, probability_threshold=None, experiment_custom_tags=None, verbose=False, system=False, add_to_model_list=True, metrics=None, display=<pycaret.internal.display.display.CommonDisplay object at 0x2a165ad70>, model_only=True, return_train_score=False, error_score=0.0, kwargs={})
2026-03-29 16:42:21,698:INFO:Checking exceptions
2026-03-29 16:42:21,698:INFO:Importing libraries
2026-03-29 16:42:21,698:INFO:Copying training dataset
2026-03-29 16:42:21,703:INFO:Defining folds
2026-03-29 16:42:21,703:INFO:Declaring metric variables
2026-03-29 16:42:21,703:INFO:Importing untrained model
2026-03-29 16:42:21,703:INFO:Gradient Boosting Regressor Imported successfully
2026-03-29 16:42:21,703:INFO:Starting cross validation
2026-03-29 16:42:21,705:INFO:Cross validating with KFold(n_splits=10, random_state=None, shuffle=False), n_jobs=-1
2026-03-29 16:42:22,582:INFO:Calculating mean and std
2026-03-29 16:42:22,583:INFO:Creating metrics dataframe
2026-03-29 16:42:22,584:INFO:Uploading results into container
2026-03-29 16:42:22,584:INFO:Uploading model into container now
2026-03-29 16:42:22,584:INFO:_master_model_container: 16
2026-03-29 16:42:22,584:INFO:_display_container: 2
2026-03-29 16:42:22,585:INFO:GradientBoostingRegressor(random_state=123)
2026-03-29 16:42:22,585:INFO:create_model() successfully completed......................................
2026-03-29 16:42:22,622:INFO:SubProcess create_model() end ==================================
2026-03-29 16:42:22,622:INFO:Creating metrics dataframe
2026-03-29 16:42:22,623:INFO:Initializing Light Gradient Boosting Machine
2026-03-29 16:42:22,623:INFO:Total runtime is 0.23889909982681273 minutes
2026-03-29 16:42:22,623:INFO:SubProcess create_model() called ==================================
2026-03-29 16:42:22,623:INFO:Initializing create_model()
2026-03-29 16:42:22,623:INFO:create_model(self=<pycaret.regression.oop.RegressionExperiment object at 0x29aeac6d0>, estimator=lightgbm, fold=KFold(n_splits=10, random_state=None, shuffle=False), round=4, cross_validation=True, predict=True, fit_kwargs={}, groups=None, refit=False, probability_threshold=None, experiment_custom_tags=None, verbose=False, system=False, add_to_model_list=True, metrics=None, display=<pycaret.internal.display.display.CommonDisplay object at 0x2a165ad70>, model_only=True, return_train_score=False, error_score=0.0, kwargs={})
2026-03-29 16:42:22,623:INFO:Checking exceptions
2026-03-29 16:42:22,623:INFO:Importing libraries
2026-03-29 16:42:22,623:INFO:Copying training dataset
2026-03-29 16:42:22,627:INFO:Defining folds
2026-03-29 16:42:22,627:INFO:Declaring metric variables
2026-03-29 16:42:22,627:INFO:Importing untrained model
2026-03-29 16:42:22,627:INFO:Light Gradient Boosting Machine Imported successfully
2026-03-29 16:42:22,627:INFO:Starting cross validation
2026-03-29 16:42:22,630:INFO:Cross validating with KFold(n_splits=10, random_state=None, shuffle=False), n_jobs=-1
2026-03-29 16:42:26,597:INFO:Calculating mean and std
2026-03-29 16:42:26,597:INFO:Creating metrics dataframe
2026-03-29 16:42:26,598:INFO:Uploading results into container
2026-03-29 16:42:26,598:INFO:Uploading model into container now
2026-03-29 16:42:26,598:INFO:_master_model_container: 17
2026-03-29 16:42:26,598:INFO:_display_container: 2
2026-03-29 16:42:26,598:INFO:LGBMRegressor(n_jobs=-1, random_state=123)
2026-03-29 16:42:26,598:INFO:create_model() successfully completed......................................
2026-03-29 16:42:26,636:INFO:SubProcess create_model() end ==================================
2026-03-29 16:42:26,636:INFO:Creating metrics dataframe
2026-03-29 16:42:26,637:INFO:Initializing Dummy Regressor
2026-03-29 16:42:26,637:INFO:Total runtime is 0.3058083494504293 minutes
2026-03-29 16:42:26,637:INFO:SubProcess create_model() called ==================================
2026-03-29 16:42:26,637:INFO:Initializing create_model()
2026-03-29 16:42:26,637:INFO:create_model(self=<pycaret.regression.oop.RegressionExperiment object at 0x29aeac6d0>, estimator=dummy, fold=KFold(n_splits=10, random_state=None, shuffle=False), round=4, cross_validation=True, predict=True, fit_kwargs={}, groups=None, refit=False, probability_threshold=None, experiment_custom_tags=None, verbose=False, system=False, add_to_model_list=True, metrics=None, display=<pycaret.internal.display.display.CommonDisplay object at 0x2a165ad70>, model_only=True, return_train_score=False, error_score=0.0, kwargs={})
2026-03-29 16:42:26,637:INFO:Checking exceptions
2026-03-29 16:42:26,637:INFO:Importing libraries
2026-03-29 16:42:26,637:INFO:Copying training dataset
2026-03-29 16:42:26,642:INFO:Defining folds
2026-03-29 16:42:26,642:INFO:Declaring metric variables
2026-03-29 16:42:26,642:INFO:Importing untrained model
2026-03-29 16:42:26,642:INFO:Dummy Regressor Imported successfully
2026-03-29 16:42:26,642:INFO:Starting cross validation
2026-03-29 16:42:26,644:INFO:Cross validating with KFold(n_splits=10, random_state=None, shuffle=False), n_jobs=-1
2026-03-29 16:42:27,090:INFO:Calculating mean and std
2026-03-29 16:42:27,090:INFO:Creating metrics dataframe
2026-03-29 16:42:27,091:INFO:Uploading results into container
2026-03-29 16:42:27,091:INFO:Uploading model into container now
2026-03-29 16:42:27,091:INFO:_master_model_container: 18
2026-03-29 16:42:27,091:INFO:_display_container: 2
2026-03-29 16:42:27,091:INFO:DummyRegressor()
2026-03-29 16:42:27,091:INFO:create_model() successfully completed......................................
2026-03-29 16:42:27,130:INFO:SubProcess create_model() end ==================================
2026-03-29 16:42:27,130:INFO:Creating metrics dataframe
2026-03-29 16:42:27,133:WARNING:/Users/lisanguyen/Documents/MLOps-project/.venv/lib/python3.10/site-packages/pycaret/internal/pycaret_experiment/supervised_experiment.py:323: FutureWarning: Styler.applymap has been deprecated. Use Styler.map instead.
  master_display_.apply(

2026-03-29 16:42:27,133:INFO:Initializing create_model()
2026-03-29 16:42:27,133:INFO:create_model(self=<pycaret.regression.oop.RegressionExperiment object at 0x29aeac6d0>, estimator=GradientBoostingRegressor(random_state=123), fold=KFold(n_splits=10, random_state=None, shuffle=False), round=4, cross_validation=False, predict=False, fit_kwargs={}, groups=None, refit=True, probability_threshold=None, experiment_custom_tags=None, verbose=False, system=False, add_to_model_list=True, metrics=None, display=None, model_only=True, return_train_score=False, error_score=0.0, kwargs={})
2026-03-29 16:42:27,133:INFO:Checking exceptions
2026-03-29 16:42:27,134:INFO:Importing libraries
2026-03-29 16:42:27,134:INFO:Copying training dataset
2026-03-29 16:42:27,138:INFO:Defining folds
2026-03-29 16:42:27,138:INFO:Declaring metric variables
2026-03-29 16:42:27,138:INFO:Importing untrained model
2026-03-29 16:42:27,138:INFO:Declaring custom model
2026-03-29 16:42:27,138:INFO:Gradient Boosting Regressor Imported successfully
2026-03-29 16:42:27,140:INFO:Cross validation set to False
2026-03-29 16:42:27,140:INFO:Fitting Model
2026-03-29 16:42:27,682:INFO:GradientBoostingRegressor(random_state=123)
2026-03-29 16:42:27,682:INFO:create_model() successfully completed......................................
2026-03-29 16:42:27,721:INFO:_master_model_container: 18
2026-03-29 16:42:27,721:INFO:_display_container: 2
2026-03-29 16:42:27,721:INFO:GradientBoostingRegressor(random_state=123)
2026-03-29 16:42:27,721:INFO:compare_models() successfully completed......................................
2026-03-29 16:42:27,737:INFO:Initializing save_model()
2026-03-29 16:42:27,738:INFO:save_model(model=GradientBoostingRegressor(random_state=123), model_name=property_evaluator_v1, prep_pipe_=Pipeline(memory=FastMemory(location=/var/folders/k6/8ngcf3nx77l7c565qr86j25m0000gn/T/joblib),
         steps=[('numerical_imputer',
                 TransformerWrapper(include=['Id', 'MSSubClass', 'LotFrontage',
                                             'LotArea', 'OverallQual',
                                             'OverallCond', 'YearBuilt',
                                             'YearRemodAdd', 'MasVnrArea',
                                             'BsmtFinSF1', 'BsmtFinSF2',
                                             'BsmtUnfSF', 'TotalBsmtSF',
                                             '1stFlrSF', '2ndFlrSF',
                                             'LowQualFinSF', 'G...
                                                                    'Condition2',
                                                                    'BldgType',
                                                                    'HouseStyle',
                                                                    'RoofStyle',
                                                                    'RoofMatl',
                                                                    'Exterior1st',
                                                                    'Exterior2nd',
                                                                    'MasVnrType',
                                                                    'ExterQual',
                                                                    'ExterCond',
                                                                    'Foundation',
                                                                    'BsmtQual',
                                                                    'BsmtCond',
                                                                    'BsmtExposure',
                                                                    'BsmtFinType1',
                                                                    'BsmtFinType2',
                                                                    'Heating',
                                                                    'HeatingQC',
                                                                    'Electrical',
                                                                    'KitchenQual',
                                                                    'Functional',
                                                                    'FireplaceQu',
                                                                    'GarageType', ...],
                                                              handle_missing='return_nan',
                                                              use_cat_names=True)))]), verbose=True, use_case=MLUsecase.REGRESSION, kwargs={})
2026-03-29 16:42:27,738:INFO:Adding model into prep_pipe
2026-03-29 16:42:27,757:INFO:property_evaluator_v1.pkl saved in current working directory
2026-03-29 16:42:27,773:INFO:Pipeline(memory=Memory(location=None),
         steps=[('numerical_imputer',
                 TransformerWrapper(include=['Id', 'MSSubClass', 'LotFrontage',
                                             'LotArea', 'OverallQual',
                                             'OverallCond', 'YearBuilt',
                                             'YearRemodAdd', 'MasVnrArea',
                                             'BsmtFinSF1', 'BsmtFinSF2',
                                             'BsmtUnfSF', 'TotalBsmtSF',
                                             '1stFlrSF', '2ndFlrSF',
                                             'LowQualFinSF', 'GrLivArea',
                                             'BsmtFullBath', 'BsmtHalfBath',
                                             'FullBath', 'Hal...
                                                                    'Exterior1st',
                                                                    'Exterior2nd',
                                                                    'MasVnrType',
                                                                    'ExterQual',
                                                                    'ExterCond',
                                                                    'Foundation',
                                                                    'BsmtQual',
                                                                    'BsmtCond',
                                                                    'BsmtExposure',
                                                                    'BsmtFinType1',
                                                                    'BsmtFinType2',
                                                                    'Heating',
                                                                    'HeatingQC',
                                                                    'Electrical',
                                                                    'KitchenQual',
                                                                    'Functional',
                                                                    'FireplaceQu',
                                                                    'GarageType', ...],
                                                              handle_missing='return_nan',
                                                              use_cat_names=True))),
                ('trained_model', GradientBoostingRegressor(random_state=123))])
2026-03-29 16:42:27,773:INFO:save_model() successfully completed......................................
2026-03-29 16:43:32,941:WARNING:
'cuml' is a soft dependency and not included in the pycaret installation. Please run: `pip install cuml` to install.
2026-03-29 16:43:32,941:WARNING:
'cuml' is a soft dependency and not included in the pycaret installation. Please run: `pip install cuml` to install.
2026-03-29 16:43:32,941:WARNING:
'cuml' is a soft dependency and not included in the pycaret installation. Please run: `pip install cuml` to install.
2026-03-29 16:43:32,941:WARNING:
'cuml' is a soft dependency and not included in the pycaret installation. Please run: `pip install cuml` to install.
2026-03-29 16:43:33,145:INFO:Initializing load_model()
2026-03-29 16:43:33,145:INFO:load_model(model_name=property_evaluator_api, platform=None, authentication=None, verbose=True)
2026-03-29 16:45:13,278:WARNING:
'cuml' is a soft dependency and not included in the pycaret installation. Please run: `pip install cuml` to install.
2026-03-29 16:45:13,278:WARNING:
'cuml' is a soft dependency and not included in the pycaret installation. Please run: `pip install cuml` to install.
2026-03-29 16:45:13,278:WARNING:
'cuml' is a soft dependency and not included in the pycaret installation. Please run: `pip install cuml` to install.
2026-03-29 16:45:13,278:WARNING:
'cuml' is a soft dependency and not included in the pycaret installation. Please run: `pip install cuml` to install.
2026-03-29 16:45:13,444:INFO:Initializing load_model()
2026-03-29 16:45:13,444:INFO:load_model(model_name=property_evaluator_api, platform=None, authentication=None, verbose=True)
2026-03-29 17:01:12,867:WARNING:
'cuml' is a soft dependency and not included in the pycaret installation. Please run: `pip install cuml` to install.
2026-03-29 17:01:12,867:WARNING:
'cuml' is a soft dependency and not included in the pycaret installation. Please run: `pip install cuml` to install.
2026-03-29 17:01:12,867:WARNING:
'cuml' is a soft dependency and not included in the pycaret installation. Please run: `pip install cuml` to install.
2026-03-29 17:01:12,867:WARNING:
'cuml' is a soft dependency and not included in the pycaret installation. Please run: `pip install cuml` to install.
2026-03-29 17:01:13,260:INFO:Initializing load_model()
2026-03-29 17:01:13,260:INFO:load_model(model_name=property_evaluator_v1, platform=None, authentication=None, verbose=True)
